timestamp,js_opdi,hellinger_opdi,wasserstein_opdi,proton_density,proton_bulk_speed,proton_thermal,alpha_density,alpha_bulk_speed,alpha_thermal,alpha_proton_ratio,usable_opdi,aditya_swis_files_available,Bx_gse,By_gse,Bz_gse,Bx_gsm,By_gsm,Bz_gsm,mag_quality_flag,bmag_gse,bmag_gsm,aditya_mag_available,omni_Bx_gse,omni_By_gse,omni_Bz_gse,omni_flow_speed,omni_proton_density,omni_temperature,omni_complete,omni_source,aditya_modalities_complete
2024-11-24 00:00:00,,,,,,,,,,,False,False,5.92996621131897,-0.3718644678592682,5.211185455322266,5.92996621131897,-0.29929929971694946,5.218179702758789,1.0,7.871204678703711,7.871204583029076,True,5.48,-0.27,5.83,395.8,6.68,46949.0,True,NASA_CDAWEB_OMNI_HRO_1MIN,False
2024-11-24 00:01:00,,,,,,,,,,,False,False,5.793205261230469,-0.32223041355609894,5.193689584732056,5.793205261230469,-0.2502538412809372,5.198865652084351,1.0,7.80780514748573,7.807805062501845,True,5.54,-0.71,5.76,395.6,6.7,47060.0,True,NASA_CDAWEB_OMNI_HRO_1MIN,False
2024-11-24 00:02:00,,,,,,,,,,,False,False,5.653126955032349,-0.1420626863837242,5.452466726303101,5.653126955032349,-0.06429514102637768,5.45356011390686,1.0,7.863592861331016,7.863592798723882,True,5.48,-0.72,5.8,395.1,6.44,49828.0,True,NASA_CDAWEB_OMNI_HRO_1MIN,False
2024-11-24 00:03:00,,,,,,,,,,,False,False,5.557214975357056,-0.1492406651377678,5.843318939208984,5.557214975357056,-0.06575966812670231,5.843854904174805,1.0,8.059328430458663,8.059328309848626,True,5.39,-0.5,5.92,395.1,6.59,50226.0,True,NASA_CDAWEB_OMNI_HRO_1MIN,False
2024-11-24 00:04:00,,,,,,,,,,,False,False,5.2963762283325195,-0.022260140627622604,6.008862018585205,5.2963762283325195,0.06617132038809359,6.010295391082764,1.0,8.054314050523935,8.054314158125838,True,5.29,-0.47,6.06,395.2,6.84,50870.0,True,NASA_CDAWEB_OMNI_HRO_1MIN,False
2024-11-24 00:05:00,,,,,,,,,,,False,False,5.18404746055603,0.09815240488387644,6.081660032272339,5.18404746055603,0.18922074511647224,6.076970815658569,1.0,7.981472962418588,7.981472885287616,True,5.25,-0.24,6.15,396.0,6.57,47450.0,True,NASA_CDAWEB_OMNI_HRO_1MIN,False
2024-11-24 00:06:00,,,,,,,,,,,False,False,5.724399089813232,-0.18121875077486038,5.47654128074646,5.724399089813232,-0.09911173023283482,5.4777727127075195,1.0,7.947371374183458,7.947371509769365,True,5.36,-0.47,6.04,397.7,6.63,46816.0,True,NASA_CDAWEB_OMNI_HRO_1MIN,False
2024-11-24 00:07:00,,,,,,,,,,,False,False,5.514011383056641,-0.22410641238093376,5.601682662963867,5.514011383056641,-0.13729348219931126,5.6023852825164795,1.0,7.912786230724705,7.912786036530903,True,5.57,-0.23,5.84,393.0,5.73,41044.0,True,NASA_CDAWEB_OMNI_HRO_1MIN,False
2024-11-24 00:08:00,,,,,,,,,,,False,False,5.379993200302124,0.022743872366845608,5.671241521835327,5.379993200302124,0.11369076184928417,5.6657655239105225,1.0,7.80051820100886,7.800518262023099,True,5.15,-0.61,6.14,398.7,5.69,43174.0,True,NASA_CDAWEB_OMNI_HRO_1MIN,False
2024-11-24 00:09:00,,,,,,,,,,,False,False,5.376867771148682,0.5235253870487213,5.472288608551025,5.376867771148682,0.6125541627407074,5.461410760879517,1.0,7.701779450944951,7.701779414217251,True,5.4,-0.14,5.85,399.1,6.77,62611.0,True,NASA_CDAWEB_OMNI_HRO_1MIN,False
2024-11-24 00:10:00,,,,,,,,,,,False,False,5.359606504440308,0.219373669475317,5.7128190994262695,5.359606504440308,0.31338442116975784,5.707429647445679,1.0,7.80953030060018,7.809530268976793,True,5.12,0.67,6.31,396.6,6.13,59458.0,True,NASA_CDAWEB_OMNI_HRO_1MIN,False
2024-11-24 00:11:00,,,,,,,,,,,False,False,5.27479887008667,-0.2585843503475189,5.860204458236694,5.27479887008667,-0.15868674963712692,5.864004373550415,1.0,7.889355424098998,7.889355196428619,True,5.23,1.11,6.25,398.0,5.48,40334.0,True,NASA_CDAWEB_OMNI_HRO_1MIN,False
2024-11-24 00:12:00,,,,,,,,,,,False,False,5.236636161804199,-0.2786433920264244,5.877078294754028,5.236636161804199,-0.17890499159693718,5.880721569061279,1.0,7.888526863072157,7.888526912799559,True,5.33,1.55,6.24,402.9,5.31,42486.0,True,NASA_CDAWEB_OMNI_HRO_1MIN,False
2024-11-24 00:13:00,,,,,,,,,,,False,False,5.178534507751465,-0.12579268589615822,5.887843370437622,5.178534507751465,-0.022010392509400845,5.890657901763916,1.0,7.832414439258244,7.832414639747766,True,5.22,1.38,6.26,402.8,5.41,43913.0,True,NASA_CDAWEB_OMNI_HRO_1MIN,False
2024-11-24 00:14:00,,,,,,,,,,,False,False,5.503713607788086,0.20955617725849152,5.531142711639404,5.503713607788086,0.30738528072834015,5.526211738586426,1.0,7.82239414440037,7.822394168297287,True,4.61,1.65,6.37,402.1,6.24,54309.0,True,NASA_CDAWEB_OMNI_HRO_1MIN,False
2024-11-24 00:15:00,,,,,,,,,,,False,False,5.613277912139893,0.30172981321811676,5.294519901275635,5.613277912139893,0.39638668298721313,5.289328575134277,1.0,7.716480099014897,7.716479942792059,True,4.24,2.54,6.32,403.3,6.51,54076.0,True,NASA_CDAWEB_OMNI_HRO_1MIN,False
2024-11-24 00:16:00,,,,,,,,,,,False,False,5.3074259757995605,0.10406742244958878,5.674628734588623,5.3074259757995605,0.20808761566877365,5.671766519546509,1.0,7.753221373806317,7.753221387306606,True,4.63,2.54,6.08,403.3,6.52,54051.0,True,NASA_CDAWEB_OMNI_HRO_1MIN,False
2024-11-24 00:17:00,,,,,,,,,,,False,False,5.3443920612335205,0.23876094818115234,5.535604000091553,5.3443920612335205,0.34122489392757416,5.5290846824646,1.0,7.726662175054274,7.726662135435473,True,4.87,2.59,5.96,,,,False,NASA_CDAWEB_OMNI_HRO_1MIN,False
2024-11-24 00:18:00,,,,,,,,,,,False,False,4.994899034500122,-0.09283102490007877,5.820245265960693,4.994899034500122,0.022299647331237793,5.822931528091431,1.0,7.693845604380837,7.693845740138221,True,4.92,2.67,5.93,,,,False,NASA_CDAWEB_OMNI_HRO_1MIN,False
2024-11-24 00:19:00,,,,,,,,,,,False,False,5.0444016456604,0.5847049653530121,5.739293336868286,5.0444016456604,0.6957177817821503,5.726897478103638,1.0,7.6617234718051,7.661723649711803,True,4.79,2.93,5.94,,,,False,NASA_CDAWEB_OMNI_HRO_1MIN,False
2024-11-24 00:20:00,,,,,,,,,,,False,False,5.02875828742981,1.1081236004829407,5.488676309585571,5.02875828742981,1.2184134125709534,5.466938495635986,1.0,7.59839213683092,7.598392079765324,True,4.85,2.76,6.14,,,,False,NASA_CDAWEB_OMNI_HRO_1MIN,False
2024-11-24 00:21:00,,,,,,,,,,,False,False,4.6775901317596436,-5.202088117599487,-2.320198178291321,4.6775901317596436,-5.252871036529541,-2.2119787335395813,1.0,7.450492138322041,7.450492187430517,True,4.74,3.42,5.82,407.5,5.33,45057.0,True,NASA_CDAWEB_OMNI_HRO_1MIN,False
2024-11-24 00:22:00,,,,,,,,,,,False,False,5.297347545623779,-5.541181564331055,-1.3213664889335632,5.297347545623779,-5.571398973464966,-1.21201491355896,1.0,7.735291611825695,7.735291498042704,True,5.1,2.33,5.87,407.5,5.33,45057.0,True,NASA_CDAWEB_OMNI_HRO_1MIN,False
2024-11-24 00:23:00,,,,,,,,,,,False,False,5.3904805183410645,-5.3391687870025635,-1.5276850461959839,5.3904805183410645,-5.372962474822998,-1.4187756776809692,1.0,7.750239540929617,7.750239541000631,True,5.59,0.65,5.91,,,,False,NASA_CDAWEB_OMNI_HRO_1MIN,False
2024-11-24 00:24:00,,,,,,,,,,,False,False,5.234325647354126,-5.4558539390563965,-1.9778797626495361,5.234325647354126,-5.497839689254761,-1.863929808139801,1.0,7.730142637948067,7.730142790002092,True,4.82,2.87,5.76,,,,False,NASA_CDAWEB_OMNI_HRO_1MIN,False
2024-11-24 00:25:00,,,,,,,,,,,False,False,5.1716084480285645,-5.430662155151367,-1.3080992102622986,5.1716084480285645,-5.46321177482605,-1.192667543888092,1.0,7.66161279994709,7.661612798670048,True,,,,,,,False,NASA_CDAWEB_OMNI_HRO_1MIN,False
2024-11-24 00:26:00,,,,,,,,,,,False,False,5.185748100280762,-5.443203687667847,-1.242294728755951,5.185748100280762,-5.469216346740723,-1.1257606446743011,1.0,7.625134455727549,7.625134576119548,True,4.7,2.89,5.88,,,,False,NASA_CDAWEB_OMNI_HRO_1MIN,False
2024-11-24 00:27:00,,,,,,,,,,,False,False,4.992763042449951,-5.440047025680542,-1.02960404753685,4.992763042449951,-5.4626853466033936,-0.9135939478874207,1.0,7.436403619073534,7.436403656684444,True,,,,,,,False,NASA_CDAWEB_OMNI_HRO_1MIN,False
2024-11-24 00:28:00,,,,,,,,,,,False,False,5.439143419265747,-5.083817005157471,-1.2001351118087769,5.439143419265747,-5.1064839363098145,-1.0872910618782043,1.0,7.447543074407941,7.447542983385707,True,5.03,3.42,5.58,405.6,6.14,54088.0,True,NASA_CDAWEB_OMNI_HRO_1MIN,False
2024-11-24 00:29:00,,,,,,,,,,,False,False,4.802055358886719,-5.416620492935181,-1.3826665878295898,4.802055358886719,-5.4448771476745605,-1.2568201422691345,1.0,7.376741607440636,7.376741380666788,True,4.81,3.65,5.63,405.6,6.14,54088.0,True,NASA_CDAWEB_OMNI_HRO_1MIN,False
2024-11-24 00:30:00,,,,,,,,,,,False,False,4.681143522262573,-5.63568377494812,-1.3090407252311707,4.681143522262573,-5.668646812438965,-1.178982675075531,1.0,7.539244425854378,7.539244261863461,True,5.12,3.09,5.84,405.6,6.14,54088.0,True,NASA_CDAWEB_OMNI_HRO_1MIN,False
2024-11-24 00:31:00,,,,,,,,,,,False,False,5.001274585723877,-5.574735879898071,-1.327379286289215,5.001274585723877,-5.598880052566528,-1.197607696056366,1.0,7.627072947731524,7.627072924558544,True,5.46,1.5,5.85,,,,False,NASA_CDAWEB_OMNI_HRO_1MIN,False
2024-11-24 00:32:00,,,,,,,,,,,False,False,5.5591700077056885,-4.849300146102905,-1.1431149542331696,5.5591700077056885,-4.883551120758057,-1.02845099568367,1.0,7.561872877324861,7.561872808849424,True,6.09,-0.2,5.39,,,,False,NASA_CDAWEB_OMNI_HRO_1MIN,False
2024-11-24 00:33:00,,,,,,,,,,,False,False,5.170093536376953,-5.302958965301514,-0.29759230464696884,5.170093536376953,-5.30861759185791,-0.1687291320413351,1.0,7.444544038442263,7.444544179965522,True,5.96,0.54,5.62,,,,False,NASA_CDAWEB_OMNI_HRO_1MIN,False
2024-11-24 00:34:00,,,,,,,,,,,False,False,4.975125312805176,-5.365214824676514,-1.430823802947998,4.975125312805176,-5.387184381484985,-1.294321060180664,1.0,7.45626847339569,7.456268424820189,True,,,,,,,False,NASA_CDAWEB_OMNI_HRO_1MIN,False
2024-11-24 00:35:00,,,,,,,,,,,False,False,4.911553859710693,-4.7710607051849365,-1.4787500500679016,4.911553859710693,-4.829846143722534,-1.3550446033477783,1.0,7.22555862873274,7.225558696943606,True,5.45,0.01,6.21,,,,False,NASA_CDAWEB_OMNI_HRO_1MIN,False
2024-11-24 00:36:00,,,,,,,,,,,False,False,5.18693208694458,-4.207082509994507,0.4512982591986656,5.18693208694458,-4.168841123580933,0.5632664263248444,1.0,6.608234795953514,6.608234862738627,True,5.74,-0.27,5.9,,,,False,NASA_CDAWEB_OMNI_HRO_1MIN,False
2024-11-24 00:37:00,,,,,,,,,,,False,False,5.318737506866455,-3.9469345808029175,1.3285850286483765,5.318737506866455,-3.902322769165039,1.4285677075386047,1.0,6.988365038932679,6.988365143469885,True,5.79,-0.27,5.74,,,,False,NASA_CDAWEB_OMNI_HRO_1MIN,False
2024-11-24 00:38:00,,,,,,,,,,,False,False,5.339428424835205,-4.733036518096924,-0.06865379214286804,5.339428424835205,-4.72300386428833,0.04342430457472801,1.0,7.142415175427048,7.14241509978014,True,5.84,-0.14,5.76,,,,False,NASA_CDAWEB_OMNI_HRO_1MIN,False
2024-11-24 00:39:00,,,,,,,,,,,False,False,5.111758470535278,-4.975279808044434,-1.3388736248016357,5.111758470535278,-5.013246774673462,-1.2014886140823364,1.0,7.355647804777632,7.355647846471146,True,5.68,-0.41,5.85,,,,False,NASA_CDAWEB_OMNI_HRO_1MIN,False
2024-11-24 00:40:00,,,,,,,,,,,False,False,5.0049450397491455,-5.106039524078369,-2.235427975654602,5.0049450397491455,-5.168272018432617,-2.0980639457702637,1.0,7.510362424206741,7.510362499213101,True,5.73,-1.22,5.36,,,,False,NASA_CDAWEB_OMNI_HRO_1MIN,False
2024-11-24 00:41:00,,,,,,,,,,,False,False,4.918848991394043,-5.06488037109375,-2.1447190046310425,4.918848991394043,-5.122063636779785,-2.0058090686798096,1.0,7.415687545275447,7.41568738027755,True,5.97,-1.69,4.82,396.6,6.42,63942.0,True,NASA_CDAWEB_OMNI_HRO_1MIN,False
2024-11-24 00:42:00,,,,,,,,,,,False,False,4.727746963500977,-5.247986793518066,-2.045466423034668,4.727746963500977,-5.3043999671936035,-1.900179147720337,1.0,7.373852386299982,7.373852436742757,True,5.94,-3.12,3.75,396.6,6.42,63942.0,True,NASA_CDAWEB_OMNI_HRO_1MIN,False
2024-11-24 00:43:00,,,,,,,,,,,False,False,5.123537302017212,-4.99629545211792,-1.9906939268112183,5.123537302017212,-5.052647590637207,-1.8440871238708496,1.0,7.404017110569465,7.404017204673062,True,5.09,-3.57,2.17,405.8,6.21,63977.0,True,NASA_CDAWEB_OMNI_HRO_1MIN,False
2024-11-24 00:44:00,,,,,,,,,,,False,False,4.893439769744873,-5.046483278274536,-2.1657485961914062,4.893439769744873,-5.105473041534424,-2.013662874698639,1.0,7.287945976954687,7.28794624113608,True,4.01,-6.44,-1.09,417.7,5.92,64021.0,True,NASA_CDAWEB_OMNI_HRO_1MIN,False
2024-11-24 00:45:00,,,,,,,,,,,False,False,4.071929216384888,-5.630198955535889,-2.334875464439392,4.071929216384888,-5.692374229431152,-2.1694118976593018,1.0,7.39547843135929,7.395478569770324,True,3.82,-6.09,-1.62,417.7,5.92,64021.0,True,NASA_CDAWEB_OMNI_HRO_1MIN,False
2024-11-24 00:46:00,,,,,,,,,,,False,False,3.896428942680359,-5.6792378425598145,-2.5757280588150024,3.896428942680359,-5.752858638763428,-2.4068127870559692,1.0,7.345965152608482,7.345965454039597,True,3.26,-6.49,-2.51,407.0,6.16,89912.0,True,NASA_CDAWEB_OMNI_HRO_1MIN,False
2024-11-24 00:47:00,,,,,,,,,,,False,False,4.3299314975738525,-5.268104791641235,-2.962990164756775,4.3299314975738525,-5.339253902435303,-2.799444556236267,1.0,7.39570468844464,7.395704599253333,True,3.16,-6.09,-2.71,409.6,6.04,85900.0,True,NASA_CDAWEB_OMNI_HRO_1MIN,False
2024-11-24 00:48:00,,,,,,,,,,,False,False,4.515782356262207,-4.692516565322876,-2.2183492183685303,4.515782356262207,-4.7594194412231445,-2.0715059638023376,1.0,6.915675342946505,6.915675196959057,True,2.91,-6.2,-3.31,420.3,5.69,72659.0,True,NASA_CDAWEB_OMNI_HRO_1MIN,False
2024-11-24 00:49:00,,,,,,,,,,,False,False,3.9462746381759644,-4.482754707336426,-1.7412173748016357,3.9462746381759644,-4.530540466308594,-1.6002588868141174,1.0,6.151481827393937,6.151481970199843,True,3.65,-6.51,-1.53,412.9,5.82,75963.0,True,NASA_CDAWEB_OMNI_HRO_1MIN,False
2024-11-24 00:50:00,,,,,,,,,,,False,False,2.181008219718933,-3.3776185512542725,-2.6774940490722656,2.181008219718933,-3.453876495361328,-2.5699713230133057,1.0,4.853596465521013,4.853596461419556,True,3.86,-6.81,-0.05,411.3,5.87,75251.0,True,NASA_CDAWEB_OMNI_HRO_1MIN,False
2024-11-24 00:51:00,,,,,,,,,,,False,False,3.1052552461624146,-3.381891369819641,-2.514369487762451,3.1052552461624146,-3.467598080635071,-2.4063453674316406,1.0,5.288106407387099,5.288106407088561,True,3.97,-6.78,0.03,,,,False,NASA_CDAWEB_OMNI_HRO_1MIN,False
2024-11-24 00:52:00,,,,,,,,,,,False,False,3.3454655408859253,-3.74785053730011,-1.9090825915336609,3.3454655408859253,-3.81903338432312,-1.7844806909561157,1.0,5.388163274160258,5.388163157022281,True,4.15,-6.51,-0.68,,,,False,NASA_CDAWEB_OMNI_HRO_1MIN,False
2024-11-24 00:53:00,,,,,,,,,,,False,False,4.290600538253784,-3.504323363304138,0.28102751821279526,4.290600538253784,-3.4965256452560425,0.3929672986268997,1.0,5.630693887750207,5.630693842923321,True,4.07,-6.27,-0.39,411.1,5.9,84835.0,True,NASA_CDAWEB_OMNI_HRO_1MIN,False
2024-11-24 00:54:00,,,,,,,,,,,False,False,4.3940348625183105,-3.4500892162323,-0.34099280834198,4.3940348625183105,-3.466094970703125,-0.21731971204280853,1.0,5.63874636256839,5.638746373852716,True,4.09,-6.21,-0.31,410.4,5.89,85355.0,True,NASA_CDAWEB_OMNI_HRO_1MIN,False
2024-11-24 00:55:00,,,,,,,,,,,False,False,4.807873487472534,-2.2349377870559692,-0.4357307106256485,4.807873487472534,-2.244105577468872,-0.3637763261795044,1.0,5.431607404090466,5.431607418349087,True,4.4,-6.01,0.1,410.2,5.88,85465.0,True,NASA_CDAWEB_OMNI_HRO_1MIN,False
2024-11-24 00:56:00,,,,,,,,,,,False,False,4.577854633331299,-3.090831995010376,-0.8132189512252808,4.577854633331299,-3.1083014011383057,-0.7186736613512039,1.0,5.622011487477697,5.62201146837873,True,4.66,-5.39,0.56,411.8,5.86,86353.0,True,NASA_CDAWEB_OMNI_HRO_1MIN,False
2024-11-24 00:57:00,,,,,,,,,,,False,False,4.57969069480896,-3.083894968032837,-1.3867979645729065,4.57969069480896,-3.1447794437408447,-1.275227427482605,1.0,5.724209813219277,5.724209772290907,True,4.81,-4.96,0.97,411.8,5.86,86353.0,True,NASA_CDAWEB_OMNI_HRO_1MIN,False
2024-11-24 00:58:00,,,,,,,,,,,False,False,4.098065972328186,-3.806937575340271,-0.7763184607028961,4.098065972328186,-3.8307528495788574,-0.6495573818683624,1.0,5.590002805927344,5.590002731325901,True,4.07,-5.57,1.77,407.0,7.32,136101.0,True,NASA_CDAWEB_OMNI_HRO_1MIN,False
2024-11-24 00:59:00,,,,,,,,,,,False,False,3.4211658239364624,-4.173456430435181,0.2510416731238365,3.4211658239364624,-4.136553883552551,0.41063879430294037,1.0,5.586832178641599,5.58683199579377,True,4.94,-5.08,1.21,407.0,7.32,136101.0,True,NASA_CDAWEB_OMNI_HRO_1MIN,False
2024-11-24 01:00:00,,,,,,,,,,,False,False,3.4611414670944214,-4.171378135681152,0.8078701198101044,3.4611414670944214,-4.139336824417114,0.9554450511932373,1.0,5.4802396021255255,5.480239750506797,True,4.56,-5.25,2.07,,,,False,NASA_CDAWEB_OMNI_HRO_1MIN,False
2024-11-24 01:01:00,,,,,,,,,,,False,False,4.297608375549316,-3.235635757446289,-0.251373503357172,4.297608375549316,-3.2390353679656982,-0.12746739014983177,1.0,5.394901324050018,5.3949013641639,True,4.39,-4.93,2.81,,,,False,NASA_CDAWEB_OMNI_HRO_1MIN,False
2024-11-24 01:02:00,,,,,,,,,,,False,False,3.7320364713668823,-3.83123779296875,0.22428733855485916,3.7320364713668823,-3.8098665475845337,0.36937688291072845,1.0,5.382637135282474,5.382637049197511,True,4.5,-4.24,1.66,406.9,6.15,101304.0,True,NASA_CDAWEB_OMNI_HRO_1MIN,False
2024-11-24 01:03:00,,,,,,,,,,,False,False,3.92113995552063,-3.427885890007019,0.8326383233070374,3.92113995552063,-3.3918102979660034,0.9572963714599609,1.0,5.374025994589664,5.3740260241764135,True,3.93,-2.65,3.65,406.9,6.15,101304.0,True,NASA_CDAWEB_OMNI_HRO_1MIN,False
2024-11-24 01:04:00,,,,,,,,,,,False,False,3.8924368619918823,-3.7184863090515137,0.31542083248496056,3.8924368619918823,-3.7059816122055054,0.45166635513305664,1.0,5.444886059796788,5.444886074039561,True,3.87,-2.87,3.15,,,,False,NASA_CDAWEB_OMNI_HRO_1MIN,False
2024-11-24 01:05:00,,,,,,,,,,,False,False,3.8868695497512817,-3.6435052156448364,0.9079552590847015,3.8868695497512817,-3.615081787109375,1.0454636216163635,1.0,5.389720272103801,5.389720334993745,True,2.29,-5.0,-1.73,426.7,6.99,126630.0,True,NASA_CDAWEB_OMNI_HRO_1MIN,False
2024-11-24 01:06:00,,,,,,,,,,,False,False,3.8480238914489746,-3.9011709690093994,0.6513910293579102,3.8480238914489746,-3.8813523054122925,0.8087651431560516,1.0,5.539504399648862,5.539504318877386,True,2.04,-4.79,-2.12,427.8,6.89,121954.0,True,NASA_CDAWEB_OMNI_HRO_1MIN,False
2024-11-24 01:07:00,,,,,,,,,,,False,False,3.7613011598587036,-4.1941516399383545,0.7343565225601196,3.7613011598587036,-4.160216331481934,0.9014968276023865,1.0,5.71544067195526,5.715440578534363,True,2.01,-5.01,-1.92,430.6,7.04,122897.0,True,NASA_CDAWEB_OMNI_HRO_1MIN,False
2024-11-24 01:08:00,,,,,,,,,,,False,False,3.5431323051452637,-4.5622923374176025,0.7060420215129852,3.5431323051452637,-4.528544902801514,0.8826174736022949,1.0,5.811176627143343,5.81117665535747,True,0.94,-5.52,-1.53,435.0,6.98,116828.0,True,NASA_CDAWEB_OMNI_HRO_1MIN,False
2024-11-24 01:09:00,,,,,,,,,,,False,False,3.045621156692505,-4.468034267425537,0.6492571532726288,3.045621156692505,-4.439873218536377,0.8341965675354004,1.0,5.469874039833073,5.469873883848836,True,1.01,-5.4,-2.15,434.6,7.08,120539.0,True,NASA_CDAWEB_OMNI_HRO_1MIN,False
2024-11-24 01:10:00,,,,,,,,,,,False,False,3.04671847820282,-4.405945539474487,0.8458428978919983,3.04671847820282,-4.365910053253174,1.0217393636703491,1.0,5.473735909851122,5.4737360617360995,True,0.85,-5.85,-1.04,428.1,7.22,127962.0,True,NASA_CDAWEB_OMNI_HRO_1MIN,False
2024-11-24 01:11:00,,,,,,,,,,,False,False,2.3526570796966553,-4.974837303161621,0.6011002361774445,2.3526570796966553,-4.947659969329834,0.8145141303539276,1.0,5.576195586213443,5.576195400163612,True,1.42,-5.58,-0.83,428.1,7.22,127962.0,True,NASA_CDAWEB_OMNI_HRO_1MIN,False
2024-11-24 01:12:00,,,,,,,,,,,False,False,3.9435200691223145,-3.5566470623016357,1.2396076321601868,3.9435200691223145,-3.500409483909607,1.389481544494629,1.0,5.462508980943397,5.462508949360793,True,2.13,-5.19,-0.32,423.7,6.26,135070.0,True,NASA_CDAWEB_OMNI_HRO_1MIN,False
2024-11-24 01:13:00,,,,,,,,,,,False,False,3.82698130607605,-3.4943931102752686,1.088727056980133,3.82698130607605,-3.4401187896728516,1.2367174625396729,1.0,5.283215724027024,5.283215689741969,True,0.17,-5.52,-1.88,433.0,6.41,112104.0,True,NASA_CDAWEB_OMNI_HRO_1MIN,False
2024-11-24 01:14:00,,,,,,,,,,,False,False,4.053468227386475,-3.5029451847076416,0.9358803629875183,4.053468227386475,-3.4548057317733765,1.0872302651405334,1.0,5.387880571074938,5.3878806076758385,True,0.35,-5.56,-1.93,438.0,6.49,99628.0,True,NASA_CDAWEB_OMNI_HRO_1MIN,False
2024-11-24 01:15:00,,,,,,,,,,,False,False,4.504393100738525,-2.471587300300598,0.9730658531188965,4.504393100738525,-2.418276309967041,1.0912367701530457,1.0,5.293421803194541,5.293421831379289,True,0.78,-5.57,-1.64,430.6,7.16,121150.0,True,NASA_CDAWEB_OMNI_HRO_1MIN,False
2024-11-24 01:16:00,,,,,,,,,,,False,False,4.657833576202393,-2.7640604972839355,0.4821167588233948,4.657833576202393,-2.7399522066116333,0.5922270715236664,1.0,5.359905695470039,5.359905703575954,True,-0.63,-5.69,-0.7,434.5,6.79,109597.0,True,NASA_CDAWEB_OMNI_HRO_1MIN,False
2024-11-24 01:17:00,,,,,,,,,,,False,False,4.014625072479248,-3.453556537628174,0.014209097251296043,4.014625072479248,-3.4464240074157715,0.1691562794148922,1.0,5.314387813338328,5.3143878139214715,True,-0.21,-5.76,-0.56,440.3,6.36,95890.0,True,NASA_CDAWEB_OMNI_HRO_1MIN,False
2024-11-24 01:18:00,,,,,,,,,,,False,False,3.955001711845398,-3.4237749576568604,-0.004068329930305481,3.955001711845398,-3.4204981327056885,0.1501607820391655,1.0,5.281910362958284,5.281910388438213,True,1.03,-5.72,-0.46,,,,False,NASA_CDAWEB_OMNI_HRO_1MIN,False
2024-11-24 01:19:00,,,,,,,,,,,False,False,3.2672916650772095,-4.0930397510528564,-1.068966031074524,3.2672916650772095,-4.132229804992676,-0.8851006329059601,1.0,5.364690981051085,5.364690939399682,True,0.72,-5.82,-0.68,428.8,7.4,135809.0,True,NASA_CDAWEB_OMNI_HRO_1MIN,False
2024-11-24 01:20:00,,,,,,,,,,,False,False,3.610887885093689,-3.80293071269989,-1.335212767124176,3.610887885093689,-3.865251898765564,-1.1602889895439148,1.0,5.481723601832352,5.481723607967966,True,0.9,-5.72,-0.86,436.0,6.87,112685.0,True,NASA_CDAWEB_OMNI_HRO_1MIN,False
2024-11-24 01:21:00,,,,,,,,,,,False,False,3.795504927635193,-3.5391961336135864,-0.954622432589531,3.795504927635193,-3.579738736152649,-0.7886624112725258,1.0,5.337825973612429,5.33782597940405,True,0.45,-5.63,-0.5,437.4,7.21,128193.0,True,NASA_CDAWEB_OMNI_HRO_1MIN,False
2024-11-24 01:22:00,,,,,,,,,,,False,False,3.1337170600891113,-4.101996898651123,-2.243425488471985,3.1337170600891113,-4.197497844696045,-2.0550984144210815,1.0,5.581435000950943,5.5814349678616795,True,-0.71,-5.49,-1.21,426.4,6.92,129570.0,True,NASA_CDAWEB_OMNI_HRO_1MIN,False
2024-11-24 01:23:00,,,,,,,,,,,False,False,3.290022134780884,-3.451334595680237,2.188847303390503,3.290022134780884,-3.3410520553588867,2.3340734243392944,1.0,4.97840663338619,4.978406647372617,True,0.33,-5.73,-0.59,434.9,7.03,117765.0,True,NASA_CDAWEB_OMNI_HRO_1MIN,False
2024-11-24 01:24:00,,,,,,,,,,,False,False,4.5799641609191895,-2.0185804963111877,0.3666197508573532,4.5799641609191895,-2.0156760215759277,0.39567677676677704,1.0,5.130471908452085,5.130471925136405,True,1.1,-5.49,0.56,435.9,7.05,116649.0,True,NASA_CDAWEB_OMNI_HRO_1MIN,False
2024-11-24 01:25:00,,,,,,,,,,,False,False,4.130040884017944,-2.9875298738479614,-0.09034627676010132,4.130040884017944,-2.9977885484695435,0.06879990547895432,1.0,5.1782726447447445,5.1782727101310595,True,0.76,-5.4,-0.51,435.9,7.05,116649.0,True,NASA_CDAWEB_OMNI_HRO_1MIN,False
2024-11-24 01:26:00,,,,,,,,,,,False,False,4.489039897918701,-2.441611409187317,-0.10063639283180237,4.489039897918701,-2.443539619445801,0.020184606313705444,1.0,5.416026751306099,5.416026745635486,True,0.89,-5.29,-0.23,431.9,6.68,107935.0,True,NASA_CDAWEB_OMNI_HRO_1MIN,False
2024-11-24 01:27:00,,,,,,,,,,,False,False,3.91079044342041,-3.3845964670181274,1.7614050507545471,3.91079044342041,-3.3080549240112305,1.9266053438186646,1.0,5.442687486689523,5.442687527199965,True,1.41,-4.88,-0.47,430.0,6.69,110528.0,True,NASA_CDAWEB_OMNI_HRO_1MIN,False
2024-11-24 01:28:00,,,,,,,,,,,False,False,3.0350738763809204,-4.354119300842285,1.6552532315254211,3.0350738763809204,-4.270373106002808,1.8867791295051575,1.0,5.545179823007887,5.545179776961742,True,0.69,-5.21,0.2,428.0,6.7,113431.0,True,NASA_CDAWEB_OMNI_HRO_1MIN,False
2024-11-24 01:29:00,,,,,,,,,,,False,False,1.8824317455291748,-5.305948257446289,0.9496191143989563,1.8824317455291748,-5.251541614532471,1.2190754413604736,1.0,5.714345510495184,5.714345699698027,True,0.79,-5.33,1.77,,,,False,NASA_CDAWEB_OMNI_HRO_1MIN,False
2024-11-24 01:30:00,,,,,,,,,,,False,False,1.98210209608078,-5.418449640274048,-0.249010868370533,1.98210209608078,-5.426480054855347,0.036299873143434525,1.0,5.795190548161544,5.795190472728874,True,1.35,-5.29,-0.66,,,,False,NASA_CDAWEB_OMNI_HRO_1MIN,False
2024-11-24 01:31:00,,,,,,,,,,,False,False,1.593983769416809,-5.557292461395264,0.7794744074344635,1.593983769416809,-5.50989031791687,1.0636777877807617,1.0,5.8266223376848965,5.826622226117446,True,2.38,-5.24,-0.59,417.6,7.27,150525.0,True,NASA_CDAWEB_OMNI_HRO_1MIN,False
2024-11-24 01:32:00,,,,,,,,,,,False,False,1.542982816696167,-5.588040113449097,1.0196593403816223,1.542982816696167,-5.525343179702759,1.3111737966537476,1.0,5.89008666377736,5.890086782297333,True,2.44,-5.1,-0.45,422.0,7.26,146030.0,True,NASA_CDAWEB_OMNI_HRO_1MIN,False
2024-11-24 01:33:00,,,,,,,,,,,False,False,2.0507590770721436,-5.193014860153198,0.951653003692627,2.0507590770721436,-5.145105600357056,1.2273330688476562,1.0,5.65588068229814,5.655880651684148,True,1.62,-5.44,-1.06,432.8,7.24,135127.0,True,NASA_CDAWEB_OMNI_HRO_1MIN,False
2024-11-24 01:34:00,,,,,,,,,,,False,False,2.125722289085388,-5.428399085998535,0.5719777196645737,2.125722289085388,-5.398270130157471,0.8629577159881592,1.0,5.866096590560753,5.866096356626352,True,2.51,-4.9,-0.71,423.0,7.64,158907.0,True,NASA_CDAWEB_OMNI_HRO_1MIN,False
2024-11-24 01:35:00,,,,,,,,,,,False,False,2.381164073944092,-5.369560480117798,0.5274414420127869,2.381164073944092,-5.338274002075195,0.8146169483661652,1.0,5.908204164980509,5.908204225013111,True,2.3,-5.08,-0.59,423.0,7.64,158907.0,True,NASA_CDAWEB_OMNI_HRO_1MIN,False
2024-11-24 01:36:00,,,,,,,,,,,False,False,2.6732674837112427,-5.3807713985443115,0.19779042527079582,2.6732674837112427,-5.366800785064697,0.4797097444534302,1.0,5.974206296082672,5.974206110392629,True,2.82,-4.88,-0.06,432.9,7.19,114218.0,True,NASA_CDAWEB_OMNI_HRO_1MIN,False
2024-11-24 01:37:00,,,,,,,,,,,False,False,3.572645902633667,-4.452551364898682,0.29589247703552246,3.572645902633667,-4.428106307983398,0.5382813513278961,1.0,5.761886238606838,5.761886350612807,True,3.78,-4.36,0.64,432.9,7.19,114218.0,True,NASA_CDAWEB_OMNI_HRO_1MIN,False
2024-11-24 01:38:00,,,,,,,,,,,False,False,3.2559181451797485,-4.906325817108154,0.001719944179058075,3.2559181451797485,-4.929226875305176,0.2660108506679535,1.0,5.833180713246388,5.833180723873858,True,1.88,-5.66,-0.32,426.1,6.88,130254.0,True,NASA_CDAWEB_OMNI_HRO_1MIN,False
2024-11-24 01:39:00,,,,,,,,,,,False,False,3.3871612548828125,-4.93902325630188,-0.7953155934810638,3.3871612548828125,-4.96489691734314,-0.5171296447515488,1.0,6.008148688359029,6.008148543328456,True,1.88,-4.89,-1.12,423.5,6.77,136446.0,True,NASA_CDAWEB_OMNI_HRO_1MIN,False
2024-11-24 01:40:00,,,,,,,,,,,False,False,3.1438748836517334,-4.833429336547852,-1.2107625007629395,3.1438748836517334,-4.897437572479248,-0.9322662055492401,1.0,5.905086528518625,5.905086434186682,True,,,,,,,False,NASA_CDAWEB_OMNI_HRO_1MIN,False
2024-11-24 01:41:00,,,,,,,,,,,False,False,3.2307889461517334,-4.790722131729126,-1.0879141092300415,3.2307889461517334,-4.867997884750366,-0.8034423589706421,1.0,5.885669675129795,5.885669769729318,True,,,,,,,False,NASA_CDAWEB_OMNI_HRO_1MIN,False
2024-11-24 01:42:00,,,,,,,,,,,False,False,3.615010380744934,-4.354197025299072,-1.5687124133110046,3.615010380744934,-4.441019296646118,-1.3066259026527405,1.0,5.847006457775888,5.847006443332153,True,,,,,,,False,NASA_CDAWEB_OMNI_HRO_1MIN,False
2024-11-24 01:43:00,,,,,,,,,,,False,False,3.060049057006836,-4.824856519699097,-1.6673904061317444,3.060049057006836,-4.901743650436401,-1.380494773387909,1.0,5.944251384815945,5.944251415694141,True,4.61,-3.42,1.62,,,,False,NASA_CDAWEB_OMNI_HRO_1MIN,False
2024-11-24 01:44:00,,,,,,,,,,,False,False,2.423200249671936,-5.169100999832153,-2.014347732067108,2.423200249671936,-5.2893524169921875,-1.7081660628318787,1.0,5.999734085878154,5.999734108542208,True,4.61,-3.42,1.62,,,,False,NASA_CDAWEB_OMNI_HRO_1MIN,False
2024-11-24 01:45:00,,,,,,,,,,,False,False,2.662882447242737,-5.039968729019165,-1.6847580075263977,2.662882447242737,-5.130780220031738,-1.3710704445838928,1.0,5.939765996350829,5.939766010071038,True,4.55,-3.44,1.55,,,,False,NASA_CDAWEB_OMNI_HRO_1MIN,False
2024-11-24 01:46:00,,,,,,,,,,,False,False,2.6680965423583984,-4.674975872039795,-1.8239387273788452,2.6680965423583984,-4.7781081199646,-1.5335494875907898,1.0,5.72796074585124,5.7279604929980295,True,4.51,-3.47,1.55,,,,False,NASA_CDAWEB_OMNI_HRO_1MIN,False
2024-11-24 01:47:00,,,,,,,,,,,False,False,2.0794556736946106,-5.236828804016113,-1.4920325875282288,2.0794556736946106,-5.318846940994263,-1.1572962999343872,1.0,5.747416224319714,5.747416259069342,True,,,,,,,False,NASA_CDAWEB_OMNI_HRO_1MIN,False
2024-11-24 01:48:00,,,,,,,,,,,False,False,2.3715996742248535,-5.217956066131592,-1.3551404476165771,2.3715996742248535,-5.2926249504089355,-1.0255966186523438,1.0,5.8896149070440424,5.8896149349725375,True,4.23,-3.7,1.59,,,,False,NASA_CDAWEB_OMNI_HRO_1MIN,False
2024-11-24 01:49:00,,,,,,,,,,,False,False,2.6555365324020386,-4.7604005336761475,-1.1308918595314026,2.6555365324020386,-4.8335182666778564,-0.8231133818626404,1.0,5.670135623366315,5.670135614760034,True,3.8,-4.27,1.07,416.8,6.87,152280.0,True,NASA_CDAWEB_OMNI_HRO_1MIN,False
2024-11-24 01:50:00,,,,,,,,,,,False,False,3.1460213661193848,-4.456427812576294,0.1097728181630373,3.1460213661193848,-4.4403533935546875,0.39394383132457733,1.0,5.454849343380824,5.454849326167434,True,3.65,-4.41,0.7,417.4,7.11,156412.0,True,NASA_CDAWEB_OMNI_HRO_1MIN,False
2024-11-24 01:51:00,,,,,,,,,,,False,False,4.6334099769592285,-2.0939754247665405,2.0569974184036255,4.6334099769592285,-1.9577134847640991,2.176611542701721,1.0,5.506246936496143,5.506246928654193,True,4.89,-2.82,1.62,417.7,7.53,169451.0,True,NASA_CDAWEB_OMNI_HRO_1MIN,False
2024-11-24 01:52:00,,,,,,,,,,,False,False,4.922551155090332,-1.8760515451431274,1.4959779381752014,4.922551155090332,-1.8024159669876099,1.6749093532562256,1.0,5.571012815667309,5.571012792710338,True,5.27,-1.71,2.34,413.1,7.05,179964.0,True,NASA_CDAWEB_OMNI_HRO_1MIN,False
2024-11-24 01:53:00,,,,,,,,,,,False,False,4.832887887954712,-2.8448615074157715,1.0621268153190613,4.832887887954712,-2.7680011987686157,1.235552966594696,1.0,5.775836870568053,5.775836827919504,True,5.38,-1.1,2.39,406.1,7.49,119913.0,True,NASA_CDAWEB_OMNI_HRO_1MIN,False
2024-11-24 01:54:00,,,,,,,,,,,False,False,3.8737425804138184,-3.6240862607955933,-0.9450172185897827,3.8737425804138184,-3.678944945335388,-0.7016595005989075,1.0,5.398910172172851,5.3989102133292395,True,4.86,-1.1,3.05,406.1,7.49,119913.0,True,NASA_CDAWEB_OMNI_HRO_1MIN,False
2024-11-24 01:55:00,,,,,,,,,,,False,False,3.305373787879944,-3.8739041090011597,-2.4701050519943237,3.305373787879944,-4.01581597328186,-2.1808913946151733,1.0,5.653836849385316,5.6538367538768375,True,3.84,-4.41,0.45,,,,False,NASA_CDAWEB_OMNI_HRO_1MIN,False
2024-11-24 01:56:00,,,,,,,,,,,False,False,2.3068706393241882,-3.6558510065078735,-3.641998052597046,2.3068706393241882,-3.9451602697372437,-3.3861193656921387,1.0,5.849800553393856,5.849800416614,True,4.9,-2.13,1.8,406.8,7.26,142884.0,True,NASA_CDAWEB_OMNI_HRO_1MIN,False
2024-11-24 01:57:00,,,,,,,,,,,False,False,-0.4091655984520912,-3.84248948097229,-4.7939276695251465,-0.4091655984520912,-4.162046909332275,-4.519278049468994,1.0,6.129730950643206,6.129731114430925,True,4.75,-2.08,2.01,407.7,7.14,148361.0,True,NASA_CDAWEB_OMNI_HRO_1MIN,False
2024-11-24 01:58:00,,,,,,,,,,,False,False,1.0070994198322296,-4.321237325668335,-3.4213982820510864,1.0070994198322296,-4.539130926132202,-3.1110732555389404,1.0,5.729305447366825,5.729305480645705,True,4.9,-2.4,1.2,412.2,7.16,169762.0,True,NASA_CDAWEB_OMNI_HRO_1MIN,False
2024-11-24 01:59:00,,,,,,,,,,,False,False,2.1982721090316772,-4.27294135093689,-2.486609697341919,2.1982721090316772,-4.474015235900879,-2.197872757911682,1.0,5.336036571109293,5.33603679919357,True,4.53,-2.93,1.44,413.4,7.23,172455.0,True,NASA_CDAWEB_OMNI_HRO_1MIN,False
2024-11-24 02:00:00,,,,,,,,,,,False,False,-0.7054567635059357,-4.0941139459609985,-4.125864267349243,-0.7054567635059357,-4.374758958816528,-3.826993227005005,1.0,5.907894106642969,5.9078940481252555,True,4.94,-2.34,1.21,402.6,7.12,125360.0,True,NASA_CDAWEB_OMNI_HRO_1MIN,False
2024-11-24 02:01:00,,,,,,,,,,,False,False,0.9852796196937561,-4.543446779251099,-3.7118862867355347,0.9852796196937561,-4.773208856582642,-3.3890973329544067,1.0,5.915025478106859,5.915025446800696,True,4.62,-3.02,1.27,402.6,7.12,125360.0,True,NASA_CDAWEB_OMNI_HRO_1MIN,False
2024-11-24 02:02:00,,,,,,,,,,,False,False,3.007769823074341,-3.8590879440307617,-2.3866450786590576,3.007769823074341,-4.020760536193848,-2.1028197407722473,1.0,5.711097073979164,5.7110969918889225,True,4.64,-2.96,0.96,,,,False,NASA_CDAWEB_OMNI_HRO_1MIN,False
2024-11-24 02:03:00,,,,,,,,,,,False,False,3.9883123636245728,-3.472386598587036,-1.9078291058540344,3.9883123636245728,-3.5894534587860107,-1.6437746286392212,1.0,5.58723077593338,5.587230689083827,True,4.91,-2.54,1.45,405.8,6.8,124535.0,True,NASA_CDAWEB_OMNI_HRO_1MIN,False
2024-11-24 02:04:00,,,,,,,,,,,False,False,3.349705219268799,-3.9912585020065308,-2.0517821311950684,3.349705219268799,-4.130841016769409,-1.765885055065155,1.0,5.626770283695413,5.62677021621943,True,4.37,-2.98,1.67,407.7,6.93,135072.0,True,NASA_CDAWEB_OMNI_HRO_1MIN,False
2024-11-24 02:05:00,,,,,,,,,,,False,False,3.0173606872558594,-4.612049579620361,-2.0714974403381348,3.0173606872558594,-4.743104934692383,-1.7270427346229553,1.0,5.864989264042116,5.864989045827456,True,4.35,-3.25,1.25,412.6,7.26,161898.0,True,NASA_CDAWEB_OMNI_HRO_1MIN,False
2024-11-24 02:06:00,,,,,,,,,,,False,False,2.710856318473816,-5.002376079559326,-1.5630383491516113,2.710856318473816,-5.117133378982544,-1.1898310780525208,1.0,5.886009905363782,5.886009859317795,True,4.45,-1.47,2.69,,,,False,NASA_CDAWEB_OMNI_HRO_1MIN,False
2024-11-24 02:07:00,,,,,,,,,,,False,False,3.032468557357788,-4.7617716789245605,-0.7450868785381317,3.032468557357788,-4.7988128662109375,-0.3879610747098923,1.0,5.711571498196187,5.711571681369627,True,4.44,-1.91,2.94,409.6,7.01,153010.0,True,NASA_CDAWEB_OMNI_HRO_1MIN,False
2024-11-24 02:08:00,,,,,,,,,,,False,False,2.9557870626449585,-4.424643039703369,0.6845116913318634,2.9557870626449585,-4.359812259674072,1.0188506245613098,1.0,5.454356743794248,5.454356733994255,True,4.42,-1.42,2.76,409.6,7.01,153098.0,True,NASA_CDAWEB_OMNI_HRO_1MIN,False
2024-11-24 02:09:00,,,,,,,,,,,False,False,3.4201881885528564,-2.4377663135528564,2.8211435079574585,3.4201881885528564,-2.2100847959518433,2.9691920280456543,1.0,5.019981931203171,5.019981947042949,True,3.25,-3.89,1.46,412.0,7.4,164687.0,True,NASA_CDAWEB_OMNI_HRO_1MIN,False
2024-11-24 02:10:00,,,,,,,,,,,False,False,2.3127071857452393,-3.891994833946228,2.5615620613098145,2.3127071857452393,-3.6839165687561035,2.846690058708191,1.0,5.179504867016785,5.17950491557138,True,1.96,-5.2,0.75,422.2,6.86,119287.0,True,NASA_CDAWEB_OMNI_HRO_1MIN,False
2024-11-24 02:11:00,,,,,,,,,,,False,False,2.261162519454956,-3.901517629623413,2.8988707065582275,2.261162519454956,-3.662596106529236,3.184658408164978,1.0,5.369116696702112,5.369116674292285,True,2.9,-4.06,1.91,425.4,6.62,101337.0,True,NASA_CDAWEB_OMNI_HRO_1MIN,False
2024-11-24 02:12:00,,,,,,,,,,,False,False,2.4131052494049072,-3.321943759918213,3.1686679124832153,2.4131052494049072,-3.062218427658081,3.4115638732910156,1.0,5.183849737728453,5.183849639088065,True,4.73,-2.12,2.56,421.4,6.26,95353.0,True,NASA_CDAWEB_OMNI_HRO_1MIN,False
2024-11-24 02:13:00,,,,,,,,,,,False,False,2.983113408088684,-2.8048466444015503,3.036951422691345,2.983113408088684,-2.5625816583633423,3.258668303489685,1.0,5.173147475557629,5.173147389441537,True,0.73,-5.98,0.73,421.4,6.26,95353.0,True,NASA_CDAWEB_OMNI_HRO_1MIN,False
2024-11-24 02:14:00,,,,,,,,,,,False,False,4.434795379638672,-2.5931222438812256,-1.1470784544944763,4.434795379638672,-2.618783473968506,-0.9415013492107391,1.0,5.320825697934864,5.320825715476497,True,3.43,-3.57,1.5,,,,False,NASA_CDAWEB_OMNI_HRO_1MIN,False
2024-11-24 02:15:00,,,,,,,,,,,False,False,4.715623378753662,-2.3108432292938232,-2.093815803527832,4.715623378753662,-2.47217059135437,-1.9006404876708984,0.0,5.653420637076646,5.653420694268152,True,1.6,-5.84,0.36,,,,False,NASA_CDAWEB_OMNI_HRO_1MIN,False
2024-11-24 02:16:00,,,,,,,,,,,False,False,,,,,,,0.0,,,False,4.77,-3.07,1.27,408.6,6.96,151856.0,True,NASA_CDAWEB_OMNI_HRO_1MIN,False
2024-11-24 02:17:00,,,,,,,,,,,False,False,,,,,,,0.0,,,False,4.85,-1.83,2.43,408.6,6.96,151776.0,True,NASA_CDAWEB_OMNI_HRO_1MIN,False
2024-11-24 02:18:00,,,,,,,,,,,False,False,,,,,,,0.0,,,False,2.24,-4.95,0.39,416.2,6.92,131885.0,True,NASA_CDAWEB_OMNI_HRO_1MIN,False
2024-11-24 02:19:00,,,,,,,,,,,False,False,,,,,,,0.0,,,False,3.49,-3.86,1.15,412.9,7.03,125754.0,True,NASA_CDAWEB_OMNI_HRO_1MIN,False
2024-11-24 02:20:00,,,,,,,,,,,False,False,,,,,,,0.0,,,False,3.03,-4.15,0.53,417.4,7.05,116481.0,True,NASA_CDAWEB_OMNI_HRO_1MIN,False
2024-11-24 02:21:00,,,,,,,,,,,False,False,,,,,,,0.0,,,False,3.47,-4.3,0.53,418.6,6.71,125085.0,True,NASA_CDAWEB_OMNI_HRO_1MIN,False
2024-11-24 02:22:00,,,,,,,,,,,False,False,,,,,,,0.0,,,False,4.14,-3.64,1.09,415.2,6.74,130942.0,True,NASA_CDAWEB_OMNI_HRO_1MIN,False
2024-11-24 02:23:00,,,,,,,,,,,False,False,,,,,,,0.0,,,False,4.53,-2.54,2.01,407.7,6.78,140913.0,True,NASA_CDAWEB_OMNI_HRO_1MIN,False
2024-11-24 02:24:00,,,,,,,,,,,False,False,,,,,,,0.0,,,False,4.19,-2.52,2.3,410.1,6.9,135161.0,True,NASA_CDAWEB_OMNI_HRO_1MIN,False
2024-11-24 02:25:00,,,,,,,,,,,False,False,,,,,,,0.0,,,False,3.15,-5.05,0.76,419.2,6.47,116032.0,True,NASA_CDAWEB_OMNI_HRO_1MIN,False
2024-11-24 02:26:00,,,,,,,,,,,False,False,,,,,,,0.0,,,False,3.61,-4.18,1.59,418.2,6.55,122799.0,True,NASA_CDAWEB_OMNI_HRO_1MIN,False
2024-11-24 02:27:00,,,,,,,,,,,False,False,,,,,,,0.0,,,False,4.18,-3.75,1.44,,,,False,NASA_CDAWEB_OMNI_HRO_1MIN,False
2024-11-24 02:28:00,,,,,,,,,,,False,False,,,,,,,0.0,,,False,4.0,-4.04,1.37,401.2,7.27,155147.0,True,NASA_CDAWEB_OMNI_HRO_1MIN,False
2024-11-24 02:29:00,,,,,,,,,,,False,False,,,,,,,0.0,,,False,3.77,-3.67,1.68,406.2,7.14,152213.0,True,NASA_CDAWEB_OMNI_HRO_1MIN,False
2024-11-24 02:30:00,,,,,,,,,,,False,False,,,,,,,0.0,,,False,3.28,-4.83,1.04,413.8,6.85,143554.0,True,NASA_CDAWEB_OMNI_HRO_1MIN,False
2024-11-24 02:31:00,,,,,,,,,,,False,False,,,,,,,0.0,,,False,3.87,-3.62,2.51,414.8,6.77,139683.0,True,NASA_CDAWEB_OMNI_HRO_1MIN,False
2024-11-24 02:32:00,,,,,,,,,,,False,False,,,,,,,0.0,,,False,4.26,-3.61,1.75,412.7,6.71,132906.0,True,NASA_CDAWEB_OMNI_HRO_1MIN,False
2024-11-24 02:33:00,,,,,,,,,,,False,False,,,,,,,0.0,,,False,3.82,-3.61,2.78,412.7,6.71,132906.0,True,NASA_CDAWEB_OMNI_HRO_1MIN,False
2024-11-24 02:34:00,,,,,,,,,,,False,False,,,,,,,0.0,,,False,4.12,-2.85,3.1,412.7,6.71,132906.0,True,NASA_CDAWEB_OMNI_HRO_1MIN,False
2024-11-24 02:35:00,,,,,,,,,,,False,False,,,,,,,0.0,,,False,4.22,-3.66,2.04,410.4,6.62,155147.0,True,NASA_CDAWEB_OMNI_HRO_1MIN,False
2024-11-24 02:36:00,,,,,,,,,,,False,False,,,,,,,0.0,,,False,4.16,-3.35,2.62,410.4,6.62,155147.0,True,NASA_CDAWEB_OMNI_HRO_1MIN,False
2024-11-24 02:37:00,,,,,,,,,,,False,False,,,,,,,0.0,,,False,4.01,-3.65,2.53,,,,False,NASA_CDAWEB_OMNI_HRO_1MIN,False
2024-11-24 02:38:00,,,,,,,,,,,False,False,,,,,,,0.0,,,False,4.21,-3.66,2.2,410.8,6.83,134271.0,True,NASA_CDAWEB_OMNI_HRO_1MIN,False
2024-11-24 02:39:00,,,,,,,,,,,False,False,,,,,,,0.0,,,False,4.16,-4.02,1.41,410.8,6.83,134271.0,True,NASA_CDAWEB_OMNI_HRO_1MIN,False
2024-11-24 02:40:00,,,,,,,,,,,False,False,,,,,,,0.0,,,False,4.26,-3.92,1.51,,,,False,NASA_CDAWEB_OMNI_HRO_1MIN,False
2024-11-24 02:41:00,,,,,,,,,,,False,False,,,,,,,0.0,,,False,4.26,-3.86,1.8,,,,False,NASA_CDAWEB_OMNI_HRO_1MIN,False
2024-11-24 02:42:00,,,,,,,,,,,False,False,,,,,,,0.0,,,False,4.46,-3.58,1.7,,,,False,NASA_CDAWEB_OMNI_HRO_1MIN,False
2024-11-24 02:43:00,,,,,,,,,,,False,False,,,,,,,0.0,,,False,4.65,-3.39,1.65,,,,False,NASA_CDAWEB_OMNI_HRO_1MIN,False
2024-11-24 02:44:00,,,,,,,,,,,False,False,,,,,,,0.0,,,False,4.36,-3.65,1.73,408.4,7.03,165865.0,True,NASA_CDAWEB_OMNI_HRO_1MIN,False
2024-11-24 02:45:00,,,,,,,,,,,False,False,4.2087321281433105,-3.6070810556411743,-0.5743492543697357,4.2087321281433105,-3.6348851919174194,-0.1905226819217205,1.0,5.567887147563542,5.567887162899248,True,4.54,-3.48,1.95,408.4,7.03,165865.0,True,NASA_CDAWEB_OMNI_HRO_1MIN,False
2024-11-24 02:46:00,,,,,,,,,,,False,False,1.6724811792373657,-4.633865594863892,-3.3834067583084106,1.6724811792373657,-4.94920539855957,-2.878892660140991,1.0,5.970068189164844,5.970068116692108,True,4.22,-3.75,2.05,,,,False,NASA_CDAWEB_OMNI_HRO_1MIN,False
2024-11-24 02:47:00,,,,,,,,,,,False,False,1.175296127796173,-4.6880927085876465,-3.694388508796692,1.175296127796173,-5.031955003738403,-3.1779515743255615,1.0,6.134143499384114,6.13414340348528,True,4.49,-3.4,2.02,411.4,6.81,141374.0,True,NASA_CDAWEB_OMNI_HRO_1MIN,False
2024-11-24 02:48:00,,,,,,,,,,,False,False,1.8490296602249146,-4.834662675857544,-3.037278652191162,1.8490296602249146,-5.129313230514526,-2.5076977014541626,1.0,6.077224256166669,6.077224350882917,True,4.21,-3.53,2.33,411.4,6.81,141374.0,True,NASA_CDAWEB_OMNI_HRO_1MIN,False
2024-11-24 02:49:00,,,,,,,,,,,False,False,1.8272616267204285,-4.770685911178589,-3.3031085729599,1.8272616267204285,-5.112384557723999,-2.7705745697021484,1.0,6.10870254558931,6.108702443083866,True,4.52,-3.03,2.46,,,,False,NASA_CDAWEB_OMNI_HRO_1MIN,False
2024-11-24 02:50:00,,,,,,,,,,,False,False,2.9193384647369385,-4.461432933807373,-1.711603581905365,2.9193384647369385,-4.618045091629028,-1.227270245552063,1.0,5.633985257182165,5.633985394689201,True,4.56,-3.05,2.18,,,,False,NASA_CDAWEB_OMNI_HRO_1MIN,False
2024-11-24 02:51:00,,,,,,,,,,,False,False,4.187439680099487,-2.7184349298477173,1.353217363357544,4.187439680099487,-2.5469595193862915,1.5838038325309753,1.0,5.2079540271792455,5.20795399604294,True,4.63,-2.85,2.3,,,,False,NASA_CDAWEB_OMNI_HRO_1MIN,False
2024-11-24 02:52:00,,,,,,,,,,,False,False,3.4507129192352295,-4.14666748046875,-0.8957765400409698,3.4507129192352295,-4.21076512336731,-0.47073352336883545,1.0,5.458857920579106,5.458857940948347,True,4.51,-2.49,2.78,407.1,6.71,146568.0,True,NASA_CDAWEB_OMNI_HRO_1MIN,False
2024-11-24 02:53:00,,,,,,,,,,,False,False,4.359513998031616,-3.2459211349487305,-1.11082124710083,4.359513998031616,-3.336527109146118,-0.7135854661464691,1.0,5.548707964836812,5.548708031694424,True,3.61,-2.36,3.87,407.1,6.71,146555.0,True,NASA_CDAWEB_OMNI_HRO_1MIN,False
2024-11-24 02:54:00,,,,,,,,,,,False,False,4.473915338516235,-2.8656800985336304,-1.3698703050613403,4.473915338516235,-2.9982566833496094,-1.0370630323886871,1.0,5.534831966367875,5.534831973711638,True,4.02,-2.91,3.24,415.6,6.44,133929.0,True,NASA_CDAWEB_OMNI_HRO_1MIN,False
2024-11-24 02:55:00,,,,,,,,,,,False,False,4.158522129058838,-3.3846641778945923,-1.4770871996879578,4.158522129058838,-3.519057035446167,-1.0904926657676697,1.0,5.56667250434517,5.566672530591873,True,4.26,-3.51,2.12,415.6,6.44,133929.0,True,NASA_CDAWEB_OMNI_HRO_1MIN,False
2024-11-24 02:56:00,,,,,,,,,,,False,False,4.860591888427734,-2.1724560260772705,-1.864368975162506,4.860591888427734,-2.364529252052307,-1.6065670251846313,1.0,5.598186983689832,5.598186979672822,True,4.43,-3.54,0.54,,,,False,NASA_CDAWEB_OMNI_HRO_1MIN,False
2024-11-24 02:57:00,,,,,,,,,,,False,False,3.873755097389221,-3.7424826622009277,-0.4906703233718872,3.873755097389221,-3.7278167009353638,-0.07389067113399506,1.0,5.475804088438771,5.475804138927865,True,4.29,-3.79,0.76,,,,False,NASA_CDAWEB_OMNI_HRO_1MIN,False
2024-11-24 02:58:00,,,,,,,,,,,False,False,4.1454304456710815,-3.554407835006714,-0.5547095984220505,4.1454304456710815,-3.5698940753936768,-0.09957940177991986,1.0,5.585037080070514,5.5850372008266085,True,4.66,-3.29,0.74,,,,False,NASA_CDAWEB_OMNI_HRO_1MIN,False
2024-11-24 02:59:00,,,,,,,,,,,False,False,4.7359607219696045,-3.098220705986023,-1.0734252333641052,4.7359607219696045,-3.202561616897583,-0.709319144487381,1.0,5.634909007024959,5.634909001624289,True,4.97,-2.57,1.09,408.4,6.66,144432.0,True,NASA_CDAWEB_OMNI_HRO_1MIN,False
2024-11-24 03:00:00,,,,,,,,,,,False,False,3.8941824436187744,-4.24665093421936,-0.17493470013141632,3.8941824436187744,-4.2265918254852295,0.3217957019805908,1.0,5.752332467627364,5.752332428555844,True,5.12,-1.35,2.15,408.4,6.66,144432.0,True,NASA_CDAWEB_OMNI_HRO_1MIN,False
2024-11-24 03:01:00,,,,,,,,,,,False,False,4.469988107681274,-3.6488031148910522,-0.7273706495761871,4.469988107681274,-3.7110798358917236,-0.28923533856868744,1.0,5.802172697484771,5.802172634760838,True,4.84,-1.86,2.26,,,,False,NASA_CDAWEB_OMNI_HRO_1MIN,False
2024-11-24 03:02:00,,,,,,,,,,,False,False,4.638138771057129,-3.4378377199172974,-0.8263445794582367,4.638138771057129,-3.5007994174957275,-0.4085005670785904,1.0,5.7939226216188935,5.793922649738818,True,4.85,-2.42,2.07,,,,False,NASA_CDAWEB_OMNI_HRO_1MIN,False
2024-11-24 03:03:00,,,,,,,,,,,False,False,4.53794002532959,-3.4055678844451904,-0.9911007285118103,4.53794002532959,-3.5071702003479004,-0.5868127644062042,1.0,5.798514018253906,5.798514032356154,True,4.8,-2.98,1.14,,,,False,NASA_CDAWEB_OMNI_HRO_1MIN,False
2024-11-24 03:04:00,,,,,,,,,,,False,False,4.483885049819946,-3.2831671237945557,-1.1692245602607727,4.483885049819946,-3.409056305885315,-0.7653196156024933,1.0,5.747527836824446,5.747527800268385,True,4.79,-2.96,0.88,,,,False,NASA_CDAWEB_OMNI_HRO_1MIN,False
2024-11-24 03:05:00,,,,,,,,,,,False,False,4.751967906951904,-3.0858569145202637,-1.6251346468925476,4.751967906951904,-3.2380138635635376,-1.2169909477233887,1.0,5.816959933233295,5.816959910357538,True,4.55,-3.08,1.34,404.0,7.17,139160.0,True,NASA_CDAWEB_OMNI_HRO_1MIN,False
2024-11-24 03:06:00,,,,,,,,,,,False,False,5.0447680950164795,-2.989366292953491,-0.9386394619941711,5.0447680950164795,-3.069119691848755,-0.5824052095413208,1.0,5.894091452042801,5.8940914670539115,True,4.6,-2.91,1.6,404.0,7.17,139160.0,True,NASA_CDAWEB_OMNI_HRO_1MIN,False
2024-11-24 03:07:00,,,,,,,,,,,False,False,5.0393970012664795,-2.797749161720276,-0.9272137582302094,5.0393970012664795,-2.8898857831954956,-0.5685628354549408,1.0,5.827372163217085,5.827372232032007,True,4.64,-3.12,1.14,404.0,7.17,139160.0,True,NASA_CDAWEB_OMNI_HRO_1MIN,False
2024-11-24 03:08:00,,,,,,,,,,,False,False,5.009984731674194,-2.613720417022705,-1.132874846458435,5.009984731674194,-2.7313859462738037,-0.7959135472774506,1.0,5.797242205562596,5.797242219436595,True,4.59,-3.19,0.91,,,,False,NASA_CDAWEB_OMNI_HRO_1MIN,False
2024-11-24 03:09:00,,,,,,,,,,,False,False,4.817013502120972,-2.6680468320846558,-1.4265879392623901,4.817013502120972,-2.8186126947402954,-1.1090241074562073,1.0,5.693865131267011,5.693865086931289,True,4.59,-3.26,0.65,,,,False,NASA_CDAWEB_OMNI_HRO_1MIN,False
2024-11-24 03:10:00,,,,,,,,,,,False,False,4.643927097320557,-3.0216294527053833,-1.3809678554534912,4.643927097320557,-3.1347826719284058,-0.9940087795257568,1.0,5.718853054630841,5.718853026718521,True,4.69,-2.46,1.69,,,,False,NASA_CDAWEB_OMNI_HRO_1MIN,False
2024-11-24 03:11:00,,,,,,,,,,,False,False,4.680805444717407,-3.0184446573257446,-1.6595742106437683,4.680805444717407,-3.2216455936431885,-1.2937412858009338,1.0,5.814390489349918,5.8143905387172214,True,4.36,-2.77,1.97,404.0,7.18,151856.0,True,NASA_CDAWEB_OMNI_HRO_1MIN,False
2024-11-24 03:12:00,,,,,,,,,,,False,False,4.855882167816162,-2.6925657987594604,-1.7590924501419067,4.855882167816162,-2.869023561477661,-1.4000369906425476,1.0,5.856610057400395,5.8566100514716375,True,4.86,-1.98,2.22,404.0,7.18,151856.0,True,NASA_CDAWEB_OMNI_HRO_1MIN,False
2024-11-24 03:13:00,,,,,,,,,,,False,False,4.875844240188599,-2.590535521507263,-1.426071047782898,4.875844240188599,-2.7835135459899902,-1.0946333408355713,1.0,5.697715046416917,5.697715009512699,True,4.86,-1.98,2.22,,,,False,NASA_CDAWEB_OMNI_HRO_1MIN,False
2024-11-24 03:14:00,,,,,,,,,,,False,False,4.8453264236450195,-2.4795429706573486,-2.1242886781692505,4.8453264236450195,-2.7259011268615723,-1.789143443107605,1.0,5.855383005264789,5.85538301460565,True,4.88,-1.81,2.45,,,,False,NASA_CDAWEB_OMNI_HRO_1MIN,False
2024-11-24 03:15:00,,,,,,,,,,,False,False,4.720213174819946,-2.423250436782837,-2.2731040716171265,4.720213174819946,-2.719205617904663,-1.94418066740036,1.0,5.899255039171036,5.8992550199109175,True,4.5,-0.88,3.38,,,,False,NASA_CDAWEB_OMNI_HRO_1MIN,False
2024-11-24 03:16:00,,,,,,,,,,,False,False,4.515583038330078,-2.1882283687591553,-3.294031262397766,4.515583038330078,-2.6081316471099854,-2.972926139831543,1.0,6.074523051056676,6.074523023243554,True,5.16,-1.26,1.68,,,,False,NASA_CDAWEB_OMNI_HRO_1MIN,False
2024-11-24 03:17:00,,,,,,,,,,,False,False,4.358263969421387,-2.103938102722168,-3.8808990716934204,4.358263969421387,-2.5655534267425537,-3.573940396308899,1.0,6.293638144465669,6.293638137121154,True,5.16,-1.26,1.68,,,,False,NASA_CDAWEB_OMNI_HRO_1MIN,False
2024-11-24 03:18:00,,,,,,,,,,,False,False,4.1352527141571045,-2.0432331562042236,-4.145865201950073,4.1352527141571045,-2.564935326576233,-3.8761051893234253,1.0,6.275350659915427,6.275350806003844,True,4.99,-1.43,1.71,,,,False,NASA_CDAWEB_OMNI_HRO_1MIN,False
2024-11-24 03:19:00,,,,,,,,,,,False,False,4.226947546005249,-2.351230025291443,-3.7804232835769653,4.226947546005249,-2.846604108810425,-3.4491268396377563,1.0,6.212578230840853,6.212578230083253,True,4.38,-1.51,3.1,,,,False,NASA_CDAWEB_OMNI_HRO_1MIN,False
2024-11-24 03:20:00,,,,,,,,,,,False,False,4.426233291625977,-1.9235426187515259,-3.9308282136917114,4.426233291625977,-2.4238648414611816,-3.6332919597625732,1.0,6.228624797101823,6.228624778540809,True,4.38,-1.51,3.1,,,,False,NASA_CDAWEB_OMNI_HRO_1MIN,False
2024-11-24 03:21:00,,,,,,,,,,,False,False,4.2887866497039795,-1.7733203768730164,-4.10527229309082,4.2887866497039795,-2.304024577140808,-3.8326845169067383,1.0,6.185717183657491,6.185717227622092,True,4.4,-1.03,3.2,406.8,7.21,129525.0,True,NASA_CDAWEB_OMNI_HRO_1MIN,False
2024-11-24 03:22:00,,,,,,,,,,,False,False,4.491035461425781,-2.2110766172409058,-3.4459049701690674,4.491035461425781,-2.4659827947616577,-3.11899995803833,1.0,6.079575707980663,6.079575714591472,True,4.42,-0.99,3.18,406.8,7.21,129525.0,True,NASA_CDAWEB_OMNI_HRO_1MIN,False
2024-11-24 03:23:00,,,,,,,,,,,False,False,4.797567844390869,-2.1798206567764282,2.0591412782669067,4.797567844390869,-1.900988519191742,2.328895688056946,1.0,5.630972428681613,5.63097240978521,True,4.19,-0.76,3.52,,,,False,NASA_CDAWEB_OMNI_HRO_1MIN,False
2024-11-24 03:24:00,,,,,,,,,,,False,False,5.0806169509887695,-2.289674997329712,1.2439422011375427,5.0806169509887695,-2.080506205558777,1.530255138874054,1.0,5.728867076969706,5.7288670794986025,True,5.11,-0.37,1.94,,,,False,NASA_CDAWEB_OMNI_HRO_1MIN,False
2024-11-24 03:25:00,,,,,,,,,,,False,False,4.956974744796753,-2.3839640617370605,1.3943520188331604,4.956974744796753,-2.1627849340438843,1.72271728515625,1.0,5.728049945850941,5.728049905531111,True,5.48,0.16,1.01,,,,False,NASA_CDAWEB_OMNI_HRO_1MIN,False
2024-11-24 03:26:00,,,,,,,,,,,False,False,5.550912141799927,-1.9668633341789246,-0.2719000577926636,5.550912141799927,-2.038384795188904,0.014320127665996552,1.0,5.963572223208702,5.963572211009686,True,5.62,-0.29,0.11,,,,False,NASA_CDAWEB_OMNI_HRO_1MIN,False
2024-11-24 03:27:00,,,,,,,,,,,False,False,5.119310140609741,-2.6073107719421387,0.6757994592189789,5.119310140609741,-2.494792938232422,1.012874722480774,1.0,5.746692203202668,5.74669221187564,True,5.57,-0.02,0.31,,,,False,NASA_CDAWEB_OMNI_HRO_1MIN,False
2024-11-24 03:28:00,,,,,,,,,,,False,False,5.115625381469727,-2.4810233116149902,1.1471586227416992,5.115625381469727,-2.2970675230026245,1.4815183281898499,1.0,5.81920935335786,5.819209355858893,True,,,,,,,False,NASA_CDAWEB_OMNI_HRO_1MIN,False
2024-11-24 03:29:00,,,,,,,,,,,False,False,5.240208864212036,-2.51518976688385,0.4669474810361862,5.240208864212036,-2.3893505334854126,0.8178383111953735,1.0,5.845696081835621,5.84569611029867,True,2.57,-2.58,-1.56,413.1,6.79,130639.0,True,NASA_CDAWEB_OMNI_HRO_1MIN,False
2024-11-24 03:30:00,,,,,,,,,,,False,False,4.085318326950073,-3.0436220169067383,2.4219858646392822,4.085318326950073,-2.6803475618362427,2.8837602138519287,1.0,5.721039860922143,5.721039788490604,True,0.46,-3.82,-1.37,420.2,6.73,125906.0,True,NASA_CDAWEB_OMNI_HRO_1MIN,False
2024-11-24 03:31:00,,,,,,,,,,,False,False,4.514689683914185,-3.0565260648727417,1.6281927227973938,4.514689683914185,-2.7891340255737305,2.060482621192932,1.0,5.710878905728608,5.710878875664019,True,0.69,-3.59,-0.98,422.3,6.65,132320.0,True,NASA_CDAWEB_OMNI_HRO_1MIN,False
2024-11-24 03:32:00,,,,,,,,,,,False,False,5.184522390365601,-2.2771682739257812,1.252557396888733,5.184522390365601,-2.072848916053772,1.5707685947418213,1.0,5.764615725585573,5.7646157296158975,True,1.51,-2.03,-3.07,,,,False,NASA_CDAWEB_OMNI_HRO_1MIN,False
2024-11-24 03:33:00,,,,,,,,,,,False,False,5.06630802154541,-2.674165725708008,0.7268944382667542,5.06630802154541,-2.527814507484436,1.0923541188240051,1.0,5.749966449206026,5.749966446618538,True,1.25,-2.91,-0.82,433.3,6.4,85811.0,True,NASA_CDAWEB_OMNI_HRO_1MIN,False
2024-11-24 03:34:00,,,,,,,,,,,False,False,5.2938807010650635,-2.5953649282455444,-0.19879113137722015,5.2938807010650635,-2.3957852125167847,0.17660190910100937,1.0,5.86446443175333,5.864464463242044,True,2.66,-3.16,-3.62,429.1,6.86,117051.0,True,NASA_CDAWEB_OMNI_HRO_1MIN,False
2024-11-24 03:35:00,,,,,,,,,,,False,False,5.385383367538452,-2.7197529077529907,-1.0033106207847595,5.385383367538452,-2.892848491668701,-0.5798220336437225,1.0,6.161625637267052,6.1616256636049425,True,3.36,-3.28,-2.19,421.7,7.0,123414.0,True,NASA_CDAWEB_OMNI_HRO_1MIN,False
2024-11-24 03:36:00,,,,,,,,,,,False,False,5.470617055892944,-2.6040682792663574,-1.7847736477851868,5.470617055892944,-2.80720317363739,-1.3840591311454773,1.0,6.318125652243859,6.318125675621058,True,2.31,-3.64,-3.61,423.4,6.86,111829.0,True,NASA_CDAWEB_OMNI_HRO_1MIN,False
2024-11-24 03:37:00,,,,,,,,,,,False,False,5.363056182861328,-2.0347776412963867,-2.4437450170516968,5.363056182861328,-2.350024700164795,-2.117827892303467,1.0,6.240097683973268,6.240097632601653,True,2.65,-3.08,-2.5,431.9,6.75,103539.0,True,NASA_CDAWEB_OMNI_HRO_1MIN,False
2024-11-24 03:38:00,,,,,,,,,,,False,False,5.304278612136841,-2.2479491233825684,-2.4356898069381714,5.304278612136841,-2.502930760383606,-2.0889517068862915,1.0,6.2638374334535065,6.263837465799583,True,2.28,-4.33,-0.54,430.2,6.81,108828.0,True,NASA_CDAWEB_OMNI_HRO_1MIN,False
2024-11-24 03:39:00,,,,,,,,,,,False,False,5.497981071472168,-2.1031514406204224,-1.751234531402588,5.497981071472168,-2.3762574195861816,-1.4269067645072937,1.0,6.15953579939921,6.159535798876775,True,2.64,-4.35,-1.55,424.4,7.07,123395.0,True,NASA_CDAWEB_OMNI_HRO_1MIN,False
2024-11-24 03:40:00,,,,,,,,,,,False,False,5.135202646255493,-2.9231555461883545,-1.2801687121391296,5.135202646255493,-3.0938258171081543,-0.8639030456542969,1.0,6.1245466101852175,6.124546553132948,True,2.93,-3.9,-0.62,417.8,7.18,130759.0,True,NASA_CDAWEB_OMNI_HRO_1MIN,False
2024-11-24 03:41:00,,,,,,,,,,,False,False,4.937853813171387,-3.0143003463745117,-0.9917289018630981,4.937853813171387,-3.12921679019928,-0.526896059513092,1.0,5.931166500560604,5.931166541695486,True,2.88,-3.09,-1.56,416.6,7.19,128381.0,True,NASA_CDAWEB_OMNI_HRO_1MIN,False
2024-11-24 03:42:00,,,,,,,,,,,False,False,4.644476890563965,-3.2310545444488525,-1.8606104850769043,4.644476890563965,-3.4585903882980347,-1.3813055157661438,1.0,6.028939920893791,6.028939950294388,True,2.46,-2.56,-2.52,420.0,7.04,117228.0,True,NASA_CDAWEB_OMNI_HRO_1MIN,False
2024-11-24 03:43:00,,,,,,,,,,,False,False,4.556769371032715,-3.285618543624878,-2.0560280084609985,4.556769371032715,-3.5364404916763306,-1.4844778776168823,1.0,6.03220212617364,6.032202152150677,True,2.75,-3.36,-2.35,430.2,6.7,100349.0,True,NASA_CDAWEB_OMNI_HRO_1MIN,False
2024-11-24 03:44:00,,,,,,,,,,,False,False,4.695868253707886,-3.2295594215393066,-1.7503509521484375,4.695868253707886,-3.462573289871216,-1.2473525404930115,1.0,6.0158118212720115,6.015811812873812,True,3.24,-1.99,-1.35,410.5,7.35,119747.0,True,NASA_CDAWEB_OMNI_HRO_1MIN,False
2024-11-24 03:45:00,,,,,,,,,,,False,False,4.675962209701538,-3.3717801570892334,-1.7688282132148743,4.675962209701538,-3.6127690076828003,-1.242121696472168,1.0,6.023182768679234,6.02318277139098,True,3.83,-3.17,-2.41,415.9,6.88,130355.0,True,NASA_CDAWEB_OMNI_HRO_1MIN,False
2024-11-24 03:46:00,,,,,,,,,,,False,False,4.581795930862427,-3.655387043952942,-1.9029272198677063,4.581795930862427,-3.852803945541382,-1.387611210346222,1.0,6.053066678600675,6.053066635157386,True,2.47,-2.37,-3.06,415.9,7.24,139110.0,True,NASA_CDAWEB_OMNI_HRO_1MIN,False
2024-11-24 03:47:00,,,,,,,,,,,False,False,4.809015989303589,-3.2578866481781006,-0.9476165771484375,4.809015989303589,-3.310739755630493,-0.4100794941186905,1.0,5.937624938805725,5.937624922297848,True,1.99,-3.83,-2.85,419.9,7.33,135585.0,True,NASA_CDAWEB_OMNI_HRO_1MIN,False
2024-11-24 03:48:00,,,,,,,,,,,False,False,4.8643388748168945,-3.2242376804351807,-1.1942453384399414,4.8643388748168945,-3.358603358268738,-0.6402878165245056,1.0,5.991072322569655,5.991072310398259,True,2.53,-2.94,-2.01,419.9,7.33,135585.0,True,NASA_CDAWEB_OMNI_HRO_1MIN,False
2024-11-24 03:49:00,,,,,,,,,,,False,False,5.22047233581543,-2.691663980484009,-1.5093865394592285,5.22047233581543,-2.876957654953003,-1.0744901895523071,1.0,5.979402264959905,5.979402269912077,True,4.01,-0.79,0.02,417.7,7.02,124505.0,True,NASA_CDAWEB_OMNI_HRO_1MIN,False
2024-11-24 03:50:00,,,,,,,,,,,False,False,5.295227766036987,-2.7163188457489014,-1.8923768401145935,5.295227766036987,-2.962779998779297,-1.4486815333366394,1.0,6.233494629519218,6.2334946964340885,True,2.52,-2.27,0.97,424.5,6.99,118897.0,True,NASA_CDAWEB_OMNI_HRO_1MIN,False
2024-11-24 03:51:00,,,,,,,,,,,False,False,4.997706174850464,-3.1823558807373047,-1.9407728910446167,4.997706174850464,-3.436237096786499,-1.4085060358047485,1.0,6.193326769614812,6.193326751151447,True,3.53,-2.38,-1.85,419.2,6.92,121551.0,True,NASA_CDAWEB_OMNI_HRO_1MIN,False
2024-11-24 03:52:00,,,,,,,,,,,False,False,5.305463075637817,-2.09794282913208,-2.2410950660705566,5.305463075637817,-2.4211206436157227,-1.8760778903961182,1.0,6.137535726647665,6.137535738697227,True,4.52,-1.61,-2.24,402.5,7.27,95764.0,True,NASA_CDAWEB_OMNI_HRO_1MIN,False
2024-11-24 03:53:00,,,,,,,,,,,False,False,5.262271881103516,-2.336741805076599,-2.4296435117721558,5.262271881103516,-2.699792504310608,-2.034925937652588,1.0,6.260753002326678,6.260753059162037,True,3.8,-1.68,-1.17,423.4,7.13,134952.0,True,NASA_CDAWEB_OMNI_HRO_1MIN,False
2024-11-24 03:54:00,,,,,,,,,,,False,False,5.081728935241699,-2.5051580667495728,-2.578598141670227,5.081728935241699,-2.8897448778152466,-2.1387739181518555,1.0,6.246414007158212,6.246414025615671,True,4.71,-0.9,-1.85,416.3,6.59,100950.0,True,NASA_CDAWEB_OMNI_HRO_1MIN,False
2024-11-24 03:55:00,,,,,,,,,,,False,False,5.134582042694092,-2.4361491203308105,-2.5999003648757935,5.134582042694092,-2.8268890380859375,-2.1686313152313232,1.0,6.218774938052028,6.218774890532589,True,4.4,-0.97,-1.13,411.4,7.19,108059.0,True,NASA_CDAWEB_OMNI_HRO_1MIN,False
2024-11-24 03:56:00,,,,,,,,,,,False,False,5.0222296714782715,-2.2054489850997925,-2.8231502771377563,5.0222296714782715,-2.648617148399353,-2.4233850240707397,1.0,6.1557290881566225,6.155729067219653,True,4.46,-0.53,-0.03,407.8,7.68,114895.0,True,NASA_CDAWEB_OMNI_HRO_1MIN,False
2024-11-24 03:57:00,,,,,,,,,,,False,False,5.1384663581848145,-2.124480128288269,-2.17733895778656,5.1384663581848145,-2.480819821357727,-1.7436729669570923,1.0,6.052501926263989,6.0525019116739465,True,3.26,-2.44,-1.58,409.6,6.74,125415.0,True,NASA_CDAWEB_OMNI_HRO_1MIN,False
2024-11-24 03:58:00,,,,,,,,,,,False,False,5.126408815383911,-2.3291175365448,-2.234159827232361,5.126408815383911,-2.689985513687134,-1.8071708679199219,1.0,6.110899469685597,6.110899521682014,True,4.07,-0.26,-2.21,414.4,7.53,130808.0,True,NASA_CDAWEB_OMNI_HRO_1MIN,False
2024-11-24 03:59:00,,,,,,,,,,,False,False,5.140461683273315,-2.150421977043152,-2.5857958793640137,5.140461683273315,-2.558119773864746,-2.1815364360809326,1.0,6.188522377037701,6.188522416619216,True,4.23,-2.59,-0.13,413.3,7.74,129003.0,True,NASA_CDAWEB_OMNI_HRO_1MIN,False
2024-11-24 04:00:00,,,,,,,,,,,False,False,5.311505079269409,-2.0321617126464844,-1.5591119527816772,5.311505079269409,-2.3148601055145264,-1.1664331555366516,1.0,5.912336482593981,5.9123364887908885,True,4.42,-1.53,-0.25,413.6,7.19,138957.0,True,NASA_CDAWEB_OMNI_HRO_1MIN,False
2024-11-24 04:01:00,,,,,,,,,,,False,False,5.340312719345093,-2.3532577753067017,-0.8255291283130646,5.340312719345093,-2.4911792278289795,-0.4344308525323868,1.0,5.906414240701772,5.906414266304379,True,4.17,-2.54,-1.1,408.5,7.33,148978.0,True,NASA_CDAWEB_OMNI_HRO_1MIN,False
2024-11-24 04:02:00,,,,,,,,,,,False,False,5.5409626960754395,-2.0928667783737183,-0.6909131705760956,5.5409626960754395,-2.2040780782699585,-0.35135816037654877,1.0,5.9593316762261885,5.9593316565836005,True,4.65,-1.17,-0.76,401.6,7.81,130127.0,True,NASA_CDAWEB_OMNI_HRO_1MIN,False
2024-11-24 04:03:00,,,,,,,,,,,False,False,5.131313323974609,-2.7208831310272217,-2.5704565048217773,5.131313323974609,-3.068879008293152,-2.0643582344055176,1.0,6.295611482334518,6.29561145656491,True,2.15,-3.39,-1.38,411.2,7.28,127614.0,True,NASA_CDAWEB_OMNI_HRO_1MIN,False
2024-11-24 04:04:00,,,,,,,,,,,False,False,5.297613859176636,-2.706506371498108,-1.7414726614952087,5.297613859176636,-2.9640308618545532,-1.2425962686538696,1.0,6.210036371629766,6.210036323134753,True,2.21,-2.69,-2.88,434.8,6.77,105792.0,True,NASA_CDAWEB_OMNI_HRO_1MIN,False
2024-11-24 04:05:00,,,,,,,,,,,False,False,5.260390520095825,-2.5955193042755127,-1.9355100989341736,5.260390520095825,-2.90787410736084,-1.4764961004257202,1.0,6.172620643972534,6.172620622039247,True,2.49,-2.59,-0.27,437.4,6.9,96178.0,True,NASA_CDAWEB_OMNI_HRO_1MIN,False
2024-11-24 04:06:00,,,,,,,,,,,False,False,5.536731719970703,-2.094998836517334,-1.2962521314620972,5.536731719970703,-2.3025522232055664,-0.9271109104156494,1.0,6.0854522527677855,6.085452291328036,True,4.6,-1.35,-2.33,436.1,6.95,96345.0,True,NASA_CDAWEB_OMNI_HRO_1MIN,False
2024-11-24 04:07:00,,,,,,,,,,,False,False,5.586184024810791,-1.8634247183799744,-1.6162810325622559,5.586184024810791,-2.1292799711227417,-1.2908498644828796,1.0,6.134621891427315,6.1346218865675075,True,3.07,-3.61,-2.35,405.3,8.2,100612.0,True,NASA_CDAWEB_OMNI_HRO_1MIN,False
2024-11-24 04:08:00,,,,,,,,,,,False,False,5.357986688613892,-1.9526599049568176,-2.422598123550415,5.357986688613892,-2.4083081483840942,-2.0947128534317017,1.0,6.276514591698572,6.276514600142037,True,4.35,-1.6,-2.75,405.3,8.2,100612.0,True,NASA_CDAWEB_OMNI_HRO_1MIN,False
2024-11-24 04:09:00,,,,,,,,,,,False,False,5.353928089141846,-2.4380327463150024,-1.984636127948761,5.353928089141846,-2.739637613296509,-1.532493770122528,1.0,6.192589403817394,6.192589387096099,True,3.32,-2.66,-2.39,406.1,7.53,121589.0,True,NASA_CDAWEB_OMNI_HRO_1MIN,False
2024-11-24 04:10:00,,,,,,,,,,,False,False,5.198925256729126,-2.635687828063965,-2.261957049369812,5.198925256729126,-2.9930648803710938,-1.7620674967765808,1.0,6.247043194657756,6.24704322945162,True,4.59,-1.55,-2.63,406.2,7.52,121038.0,True,NASA_CDAWEB_OMNI_HRO_1MIN,False
2024-11-24 04:11:00,,,,,,,,,,,False,False,5.305891036987305,-2.5683529376983643,-1.6886913180351257,5.305891036987305,-2.8284860849380493,-1.1811875104904175,1.0,6.115691674668161,6.115691678559777,True,3.47,-1.52,-2.59,411.2,7.19,97742.0,True,NASA_CDAWEB_OMNI_HRO_1MIN,False
2024-11-24 04:12:00,,,,,,,,,,,False,False,5.178036451339722,-2.589542508125305,-2.1350361108779907,5.178036451339722,-2.8760838508605957,-1.6401070952415466,1.0,6.129409213384424,6.129409204099737,True,3.46,-1.59,-2.97,411.4,7.18,97563.0,True,NASA_CDAWEB_OMNI_HRO_1MIN,False
2024-11-24 04:13:00,,,,,,,,,,,False,False,5.341519355773926,-2.5528208017349243,-1.2749840021133423,5.341519355773926,-2.7372000217437744,-0.8333561420440674,1.0,6.070530624755332,6.070530670649576,True,3.43,-1.11,-2.92,,,,False,NASA_CDAWEB_OMNI_HRO_1MIN,False
2024-11-24 04:14:00,,,,,,,,,,,False,False,5.399778842926025,-2.115804433822632,-1.770150601863861,5.399778842926025,-2.400415301322937,-1.3665151596069336,1.0,6.058749786449249,6.058749804320331,True,3.94,0.34,-3.52,,,,False,NASA_CDAWEB_OMNI_HRO_1MIN,False
2024-11-24 04:15:00,,,,,,,,,,,False,False,5.412647008895874,-1.995238482952118,-1.3339633345603943,5.412647008895874,-2.2428510189056396,-0.9552776217460632,1.0,5.962804578154195,5.962804584354032,True,3.08,-0.48,-3.2,,,,False,NASA_CDAWEB_OMNI_HRO_1MIN,False
2024-11-24 04:16:00,,,,,,,,,,,False,False,5.483679533004761,-1.678297221660614,-1.5744546055793762,5.483679533004761,-1.9131563305854797,-1.2333688139915466,1.0,5.950181588108579,5.950181612137991,True,3.59,0.51,-3.28,417.1,6.74,100267.0,True,NASA_CDAWEB_OMNI_HRO_1MIN,False
2024-11-24 04:17:00,,,,,,,,,,,False,False,5.607186794281006,-1.5502039790153503,-1.7608387470245361,5.607186794281006,-1.8354930877685547,-1.4378607273101807,1.0,6.052061851103078,6.05206185728349,True,4.32,1.16,-4.1,417.1,6.74,100290.0,True,NASA_CDAWEB_OMNI_HRO_1MIN,False
2024-11-24 04:18:00,,,,,,,,,,,False,False,5.6018877029418945,-1.698286771774292,-1.5646487474441528,5.6018877029418945,-1.9653210639953613,-1.2412371039390564,1.0,6.030750626351359,6.0307506233848684,True,2.29,-1.66,-3.42,420.1,6.78,113960.0,True,NASA_CDAWEB_OMNI_HRO_1MIN,False
2024-11-24 04:19:00,,,,,,,,,,,False,False,5.583691120147705,-1.5704014301300049,-1.4624353647232056,5.583691120147705,-1.7943474650382996,-1.1764015555381775,1.0,5.995214474130197,5.9952144463440185,True,4.03,0.94,-3.85,425.2,6.99,102792.0,True,NASA_CDAWEB_OMNI_HRO_1MIN,False
2024-11-24 04:20:00,,,,,,,,,,,False,False,5.679244041442871,-1.4726740717887878,-1.6276696920394897,5.679244041442871,-1.7480782270431519,-1.335109293460846,1.0,6.080190511813306,6.080190522909049,True,4.1,0.93,-3.84,415.2,7.13,106182.0,True,NASA_CDAWEB_OMNI_HRO_1MIN,False
2024-11-24 04:21:00,,,,,,,,,,,False,False,5.5982770919799805,-1.7010290622711182,-1.8390636444091797,5.5982770919799805,-2.014352321624756,-1.490257203578949,1.0,6.134220742360427,6.134220752309719,True,3.49,-3.06,-3.21,408.4,7.14,111677.0,True,NASA_CDAWEB_OMNI_HRO_1MIN,False
2024-11-24 04:22:00,,,,,,,,,,,False,False,5.5450544357299805,-1.2014857530593872,-2.3694227933883667,5.5450544357299805,-1.6001582741737366,-2.1098594069480896,1.0,6.126093584401296,6.126093581385346,True,3.85,-1.66,-3.18,414.3,6.99,112608.0,True,NASA_CDAWEB_OMNI_HRO_1MIN,False
2024-11-24 04:23:00,,,,,,,,,,,False,False,5.579564809799194,-1.3095537424087524,-2.288439989089966,5.579564809799194,-1.7238616943359375,-2.0418202877044678,1.0,6.177851440246305,6.177851456427613,True,4.79,2.58,-3.5,408.3,6.65,111812.0,True,NASA_CDAWEB_OMNI_HRO_1MIN,False
2024-11-24 04:24:00,,,,,,,,,,,False,False,5.5014190673828125,-1.1033662855625153,-2.3646905422210693,5.5014190673828125,-1.572267770767212,-1.988242745399475,1.0,6.07925956161519,6.079259515028811,True,4.76,1.02,-3.73,408.3,6.65,111812.0,True,NASA_CDAWEB_OMNI_HRO_1MIN,False
2024-11-24 04:25:00,,,,,,,,,,,False,False,5.835922956466675,-0.6659077107906342,-1.45576810836792,5.835922956466675,-0.9897905588150024,-1.287780523300171,1.0,6.0418411934110665,6.041841180822288,True,4.6,0.23,-4.1,408.3,6.65,111812.0,True,NASA_CDAWEB_OMNI_HRO_1MIN,False
2024-11-24 04:26:00,,,,,,,,,,,False,False,5.807404518127441,-0.07588286697864532,-1.4358307123184204,5.807404518127441,-0.34636780619621277,-1.4046217203140259,1.0,5.999062796858539,5.999062789412948,True,4.89,0.85,-3.45,,,,False,NASA_CDAWEB_OMNI_HRO_1MIN,False
2024-11-24 04:27:00,,,,,,,,,,,False,False,5.829810380935669,-0.47261929512023926,-1.668671190738678,5.829810380935669,-0.7924332022666931,-1.5426658987998962,1.0,6.0703281707498,6.070328163041847,True,4.64,1.0,-3.6,413.4,7.94,100070.0,True,NASA_CDAWEB_OMNI_HRO_1MIN,False
2024-11-24 04:28:00,,,,,,,,,,,False,False,5.711753845214844,-0.8751565217971802,-1.6320143938064575,5.711753845214844,-1.1834495663642883,-1.460168182849884,1.0,6.040814169547366,6.0408141784338945,True,4.57,0.87,-3.66,413.4,7.94,100070.0,True,NASA_CDAWEB_OMNI_HRO_1MIN,False
2024-11-24 04:29:00,,,,,,,,,,,False,False,5.867133855819702,-0.6724682152271271,-1.1599810719490051,5.867133855819702,-0.9072399139404297,-1.0034117102622986,1.0,6.026925608373684,6.026925612496795,True,4.61,-0.79,-2.9,404.9,7.6,116490.0,True,NASA_CDAWEB_OMNI_HRO_1MIN,False
2024-11-24 04:30:00,,,,,,,,,,,False,False,5.783770561218262,-1.0303238928318024,-1.400764286518097,5.783770561218262,-1.2678745985031128,-1.1967471241950989,1.0,6.016539415996542,6.016539387195995,True,4.65,-0.54,-3.11,404.9,7.6,116490.0,True,NASA_CDAWEB_OMNI_HRO_1MIN,False
2024-11-24 04:31:00,,,,,,,,,,,False,False,5.811419725418091,-0.7949609756469727,-1.1366551518440247,5.811419725418091,-0.9813044965267181,-0.9379456639289856,1.0,5.963459085033354,5.963459090225539,True,4.68,0.15,-2.9,404.9,7.6,116490.0,True,NASA_CDAWEB_OMNI_HRO_1MIN,False
2024-11-24 04:32:00,,,,,,,,,,,False,False,5.626962184906006,-0.2603153586387634,-2.3366289138793945,5.626962184906006,-0.7117293477058411,-2.230895757675171,1.0,6.110838676153382,6.110838707423547,True,4.96,0.41,-2.47,,,,False,NASA_CDAWEB_OMNI_HRO_1MIN,False
2024-11-24 04:33:00,,,,,,,,,,,False,False,5.673223495483398,-0.3987468257546425,-2.218231201171875,5.673223495483398,-0.8378975093364716,-2.096250534057617,1.0,6.106455550680691,6.106455527470404,True,4.56,2.79,-2.04,413.7,7.61,115781.0,True,NASA_CDAWEB_OMNI_HRO_1MIN,False
2024-11-24 04:34:00,,,,,,,,,,,False,False,2.3529785871505737,-5.262236833572388,1.148391306400299,2.3529785871505737,-4.92538857460022,2.168901801109314,1.0,5.869909197146025,5.869909214777179,True,4.51,2.72,-2.08,414.8,7.76,131672.0,True,NASA_CDAWEB_OMNI_HRO_1MIN,False
2024-11-24 04:35:00,,,,,,,,,,,False,False,2.7370985746383667,-5.345297813415527,0.37332379817962646,2.7370985746383667,-5.150981664657593,1.389375925064087,1.0,5.970018691835903,5.970018770467015,True,4.25,2.5,-2.32,413.7,7.52,107956.0,True,NASA_CDAWEB_OMNI_HRO_1MIN,False
2024-11-24 04:36:00,,,,,,,,,,,False,False,3.457760810852051,-4.888004541397095,0.23164575546979904,3.457760810852051,-4.745150327682495,1.1565274000167847,1.0,5.916745656549502,5.9167454782886555,True,5.04,2.05,-1.33,412.4,7.51,107124.0,True,NASA_CDAWEB_OMNI_HRO_1MIN,False
2024-11-24 04:37:00,,,,,,,,,,,False,False,2.974536180496216,-5.216587066650391,0.051423391327261925,2.974536180496216,-5.09883451461792,1.0921911299228668,1.0,6.017170113590756,6.017170131042008,True,5.09,1.0,-1.82,402.6,7.34,115380.0,True,NASA_CDAWEB_OMNI_HRO_1MIN,False
2024-11-24 04:38:00,,,,,,,,,,,False,False,3.5089807510375977,-4.760006427764893,-1.256386935710907,3.5089807510375977,-4.847924470901489,-0.1646275743842125,1.0,6.020321189260033,6.020321196881658,True,5.02,1.7,-2.41,403.5,7.31,127327.0,True,NASA_CDAWEB_OMNI_HRO_1MIN,False
2024-11-24 04:39:00,,,,,,,,,,,False,False,3.8754475116729736,-4.393617630004883,-1.3188174366950989,3.8754475116729736,-4.523597478866577,-0.4203122407197952,1.0,6.003865303747736,6.003865295937235,True,5.27,1.04,-1.79,397.6,7.5,122545.0,True,NASA_CDAWEB_OMNI_HRO_1MIN,False
2024-11-24 04:40:00,,,,,,,,,,,False,False,4.772264719009399,-3.0562312602996826,-0.8306264458224177,4.772264719009399,-3.16237735748291,-0.12580671906471252,1.0,5.815722223521854,5.815722202952838,True,5.16,-0.07,-1.54,402.0,7.6,120201.0,True,NASA_CDAWEB_OMNI_HRO_1MIN,False
2024-11-24 04:41:00,,,,,,,,,,,False,False,4.899765968322754,-2.7820600271224976,-0.8491067588329315,4.899765968322754,-2.8032184839248657,-0.22686798870563507,1.0,5.718257806392915,5.718257813726325,True,4.61,-2.1,-0.8,403.0,7.55,95113.0,True,NASA_CDAWEB_OMNI_HRO_1MIN,False
2024-11-24 04:42:00,,,,,,,,,,,False,False,5.212092161178589,-2.310415267944336,-1.3627960681915283,5.212092161178589,-2.5407761335372925,-0.8599583804607391,1.0,5.849189649288421,5.849189636402044,True,4.57,-3.36,-0.67,415.7,7.49,121352.0,True,NASA_CDAWEB_OMNI_HRO_1MIN,False
2024-11-24 04:43:00,,,,,,,,,,,False,False,4.829131841659546,-1.7324492931365967,-2.189859986305237,4.829131841659546,-2.1340023279190063,-1.7296486496925354,1.0,5.749734149517328,5.749734171627839,True,3.92,-3.22,-1.28,405.3,7.78,131772.0,True,NASA_CDAWEB_OMNI_HRO_1MIN,False
2024-11-24 04:44:00,,,,,,,,,,,False,False,4.178116321563721,-2.0296685099601746,-3.204127550125122,4.178116321563721,-2.5287200212478638,-2.568373680114746,1.0,5.866342760387017,5.866342778602216,True,4.49,-3.47,-0.6,401.9,6.99,121589.0,True,NASA_CDAWEB_OMNI_HRO_1MIN,False
2024-11-24 04:45:00,,,,,,,,,,,False,False,4.410329580307007,-1.2239322662353516,-4.007578611373901,4.410329580307007,-2.1387081146240234,-3.6567916870117188,1.0,6.106463879161841,6.106463820599391,True,4.68,-3.22,-0.88,397.8,7.27,108267.0,True,NASA_CDAWEB_OMNI_HRO_1MIN,False
2024-11-24 04:46:00,,,,,,,,,,,False,False,3.7629395723342896,-0.688575029373169,-4.971234560012817,3.7629395723342896,-1.693260669708252,-4.721268653869629,1.0,6.205339259354492,6.205339091817743,True,4.12,-3.45,-1.05,409.8,7.23,100956.0,True,NASA_CDAWEB_OMNI_HRO_1MIN,False
2024-11-24 04:47:00,,,,,,,,,,,False,False,4.073645353317261,-1.3825930953025818,-4.482060670852661,4.073645353317261,-2.1671594381332397,-4.07484769821167,1.0,6.1531429189187,6.153142834799192,True,4.43,-3.92,-0.81,411.0,7.32,112379.0,True,NASA_CDAWEB_OMNI_HRO_1MIN,False
2024-11-24 04:48:00,,,,,,,,,,,False,False,2.538997530937195,-1.2396079897880554,-5.4904093742370605,2.538997530937195,-2.3719382286071777,-4.945458650588989,1.0,6.315410049418995,6.3154098477356975,True,4.79,-2.85,-0.49,409.6,7.24,111551.0,True,NASA_CDAWEB_OMNI_HRO_1MIN,False
2024-11-24 04:49:00,,,,,,,,,,,False,False,4.9622483253479,-0.38589178025722504,-2.704058885574341,4.9622483253479,-0.7613034844398499,-2.7310729026794434,1.0,5.667185033085353,5.667185072494713,True,4.88,-4.05,-0.11,404.9,7.18,103695.0,True,NASA_CDAWEB_OMNI_HRO_1MIN,False
2024-11-24 04:50:00,,,,,,,,,,,False,False,5.254967927932739,-0.3545365184545517,0.3100541830062866,5.254967927932739,-0.28060752153396606,0.37827035784721375,1.0,5.336631813947591,5.336631810927509,True,4.72,-1.85,-1.55,407.0,7.06,136446.0,True,NASA_CDAWEB_OMNI_HRO_1MIN,False
2024-11-24 04:51:00,,,,,,,,,,,False,False,5.10801100730896,-0.40953022614121437,0.254191592335701,5.10801100730896,-0.3865953106433153,0.5105098187923431,1.0,5.272690082435098,5.272690100848129,True,3.72,-5.52,-0.36,408.7,7.02,130504.0,True,NASA_CDAWEB_OMNI_HRO_1MIN,False
2024-11-24 04:52:00,,,,,,,,,,,False,False,2.753764271736145,-3.3941818475723267,-5.127394437789917,2.753764271736145,-4.390029430389404,-4.332414865493774,1.0,6.637680769458602,6.6376807655819965,True,4.77,0.51,-3.47,413.0,6.9,114859.0,True,NASA_CDAWEB_OMNI_HRO_1MIN,False
2024-11-24 04:53:00,,,,,,,,,,,False,False,2.1521658897399902,-3.586987853050232,-5.398211479187012,2.1521658897399902,-4.6743199825286865,-4.503205060958862,1.0,6.929301713403961,6.929301740649745,True,4.44,-3.4,-2.18,,,,False,NASA_CDAWEB_OMNI_HRO_1MIN,False
2024-11-24 04:54:00,,,,,,,,,,,False,False,1.477717638015747,-4.5443572998046875,-4.973180770874023,1.477717638015747,-5.472086191177368,-3.8663195371627808,1.0,6.945336675378734,6.9453366151112945,True,5.01,1.77,-3.69,,,,False,NASA_CDAWEB_OMNI_HRO_1MIN,False
2024-11-24 04:55:00,,,,,,,,,,,False,False,0.9800169765949249,-3.7767586708068848,-5.510496139526367,0.9800169765949249,-4.717007637023926,-4.487981081008911,1.0,6.998640496637452,6.99864046172303,True,4.84,-2.1,-2.37,,,,False,NASA_CDAWEB_OMNI_HRO_1MIN,False
2024-11-24 04:56:00,,,,,,,,,,,False,False,0.6539764106273651,-4.002848505973816,-5.0838751792907715,0.6539764106273651,-5.002695322036743,-4.061750173568726,1.0,6.772248330953651,6.772248177336905,True,5.29,-3.08,-1.16,,,,False,NASA_CDAWEB_OMNI_HRO_1MIN,False
2024-11-24 04:57:00,,,,,,,,,,,False,False,-2.622578740119934,-2.0013054609298706,-6.904589653015137,-2.622578740119934,-3.4528660774230957,-6.267350912094116,1.0,7.633497729340361,7.633497717752002,True,4.83,-2.11,-2.42,,,,False,NASA_CDAWEB_OMNI_HRO_1MIN,False
2024-11-24 04:58:00,,,,,,,,,,,False,False,-2.3378556966781616,-3.5713839530944824,-6.295902729034424,-2.3378556966781616,-4.823314189910889,-5.3715691566467285,1.0,7.563066367084832,7.563066434020455,True,4.08,0.73,-2.95,,,,False,NASA_CDAWEB_OMNI_HRO_1MIN,False
2024-11-24 04:59:00,,,,,,,,,,,False,False,-2.0024726390838623,-4.17314600944519,-5.793656587600708,-2.0024726390838623,-5.348070383071899,-4.730588674545288,1.0,7.39264673385979,7.392646878161701,True,4.27,0.68,-3.57,410.6,7.53,114744.0,True,NASA_CDAWEB_OMNI_HRO_1MIN,False
2024-11-24 05:00:00,,,,,,,,,,,False,False,-2.4768168926239014,-3.957617163658142,-5.830972194671631,-2.4768168926239014,-5.131882429122925,-4.788176774978638,1.0,7.38510239260434,7.385102197003418,True,4.45,-0.43,-3.02,410.7,8.36,153290.0,True,NASA_CDAWEB_OMNI_HRO_1MIN,False
2024-11-24 05:01:00,,,,,,,,,,,False,False,-1.4757463335990906,-4.685401439666748,-5.518624544143677,-1.4757463335990906,-5.794390439987183,-4.339719533920288,1.0,7.4004352253177945,7.400435212019224,True,4.44,-0.07,-3.01,410.8,9.75,217075.0,True,NASA_CDAWEB_OMNI_HRO_1MIN,False
2024-11-24 05:02:00,,,,,,,,,,,False,False,-1.4050366878509521,-4.476759195327759,-5.800746917724609,-1.4050366878509521,-5.6571879386901855,-4.656851530075073,1.0,7.398693149918291,7.39869316316699,True,4.51,-3.77,-1.79,,,,False,NASA_CDAWEB_OMNI_HRO_1MIN,False
2024-11-24 05:03:00,,,,,,,,,,,False,False,-0.8459211587905884,-4.436816930770874,-5.855897903442383,-0.8459211587905884,-5.6430745124816895,-4.705953598022461,1.0,7.410613985551364,7.410614148256522,True,3.94,1.38,-2.84,408.0,9.21,159714.0,True,NASA_CDAWEB_OMNI_HRO_1MIN,False
2024-11-24 05:04:00,,,,,,,,,,,False,False,-0.6717926561832428,-5.076470851898193,-5.217210531234741,-0.6717926561832428,-6.119509935379028,-3.942252993583679,1.0,7.300231504490194,7.300231333355372,True,4.54,-1.64,-2.85,408.0,9.21,159714.0,True,NASA_CDAWEB_OMNI_HRO_1MIN,False
2024-11-24 05:05:00,,,,,,,,,,,False,False,-0.6068311631679535,-4.51889181137085,-5.860710382461548,-0.6068311631679535,-5.7004475593566895,-4.685193777084351,1.0,7.407865684312549,7.4078655174500545,True,5.07,-1.26,-2.62,408.0,9.21,159714.0,True,NASA_CDAWEB_OMNI_HRO_1MIN,False
2024-11-24 05:06:00,,,,,,,,,,,False,False,-0.2542288601398468,-4.001780867576599,-6.2462663650512695,-0.2542288601398468,-5.3131263256073,-5.176947116851807,1.0,7.410741854896063,7.410741474798018,True,4.12,1.74,-3.97,,,,False,NASA_CDAWEB_OMNI_HRO_1MIN,False
2024-11-24 05:07:00,,,,,,,,,,,False,False,0.8277284801006317,-3.451521635055542,-6.3324809074401855,0.8277284801006317,-4.801996469497681,-5.380876779556274,1.0,7.351168592641541,7.351168408765837,True,,,,,,,False,NASA_CDAWEB_OMNI_HRO_1MIN,False
2024-11-24 05:08:00,,,,,,,,,,,False,False,-0.9389114677906036,-4.967952013015747,-5.425790309906006,-0.9389114677906036,-6.0669450759887695,-4.13907790184021,1.0,7.469168514595532,7.469168526774795,True,5.28,2.06,-2.98,,,,False,NASA_CDAWEB_OMNI_HRO_1MIN,False
2024-11-24 05:09:00,,,,,,,,,,,False,False,-0.3361207842826843,-5.1828179359436035,-5.31859278678894,-0.3361207842826843,-6.264090061187744,-3.9887508153915405,1.0,7.38542081626257,7.385420884425464,True,,,,,,,False,NASA_CDAWEB_OMNI_HRO_1MIN,False
2024-11-24 05:10:00,,,,,,,,,,,False,False,1.1436839699745178,-4.934527397155762,-4.937329530715942,1.1436839699745178,-5.950275182723999,-3.6653352975845337,1.0,7.084516567646003,7.084516340430377,True,5.58,1.44,-3.02,,,,False,NASA_CDAWEB_OMNI_HRO_1MIN,False
2024-11-24 05:11:00,,,,,,,,,,,False,False,2.0464152693748474,-4.649365425109863,-4.350628137588501,2.0464152693748474,-5.574963569641113,-3.285810112953186,1.0,6.819765658821666,6.8197656077983115,True,,,,,,,False,NASA_CDAWEB_OMNI_HRO_1MIN,False
2024-11-24 05:12:00,,,,,,,,,,,False,False,2.744996666908264,-4.883477687835693,-3.5865209102630615,2.744996666908264,-5.5682432651519775,-2.2984195947647095,1.0,6.7494275235737184,6.749427661800572,True,5.64,1.3,-2.72,402.6,7.51,95017.0,True,NASA_CDAWEB_OMNI_HRO_1MIN,False
2024-11-24 05:13:00,,,,,,,,,,,False,False,0.026049461215734482,-6.813610076904297,-3.2165310382843018,0.026049461215734482,-7.377386093139648,-1.6328974962234497,1.0,7.539444145507323,7.539444137729774,True,5.64,1.3,-2.72,402.6,7.51,95017.0,True,NASA_CDAWEB_OMNI_HRO_1MIN,False
2024-11-24 05:14:00,,,,,,,,,,,False,False,-0.1485950294882059,-6.066148519515991,-4.211695075035095,-0.1485950294882059,-6.877361536026001,-2.669386386871338,1.0,7.469095743246685,7.469095695313521,True,5.3,1.9,-3.54,402.6,7.51,95017.0,True,NASA_CDAWEB_OMNI_HRO_1MIN,False
2024-11-24 05:15:00,,,,,,,,,,,False,False,0.6259662955999374,-5.8053929805755615,-4.476258754730225,0.6259662955999374,-6.7285003662109375,-2.9825538396835327,1.0,7.411382092632674,7.411382069888294,True,4.84,1.58,-4.18,411.5,7.4,120192.0,True,NASA_CDAWEB_OMNI_HRO_1MIN,False
2024-11-24 05:16:00,,,,,,,,,,,False,False,-0.8234863579273224,-5.634076118469238,-4.825982093811035,-0.8234863579273224,-6.607340335845947,-3.353662371635437,1.0,7.502406614022379,7.5024067448661835,True,5.09,1.66,-3.77,408.2,7.81,133630.0,True,NASA_CDAWEB_OMNI_HRO_1MIN,False
2024-11-24 05:17:00,,,,,,,,,,,False,False,0.6816722452640533,-5.749146461486816,-4.35478401184082,0.6816722452640533,-6.621158123016357,-2.860034227371216,1.0,7.322764339983812,7.322764226204294,True,5.35,1.58,-3.34,407.1,7.95,138233.0,True,NASA_CDAWEB_OMNI_HRO_1MIN,False
2024-11-24 05:18:00,,,,,,,,,,,False,False,0.059538181871175766,-5.520432472229004,-5.084962606430054,0.059538181871175766,-6.557514429092407,-3.6317553520202637,1.0,7.588632643742688,7.588632542006959,True,5.42,1.81,-3.0,404.9,7.92,105809.0,True,NASA_CDAWEB_OMNI_HRO_1MIN,False
2024-11-24 05:19:00,,,,,,,,,,,False,False,0.7056096494197845,-5.6243579387664795,-5.195366382598877,0.7056096494197845,-6.69874906539917,-3.70837140083313,1.0,7.693714382972358,7.693713953779437,True,5.32,2.01,-2.98,406.0,7.54,110916.0,True,NASA_CDAWEB_OMNI_HRO_1MIN,False
2024-11-24 05:20:00,,,,,,,,,,,False,False,-0.2021697536110878,-5.576260328292847,-5.324716567993164,-0.2021697536110878,-6.707763195037842,-3.8439502716064453,1.0,7.952254011027939,7.9522541214109665,True,5.1,2.06,-3.26,408.1,6.8,121005.0,True,NASA_CDAWEB_OMNI_HRO_1MIN,False
2024-11-24 05:21:00,,,,,,,,,,,False,False,0.07669907808303833,-6.165346145629883,-5.186705589294434,0.07669907808303833,-7.253511905670166,-3.558224678039551,1.0,8.10566171632423,8.105661825180286,True,5.27,2.46,-2.53,407.4,6.94,110775.0,True,NASA_CDAWEB_OMNI_HRO_1MIN,False
2024-11-24 05:22:00,,,,,,,,,,,False,False,0.3324709087610245,-6.274769306182861,-5.234797239303589,0.3324709087610245,-7.336781978607178,-3.5626842975616455,1.0,8.218986525988893,8.218986494558983,True,5.12,2.88,-2.63,407.7,6.93,110882.0,True,NASA_CDAWEB_OMNI_HRO_1MIN,False
2024-11-24 05:23:00,,,,,,,,,,,False,False,-0.21043703705072403,-6.273712396621704,-5.3678343296051025,-0.21043703705072403,-7.376729249954224,-3.684233546257019,1.0,8.244345618216705,8.244345604920888,True,5.17,2.59,-2.33,413.6,6.87,108675.0,True,NASA_CDAWEB_OMNI_HRO_1MIN,False
2024-11-24 05:24:00,,,,,,,,,,,False,False,-0.5300461500883102,-6.379725456237793,-5.217361927032471,-0.5300461500883102,-7.4748289585113525,-3.5156407356262207,1.0,8.327261927198771,8.327261663757369,True,5.45,2.27,-2.36,406.7,7.26,98244.0,True,NASA_CDAWEB_OMNI_HRO_1MIN,False
2024-11-24 05:25:00,,,,,,,,,,,False,False,-0.05893065221607685,-6.3078837394714355,-5.336879253387451,-0.05893065221607685,-7.389215469360352,-3.6340402364730835,1.0,8.21176165774743,8.211761578241573,True,5.36,2.32,-2.41,410.2,7.6,115483.0,True,NASA_CDAWEB_OMNI_HRO_1MIN,False
2024-11-24 05:26:00,,,,,,,,,,,False,False,0.5865049660205841,-5.912759065628052,-5.651926517486572,0.5865049660205841,-7.167096853256226,-4.053337574005127,1.0,8.192440303412088,8.192440376968328,True,5.13,1.91,-2.71,410.4,7.6,115365.0,True,NASA_CDAWEB_OMNI_HRO_1MIN,False
2024-11-24 05:27:00,,,,,,,,,,,False,False,-1.0836894810199738,-4.277479648590088,-7.0483717918396,-1.0836894810199738,-5.86174464225769,-5.778958559036255,1.0,8.360949515887274,8.36094956968833,True,4.85,1.25,-4.1,413.5,7.58,107649.0,True,NASA_CDAWEB_OMNI_HRO_1MIN,False
2024-11-24 05:28:00,,,,,,,,,,,False,False,0.2844122648239136,-4.614038705825806,-6.752438306808472,0.2844122648239136,-6.132230281829834,-5.411161661148071,1.0,8.19797041716921,8.197970246657864,True,5.53,1.44,-3.13,411.0,7.63,107003.0,True,NASA_CDAWEB_OMNI_HRO_1MIN,False
2024-11-24 05:29:00,,,,,,,,,,,False,False,-0.24272318184375763,-5.747545480728149,-6.082423686981201,-0.24272318184375763,-7.049286127090454,-4.412316799163818,1.0,8.3457979061159,8.345797840852573,True,5.58,0.93,-3.37,406.0,7.6,97819.0,True,NASA_CDAWEB_OMNI_HRO_1MIN,False
2024-11-24 05:30:00,,,,,,,,,,,False,False,0.5348682999610901,-5.10966420173645,-6.580205917358398,0.5348682999610901,-6.62285304069519,-5.135021448135376,1.0,8.464792354314433,8.464792177219453,True,4.95,1.86,-3.9,406.0,7.6,97819.0,True,NASA_CDAWEB_OMNI_HRO_1MIN,False
2024-11-24 05:31:00,,,,,,,,,,,False,False,2.4514575004577637,-3.393482208251953,-6.66249942779541,2.4514575004577637,-4.944952011108398,-5.628183841705322,1.0,7.868917094274664,7.868916842229412,True,5.29,1.41,-3.57,413.5,7.44,103342.0,True,NASA_CDAWEB_OMNI_HRO_1MIN,False
2024-11-24 05:32:00,,,,,,,,,,,False,False,2.922816276550293,-2.416795790195465,-6.736038446426392,2.922816276550293,-3.964032530784607,-5.969032526016235,1.0,7.67614675915706,7.676146962233213,True,4.58,2.44,-3.23,413.9,7.43,103644.0,True,NASA_CDAWEB_OMNI_HRO_1MIN,False
2024-11-24 05:33:00,,,,,,,,,,,False,False,2.2896808385849,-3.09893536567688,-6.715478181838989,2.2896808385849,-4.630048036575317,-5.71008825302124,1.0,7.7201646700236815,7.720164764135539,True,5.59,2.37,-2.44,399.6,7.5,113378.0,True,NASA_CDAWEB_OMNI_HRO_1MIN,False
2024-11-24 05:34:00,,,,,,,,,,,False,False,0.7436841130256653,-5.412714242935181,-5.4582977294921875,0.7436841130256653,-6.590882062911987,-3.881067395210266,1.0,7.691516117688231,7.69151620442992,True,5.45,2.26,-2.37,399.6,7.5,113378.0,True,NASA_CDAWEB_OMNI_HRO_1MIN,False
2024-11-24 05:35:00,,,,,,,,,,,False,False,3.3999146223068237,-2.332732081413269,-6.200145721435547,3.3999146223068237,-3.873206615447998,-5.431676387786865,1.0,7.561993518098718,7.561993384653816,True,5.37,2.85,-1.96,403.6,7.56,115368.0,True,NASA_CDAWEB_OMNI_HRO_1MIN,False
2024-11-24 05:36:00,,,,,,,,,,,False,False,2.5152173042297363,-4.28240430355072,-5.588608026504517,2.5152173042297363,-5.591790199279785,-4.3263068199157715,1.0,7.535875094469166,7.535874939267435,True,4.91,3.16,-2.29,414.3,7.71,120668.0,True,NASA_CDAWEB_OMNI_HRO_1MIN,False
2024-11-24 05:37:00,,,,,,,,,,,False,False,2.565139055252075,-4.083003759384155,-5.952686548233032,2.565139055252075,-5.463944911956787,-4.746017217636108,1.0,7.628185690252984,7.628185786177637,True,4.88,3.31,-2.53,416.1,7.41,114645.0,True,NASA_CDAWEB_OMNI_HRO_1MIN,False
2024-11-24 05:38:00,,,,,,,,,,,False,False,3.040566563606262,-3.545752763748169,-6.03051233291626,3.040566563606262,-4.949386835098267,-4.889346122741699,1.0,7.706957465477796,7.706957453327977,True,4.7,3.26,-2.88,416.6,7.33,112960.0,True,NASA_CDAWEB_OMNI_HRO_1MIN,False
2024-11-24 05:39:00,,,,,,,,,,,False,False,2.5733309984207153,-3.684791684150696,-6.1873252391815186,2.5733309984207153,-5.154847860336304,-5.047330856323242,1.0,7.675746647612117,7.675746455622461,True,5.36,0.08,1.35,404.3,6.91,111021.0,True,NASA_CDAWEB_OMNI_HRO_1MIN,False
2024-11-24 05:40:00,,,,,,,,,,,False,False,2.5580750703811646,-2.4920296669006348,-6.6243791580200195,2.5580750703811646,-4.104442834854126,-5.877758264541626,1.0,7.49862187609151,7.498622236707369,True,5.6,2.89,-0.84,404.1,6.9,110982.0,True,NASA_CDAWEB_OMNI_HRO_1MIN,False
2024-11-24 05:41:00,,,,,,,,,,,False,False,0.976887434720993,-3.959712266921997,-6.512433767318726,0.976887434720993,-5.499509811401367,-5.208995580673218,1.0,7.655856213466992,7.655856223334096,True,5.72,2.51,-0.51,411.8,6.89,110310.0,True,NASA_CDAWEB_OMNI_HRO_1MIN,False
2024-11-24 05:42:00,,,,,,,,,,,False,False,0.8681312799453735,-3.4249095916748047,-6.540858507156372,0.8681312799453735,-4.995559215545654,-5.436858654022217,1.0,7.576839663207759,7.576839727922653,True,5.78,1.5,0.0,409.3,6.98,107266.0,True,NASA_CDAWEB_OMNI_HRO_1MIN,False
2024-11-24 05:43:00,,,,,,,,,,,False,False,0.6815550625324249,-4.271327257156372,-5.722487449645996,0.6815550625324249,-5.582639217376709,-4.398836612701416,1.0,7.205447850938271,7.205447851260793,True,5.88,0.35,0.66,398.3,7.38,95320.0,True,NASA_CDAWEB_OMNI_HRO_1MIN,False
2024-11-24 05:44:00,,,,,,,,,,,False,False,0.5591945946216583,-3.9276623725891113,-6.256547927856445,0.5591945946216583,-5.416230201721191,-5.02346134185791,1.0,7.388103473267485,7.38810362562619,True,5.51,0.47,0.15,398.4,7.47,100584.0,True,NASA_CDAWEB_OMNI_HRO_1MIN,False
2024-11-24 05:45:00,,,,,,,,,,,False,False,0.46137362718582153,-5.454845190048218,-5.3743896484375,0.46137362718582153,-6.641307592391968,-3.7700663805007935,1.0,7.699170466054355,7.699170469510586,True,6.57,-0.13,0.11,394.0,7.4,88544.0,True,NASA_CDAWEB_OMNI_HRO_1MIN,False
2024-11-24 05:46:00,,,,,,,,,,,False,False,-0.829674243927002,-2.8563894033432007,-7.876892805099487,-0.829674243927002,-4.70221209526062,-6.837680101394653,1.0,8.395734905907265,8.395734793816501,True,5.9,0.55,0.02,401.1,7.38,92992.0,True,NASA_CDAWEB_OMNI_HRO_1MIN,False
2024-11-24 05:47:00,,,,,,,,,,,False,False,-0.536919355392456,-3.061404824256897,-7.5973193645477295,-0.536919355392456,-4.943875074386597,-6.529797792434692,1.0,8.197909916879338,8.19790994014252,True,6.43,-0.35,0.98,412.8,7.42,102197.0,True,NASA_CDAWEB_OMNI_HRO_1MIN,False
2024-11-24 05:48:00,,,,,,,,,,,False,False,-0.19706977903842926,-2.5830129384994507,-7.797107696533203,-0.19706977903842926,-4.553440570831299,-6.888701438903809,1.0,8.256582170838739,8.256582330143676,True,6.47,-0.24,0.02,394.7,7.48,81976.0,True,NASA_CDAWEB_OMNI_HRO_1MIN,False
2024-11-24 05:49:00,,,,,,,,,,,False,False,-0.47634240984916687,-2.4341068267822266,-7.942975759506226,-0.47634240984916687,-4.465215682983398,-7.033963203430176,1.0,8.30889131874235,8.308891130954606,True,5.53,1.18,-1.53,396.5,7.54,85043.0,True,NASA_CDAWEB_OMNI_HRO_1MIN,False
2024-11-24 05:50:00,,,,,,,,,,,False,False,0.23577767238020897,-2.087567985057831,-8.136759281158447,0.23577767238020897,-4.164006471633911,-7.295615911483765,1.0,8.447941515687662,8.447941908761223,True,5.34,1.17,-2.7,407.3,7.51,105331.0,True,NASA_CDAWEB_OMNI_HRO_1MIN,False
2024-11-24 05:51:00,,,,,,,,,,,False,False,0.180271714925766,-1.9637160897254944,-8.09528923034668,0.180271714925766,-4.03312873840332,-7.273693561553955,1.0,8.340884572994083,8.340884453911592,True,6.37,-0.83,1.15,408.8,7.44,109570.0,True,NASA_CDAWEB_OMNI_HRO_1MIN,False
2024-11-24 05:52:00,,,,,,,,,,,False,False,1.251963198184967,-2.162136435508728,-7.7610273361206055,1.251963198184967,-4.148382663726807,-6.906480073928833,1.0,8.18913613507818,8.189135937996772,True,6.25,-0.45,1.08,400.3,7.26,88709.0,True,NASA_CDAWEB_OMNI_HRO_1MIN,False
2024-11-24 05:53:00,,,,,,,,,,,False,False,1.5303520560264587,-0.4399957060813904,-7.781101942062378,1.5303520560264587,-2.49723482131958,-7.370113372802734,1.0,7.999829568144894,7.999829596041965,True,6.24,-0.67,-0.45,399.4,7.2,90412.0,True,NASA_CDAWEB_OMNI_HRO_1MIN,False
2024-11-24 05:54:00,,,,,,,,,,,False,False,1.6461207866668701,-0.02577042579650879,-7.615808010101318,1.6461207866668701,-2.016394555568695,-7.2784364223480225,1.0,7.765559254305959,7.765559417060041,True,6.27,-1.18,0.68,399.1,7.21,89879.0,True,NASA_CDAWEB_OMNI_HRO_1MIN,False
2024-11-24 05:55:00,,,,,,,,,,,False,False,2.6743820905685425,1.6976172924041748,-6.010122060775757,2.6743820905685425,0.021198522299528122,-6.245213508605957,1.0,6.907215716968045,6.907215758525902,True,5.83,-0.1,0.65,400.8,7.59,103352.0,True,NASA_CDAWEB_OMNI_HRO_1MIN,False
2024-11-24 05:56:00,,,,,,,,,,,False,False,2.305024266242981,0.8640516698360443,-6.715209245681763,2.305024266242981,-0.9969232678413391,-6.6941077709198,1.0,7.147459738179284,7.147459683470738,True,5.67,-1.05,1.68,404.8,7.58,110054.0,True,NASA_CDAWEB_OMNI_HRO_1MIN,False
2024-11-24 05:57:00,,,,,,,,,,,False,False,2.7947471141815186,1.3287506699562073,-6.039124011993408,2.7947471141815186,-0.35697677731513977,-6.073108911514282,1.0,6.7069159637797355,6.706915896492254,True,6.17,-0.11,-0.68,404.5,7.68,117671.0,True,NASA_CDAWEB_OMNI_HRO_1MIN,False
2024-11-24 05:58:00,,,,,,,,,,,False,False,3.0545772314071655,-0.3459775000810623,-5.765684127807617,3.0545772314071655,-1.86252099275589,-5.484766960144043,1.0,6.517719486820483,6.517719394885555,True,5.41,0.57,-0.69,399.8,7.63,109390.0,True,NASA_CDAWEB_OMNI_HRO_1MIN,False
2024-11-24 05:59:00,,,,,,,,,,,False,False,3.7440696954727173,-1.723592758178711,-5.022277116775513,3.7440696954727173,-3.0654367208480835,-4.4277520179748535,1.0,6.465267951881646,6.465267950847748,True,5.84,0.12,-1.06,404.9,7.43,112049.0,True,NASA_CDAWEB_OMNI_HRO_1MIN,False
2024-11-24 06:00:00,,,,,,,,,,,False,False,3.802008271217346,-1.990195870399475,-4.7472474575042725,3.802008271217346,-3.1828572750091553,-4.025819301605225,1.0,6.371095133744914,6.371095292012259,True,6.49,0.45,0.01,401.6,7.48,101989.0,True,NASA_CDAWEB_OMNI_HRO_1MIN,False
2024-11-24 06:01:00,,,,,,,,,,,False,False,4.151979684829712,-2.217713713645935,-5.015471696853638,4.151979684829712,-3.484517812728882,-4.15563690662384,1.0,7.000041808134078,7.00004169007728,True,6.3,0.23,-0.31,398.9,7.57,91883.0,True,NASA_CDAWEB_OMNI_HRO_1MIN,False
2024-11-24 06:02:00,,,,,,,,,,,False,False,4.373488187789917,-3.646415591239929,-4.413351058959961,4.373488187789917,-4.699041366577148,-3.2446824312210083,1.0,7.086838681316269,7.086838489694921,True,6.38,-0.9,-1.07,395.8,7.77,101541.0,True,NASA_CDAWEB_OMNI_HRO_1MIN,False
2024-11-24 06:03:00,,,,,,,,,,,False,False,4.086606502532959,-2.1887223720550537,-5.69308876991272,4.086606502532959,-3.6176677942276,-4.872236013412476,1.0,7.434751522395377,7.434751591901458,True,5.24,1.65,-3.31,396.1,7.78,102495.0,True,NASA_CDAWEB_OMNI_HRO_1MIN,False
2024-11-24 06:04:00,,,,,,,,,,,False,False,3.6561189889907837,-1.948626160621643,-6.254667282104492,3.6561189889907837,-3.5990095138549805,-5.421152591705322,1.0,7.577304118948234,7.5773039673018605,True,5.11,0.19,-1.63,,,,False,NASA_CDAWEB_OMNI_HRO_1MIN,False
2024-11-24 06:05:00,,,,,,,,,,,False,False,3.663567543029785,-1.8886480927467346,-6.319417715072632,3.663567543029785,-3.595599055290222,-5.302813768386841,1.0,7.624846250823507,7.624846307304976,True,4.58,1.31,-1.44,,,,False,NASA_CDAWEB_OMNI_HRO_1MIN,False
2024-11-24 06:06:00,,,,,,,,,,,False,False,4.3828277587890625,-2.0132020711898804,-5.62694787979126,4.3828277587890625,-3.5184175968170166,-4.829676389694214,1.0,7.429659650111332,7.429659670237856,True,5.44,-0.99,1.48,,,,False,NASA_CDAWEB_OMNI_HRO_1MIN,False
2024-11-24 06:07:00,,,,,,,,,,,False,False,4.3362298011779785,-1.5549795627593994,-5.733346939086914,4.3362298011779785,-3.0826385021209717,-5.068201303482056,1.0,7.410258838767387,7.410259017196131,True,4.9,-1.02,0.72,,,,False,NASA_CDAWEB_OMNI_HRO_1MIN,False
2024-11-24 06:08:00,,,,,,,,,,,False,False,3.3429754972457886,-0.300723671913147,-6.830898284912109,3.3429754972457886,-2.246138334274292,-6.491145849227905,1.0,7.591475661521516,7.591475633089798,True,5.46,-0.73,0.22,,,,False,NASA_CDAWEB_OMNI_HRO_1MIN,False
2024-11-24 06:09:00,,,,,,,,,,,False,False,5.8545756340026855,-2.2813656330108643,-2.023167848587036,5.8545756340026855,-2.7752559185028076,-1.3047829270362854,1.0,6.70797759585528,6.707977628973913,True,5.4,1.62,-3.43,,,,False,NASA_CDAWEB_OMNI_HRO_1MIN,False
2024-11-24 06:10:00,,,,,,,,,,,False,False,5.730332136154175,-2.445008158683777,-2.7614965438842773,5.730332136154175,-3.0904706716537476,-1.9489717483520508,1.0,6.842700542651324,6.842700497190208,True,5.1,-1.36,1.95,400.8,6.02,67289.0,True,NASA_CDAWEB_OMNI_HRO_1MIN,False
2024-11-24 06:11:00,,,,,,,,,,,False,False,5.660921096801758,-2.74109947681427,-2.182262420654297,5.660921096801758,-3.2703365087509155,-1.3234764337539673,1.0,6.697762415469141,6.697762411313239,True,4.65,-0.72,1.83,403.9,6.36,81459.0,True,NASA_CDAWEB_OMNI_HRO_1MIN,False
2024-11-24 06:12:00,,,,,,,,,,,False,False,5.858142852783203,-2.254175543785095,-2.4122965335845947,5.858142852783203,-2.8589478731155396,-1.6733019948005676,1.0,6.72588900108067,6.725888961584524,True,4.75,-0.19,0.76,410.4,7.1,111241.0,True,NASA_CDAWEB_OMNI_HRO_1MIN,False
2024-11-24 06:13:00,,,,,,,,,,,False,False,5.766904830932617,-2.2857725620269775,-1.6146034002304077,5.766904830932617,-2.630170226097107,-0.9485398828983307,1.0,6.415146462552176,6.4151464372441005,True,5.11,0.86,-0.54,405.7,7.25,121480.0,True,NASA_CDAWEB_OMNI_HRO_1MIN,False
2024-11-24 06:14:00,,,,,,,,,,,False,False,5.864886522293091,-1.8452509641647339,-1.4286072254180908,5.864886522293091,-2.174558162689209,-0.8468570709228516,1.0,6.35614371033299,6.356143723159881,True,,,,405.7,7.25,121480.0,False,NASA_CDAWEB_OMNI_HRO_1MIN,False
2024-11-24 06:15:00,,,,,,,,,,,False,False,5.979043006896973,-1.588264524936676,-1.229238361120224,5.979043006896973,-1.7643365859985352,-0.7110289633274078,1.0,6.309219941483158,6.309219947111649,True,5.48,-2.71,3.92,,,,False,NASA_CDAWEB_OMNI_HRO_1MIN,False
2024-11-24 06:16:00,,,,,,,,,,,False,False,5.959240913391113,-1.3601390719413757,-0.11293710488826036,5.959240913391113,-1.3562568426132202,0.2615031227469444,1.0,6.101892702601113,6.101892693648878,True,,,,,,,False,NASA_CDAWEB_OMNI_HRO_1MIN,False
2024-11-24 06:17:00,,,,,,,,,,,False,False,5.9238927364349365,-1.4040471911430359,0.8300724029541016,5.9238927364349365,-1.1082351207733154,1.1967379450798035,1.0,6.126981330184462,6.126981322178536,True,,,,,,,False,NASA_CDAWEB_OMNI_HRO_1MIN,False
2024-11-24 06:18:00,,,,,,,,,,,False,False,5.68822455406189,-1.0861517190933228,1.478518784046173,5.68822455406189,-0.6670803129673004,1.718010425567627,1.0,6.056610980791088,6.056610988945597,True,,,,,,,False,NASA_CDAWEB_OMNI_HRO_1MIN,False
2024-11-24 06:19:00,,,,,,,,,,,False,False,5.967544317245483,-1.0101649165153503,0.3210434764623642,5.967544317245483,-0.9222460985183716,0.6193073391914368,1.0,6.065878364695594,6.065878360629771,True,,,,,,,False,NASA_CDAWEB_OMNI_HRO_1MIN,False
2024-11-24 06:20:00,,,,,,,,,,,False,False,5.949295520782471,-0.717145174741745,0.21633386611938477,5.949295520782471,-0.538750633597374,0.4463178217411041,1.0,6.045886270554711,6.045886276845598,True,,,,,,,False,NASA_CDAWEB_OMNI_HRO_1MIN,False
2024-11-24 06:21:00,,,,,,,,,,,False,False,5.883039474487305,-0.9504532814025879,0.3201650381088257,5.883039474487305,-0.8174233138561249,0.581057533621788,1.0,5.961382594118102,5.961382597969271,True,,,,,,,False,NASA_CDAWEB_OMNI_HRO_1MIN,False
2024-11-24 06:22:00,,,,,,,,,,,False,False,6.028174161911011,-0.8101959526538849,-0.45283401012420654,6.028174161911011,-0.9313528537750244,-0.10343290120363235,1.0,6.1177141226014236,6.117714120787637,True,,,,,,,False,NASA_CDAWEB_OMNI_HRO_1MIN,False
2024-11-24 06:23:00,,,,,,,,,,,False,False,5.743852138519287,-1.5166043639183044,0.44430096447467804,5.743852138519287,-1.2946880459785461,0.9137202799320221,1.0,6.038666321480157,6.038666333130049,True,,,,,,,False,NASA_CDAWEB_OMNI_HRO_1MIN,False
2024-11-24 06:24:00,,,,,,,,,,,False,False,5.7633161544799805,-1.205044448375702,0.6886484920978546,5.7633161544799805,-0.9816988110542297,0.8254511952400208,1.0,5.906359367156752,5.906359357862575,True,,,,,,,False,NASA_CDAWEB_OMNI_HRO_1MIN,False
2024-11-24 06:25:00,,,,,,,,,,,False,False,5.367353677749634,-2.3326321840286255,1.450355589389801,5.367353677749634,-1.8656411170959473,1.8532397150993347,1.0,5.8999002304206165,5.89990020372914,True,,,,,,,False,NASA_CDAWEB_OMNI_HRO_1MIN,False
2024-11-24 06:26:00,,,,,,,,,,,False,False,5.027592658996582,-3.0286946296691895,1.1535513997077942,5.027592658996582,-2.5769718885421753,2.0052923560142517,1.0,5.959571386464738,5.959571434792256,True,,,,,,,False,NASA_CDAWEB_OMNI_HRO_1MIN,False
2024-11-24 06:27:00,,,,,,,,,,,False,False,5.249101400375366,-3.128284454345703,1.074915587902069,5.249101400375366,-2.7347309589385986,1.9176529049873352,1.0,6.166623153222089,6.166623116417739,True,,,,,,,False,NASA_CDAWEB_OMNI_HRO_1MIN,False
2024-11-24 06:28:00,,,,,,,,,,,False,False,5.610267162322998,-2.9219164848327637,0.3045720160007477,5.610267162322998,-2.705861806869507,1.1415067911148071,1.0,6.33954362377402,6.339543672610507,True,,,,,,,False,NASA_CDAWEB_OMNI_HRO_1MIN,False
2024-11-24 06:29:00,,,,,,,,,,,False,False,5.7129292488098145,-2.1974395513534546,0.6137216687202454,5.7129292488098145,-2.079710006713867,1.238635003566742,1.0,6.131338371892674,6.131338381552007,True,,,,,,,False,NASA_CDAWEB_OMNI_HRO_1MIN,False
2024-11-24 06:30:00,,,,,,,,,,,False,False,4.571388244628906,-1.548081636428833,3.399320960044861,4.571388244628906,-0.4610617905855179,3.68041729927063,1.0,5.868997968600887,5.868997984454749,True,,,,,,,False,NASA_CDAWEB_OMNI_HRO_1MIN,False
2024-11-24 06:31:00,,,,,,,,,,,False,False,5.2289934158325195,-1.4500274062156677,2.209068536758423,5.2289934158325195,-0.7298144102096558,2.546580195426941,1.0,5.877755491891469,5.877755474057805,True,,,,,,,False,NASA_CDAWEB_OMNI_HRO_1MIN,False
2024-11-24 06:32:00,,,,,,,,,,,False,False,5.204700708389282,-1.3355675339698792,2.608277201652527,5.204700708389282,-0.493305042386055,2.779972195625305,1.0,5.870052636520231,5.870052656778009,True,,,,,,,False,NASA_CDAWEB_OMNI_HRO_1MIN,False
2024-11-24 06:33:00,,,,,,,,,,,False,False,5.007589817047119,-1.7972182035446167,2.9392460584640503,5.007589817047119,-0.8408408463001251,3.390070915222168,1.0,6.139862359613661,6.139862413446295,True,,,,,,,False,NASA_CDAWEB_OMNI_HRO_1MIN,False
2024-11-24 06:34:00,,,,,,,,,,,False,False,4.9578306674957275,-2.2128655910491943,3.1122626066207886,4.9578306674957275,-1.1829038560390472,3.6309196949005127,1.0,6.253716394335957,6.253716436184788,True,,,,,,,False,NASA_CDAWEB_OMNI_HRO_1MIN,False
2024-11-24 06:35:00,,,,,,,,,,,False,False,5.212475538253784,-2.9489481449127197,1.9467748403549194,5.212475538253784,-2.2742596864700317,2.7973161935806274,1.0,6.397046186603882,6.397046223766797,True,,,,,,,False,NASA_CDAWEB_OMNI_HRO_1MIN,False
2024-11-24 06:36:00,,,,,,,,,,,False,False,4.5387187004089355,-1.9941515922546387,3.071862578392029,4.5387187004089355,-0.8850364685058594,3.535892963409424,1.0,5.888693196752759,5.888693209485199,True,,,,,,,False,NASA_CDAWEB_OMNI_HRO_1MIN,False
2024-11-24 06:37:00,,,,,,,,,,,False,False,4.839730501174927,-0.07329675927758217,3.5189990997314453,4.839730501174927,0.9547864198684692,3.4114574193954468,1.0,6.1033779173442735,6.10337787730155,True,,,,,,,False,NASA_CDAWEB_OMNI_HRO_1MIN,False
2024-11-24 06:38:00,,,,,,,,,,,False,False,3.5781461000442505,-0.6966200619935989,4.6411683559417725,3.5781461000442505,0.6922589242458344,4.5873777866363525,1.0,5.964296930458525,5.964296943791318,True,,,,,,,False,NASA_CDAWEB_OMNI_HRO_1MIN,False
2024-11-24 06:39:00,,,,,,,,,,,False,False,4.447761058807373,-0.842124342918396,3.8293063640594482,4.447761058807373,0.28056348115205765,3.8269797563552856,1.0,5.898758432165579,5.898758388828432,True,,,,,,,False,NASA_CDAWEB_OMNI_HRO_1MIN,False
2024-11-24 06:40:00,,,,,,,,,,,False,False,5.040695428848267,-1.0704627335071564,2.7705814838409424,5.040695428848267,-0.1309943925589323,3.05541729927063,1.0,5.926706847487979,5.926706796313567,True,,,,,,,False,NASA_CDAWEB_OMNI_HRO_1MIN,False
2024-11-24 06:41:00,,,,,,,,,,,False,False,4.684955358505249,-1.5747771859169006,3.242016553878784,4.684955358505249,-0.6459949612617493,3.6083474159240723,1.0,5.9311346057038445,5.9311345677688045,True,5.52,-2.82,3.7,,,,False,NASA_CDAWEB_OMNI_HRO_1MIN,False
2024-11-24 06:42:00,,,,,,,,,,,False,False,4.783655166625977,-1.7686187028884888,3.454238533973694,4.783655166625977,-0.6660258173942566,3.7516204118728638,1.0,6.149706991939416,6.149707046216503,True,,,,,,,False,NASA_CDAWEB_OMNI_HRO_1MIN,False
2024-11-24 06:43:00,,,,,,,,,,,False,False,4.373619794845581,-1.6648481488227844,3.9073047637939453,4.373619794845581,-0.4343439191579819,4.22008204460144,1.0,6.120092364785409,6.120092412084709,True,,,,,,,False,NASA_CDAWEB_OMNI_HRO_1MIN,False
2024-11-24 06:44:00,,,,,,,,,,,False,False,4.29742693901062,-1.3989964127540588,3.990713953971863,4.29742693901062,-0.11548485979437828,4.228348016738892,1.0,6.037223732753328,6.037223703745509,True,,,,,,,False,NASA_CDAWEB_OMNI_HRO_1MIN,False
2024-11-24 06:45:00,,,,,,,,,,,False,False,4.542525291442871,-2.708250403404236,2.54474675655365,4.542525291442871,-1.797441005706787,3.2499146461486816,1.0,5.944905610559294,5.944905705350305,True,,,,,,,False,NASA_CDAWEB_OMNI_HRO_1MIN,False
2024-11-24 06:46:00,,,,,,,,,,,False,False,4.584998607635498,-2.429132342338562,2.328862428665161,4.584998607635498,-1.5730734467506409,2.9989171028137207,1.0,5.733232160285819,5.733232194133571,True,,,,,,,False,NASA_CDAWEB_OMNI_HRO_1MIN,False
2024-11-24 06:47:00,,,,,,,,,,,False,False,4.0965118408203125,-3.316017985343933,2.3133550882339478,4.0965118408203125,-2.403214693069458,3.205321788787842,1.0,5.843665628087557,5.843665651851102,True,,,,,,,False,NASA_CDAWEB_OMNI_HRO_1MIN,False
2024-11-24 06:48:00,,,,,,,,,,,False,False,4.671454191207886,-2.981808662414551,1.963033378124237,4.671454191207886,-2.1929527521133423,2.798721671104431,1.0,5.851065149080564,5.851065181844824,True,,,,,,,False,NASA_CDAWEB_OMNI_HRO_1MIN,False
2024-11-24 06:49:00,,,,,,,,,,,False,False,4.677862644195557,-2.719962477684021,1.8974810242652893,4.677862644195557,-2.0005542635917664,2.7024461030960083,1.0,5.845892328967791,5.845892326126609,True,,,,,,,False,NASA_CDAWEB_OMNI_HRO_1MIN,False
2024-11-24 06:50:00,,,,,,,,,,,False,False,4.260738134384155,-3.75807785987854,1.705497682094574,4.260738134384155,-3.0444953441619873,2.7781448364257812,1.0,5.9179211027177825,5.91792105503858,True,,,,,,,False,NASA_CDAWEB_OMNI_HRO_1MIN,False
2024-11-24 06:51:00,,,,,,,,,,,False,False,5.069469213485718,-2.8993881940841675,1.603661060333252,5.069469213485718,-2.2996578216552734,2.3729110956192017,1.0,6.010711357805393,6.010711320907726,True,,,,,,,False,NASA_CDAWEB_OMNI_HRO_1MIN,False
2024-11-24 06:52:00,,,,,,,,,,,False,False,5.181829929351807,-3.133103132247925,1.1986300349235535,5.181829929351807,-2.6295597553253174,2.149035096168518,1.0,6.16058882097984,6.160588813208886,True,,,,,,,False,NASA_CDAWEB_OMNI_HRO_1MIN,False
2024-11-24 06:53:00,,,,,,,,,,,False,False,5.182169198989868,-2.879907011985779,1.6153722405433655,5.182169198989868,-2.246912360191345,2.463243246078491,1.0,6.213967084727122,6.213967135145859,True,,,,,,,False,NASA_CDAWEB_OMNI_HRO_1MIN,False
2024-11-24 06:54:00,,,,,,,,,,,False,False,5.375746726989746,-3.1035796403884888,1.4212262034416199,5.375746726989746,-2.4753562211990356,2.3637278079986572,1.0,6.391108110827908,6.391108071586771,True,,,,,,,False,NASA_CDAWEB_OMNI_HRO_1MIN,False
2024-11-24 06:55:00,,,,,,,,,,,False,False,5.026453733444214,-3.5140597820281982,1.816558063030243,5.026453733444214,-2.840487837791443,2.824947476387024,1.0,6.427011324928515,6.427011360745005,True,,,,,,,False,NASA_CDAWEB_OMNI_HRO_1MIN,False
2024-11-24 06:56:00,,,,,,,,,,,False,False,4.923297882080078,-3.4510577917099,2.116898775100708,4.923297882080078,-2.6141321659088135,3.0549325942993164,1.0,6.316382295766401,6.316382241899932,True,,,,,,,False,NASA_CDAWEB_OMNI_HRO_1MIN,False
2024-11-24 06:57:00,,,,,,,,,,,False,False,4.668343782424927,-3.582599401473999,2.4632822275161743,4.668343782424927,-2.590910792350769,3.5186121463775635,1.0,6.418223219842293,6.418223224585843,True,5.01,-3.09,4.22,,,,False,NASA_CDAWEB_OMNI_HRO_1MIN,False
2024-11-24 06:58:00,,,,,,,,,,,False,False,5.227698087692261,-2.9959075450897217,1.9298129081726074,5.227698087692261,-2.205275535583496,2.751959204673767,1.0,6.306537152322468,6.306537108108379,True,,,,,,,False,NASA_CDAWEB_OMNI_HRO_1MIN,False
2024-11-24 06:59:00,,,,,,,,,,,False,False,4.94954776763916,-2.982284665107727,2.4191107749938965,4.94954776763916,-2.06895112991333,3.2288578748703003,1.0,6.227566748222723,6.227566733303539,True,,,,,,,False,NASA_CDAWEB_OMNI_HRO_1MIN,False
2024-11-24 07:00:00,,,,,,,,,,,False,False,4.902406692504883,-3.138751983642578,2.3387304544448853,4.902406692504883,-2.21122670173645,3.220923900604248,1.0,6.297936701328099,6.2979367649243265,True,,,,,,,False,NASA_CDAWEB_OMNI_HRO_1MIN,False
2024-11-24 07:01:00,,,,,,,,,,,False,False,4.960423469543457,-3.086973547935486,2.397766351699829,4.960423469543457,-2.1445528268814087,3.259006142616272,1.0,6.320027920293283,6.320027922088489,True,5.28,-2.73,4.13,,,,False,NASA_CDAWEB_OMNI_HRO_1MIN,False
2024-11-24 07:02:00,,,,,,,,,,,False,False,5.3239030838012695,-2.7940776348114014,2.0681748390197754,5.3239030838012695,-1.9586431384086609,2.8681490421295166,1.0,6.33836922023481,6.3383691895247685,True,,,,,,,False,NASA_CDAWEB_OMNI_HRO_1MIN,False
2024-11-24 07:03:00,,,,,,,,,,,False,False,5.325603246688843,-2.607365131378174,2.175740599632263,5.325603246688843,-1.7911130785942078,2.922014832496643,1.0,6.415546863187339,6.415546872021091,True,,,,,,,False,NASA_CDAWEB_OMNI_HRO_1MIN,False
2024-11-24 07:04:00,,,,,,,,,,,False,False,5.348615646362305,-2.327593684196472,2.6120715141296387,5.348615646362305,-1.5014214515686035,3.179542064666748,1.0,6.316058220666527,6.316058241758918,True,5.07,-3.13,4.1,404.8,5.81,77366.0,True,NASA_CDAWEB_OMNI_HRO_1MIN,False
2024-11-24 07:05:00,,,,,,,,,,,False,False,5.404977798461914,-2.1619616746902466,2.0341196060180664,5.404977798461914,-1.3601956367492676,2.727379560470581,1.0,6.229121132439065,6.229121116257833,True,,,,404.8,5.81,77366.0,False,NASA_CDAWEB_OMNI_HRO_1MIN,False
2024-11-24 07:06:00,,,,,,,,,,,False,False,5.477655410766602,-1.7318353652954102,2.32254421710968,5.477655410766602,-0.9703394174575806,2.7059473991394043,1.0,6.152294963577386,6.15229497119377,True,,,,404.8,5.81,77366.0,False,NASA_CDAWEB_OMNI_HRO_1MIN,False
2024-11-24 07:07:00,,,,,,,,,,,False,False,6.16149115562439,-0.11417040787637234,0.8394076824188232,6.16149115562439,0.276179663836956,0.9664143621921539,1.0,6.25469179899323,6.254691804260805,True,4.95,-3.41,4.02,,,,False,NASA_CDAWEB_OMNI_HRO_1MIN,False
2024-11-24 07:08:00,,,,,,,,,,,False,False,5.373546123504639,-2.417374610900879,1.8044861555099487,5.373546123504639,-1.6607632339000702,2.5719209909439087,1.0,6.2487672238756,6.248767248777314,True,,,,,,,False,NASA_CDAWEB_OMNI_HRO_1MIN,False
2024-11-24 07:09:00,,,,,,,,,,,False,False,4.54024863243103,-4.196474075317383,1.4659224152565002,4.54024863243103,-3.4556050300598145,2.745958089828491,1.0,6.382512385658046,6.382512418641728,True,4.45,-3.78,4.29,,,,False,NASA_CDAWEB_OMNI_HRO_1MIN,False
2024-11-24 07:10:00,,,,,,,,,,,False,False,4.447669267654419,-4.107889413833618,1.7172580361366272,4.447669267654419,-3.3334842920303345,2.951541304588318,1.0,6.325741473765172,6.325741404684585,True,,,,,,,False,NASA_CDAWEB_OMNI_HRO_1MIN,False
2024-11-24 07:11:00,,,,,,,,,,,False,False,3.999991774559021,-4.606083869934082,1.2684659957885742,3.999991774559021,-3.885940670967102,2.7763869762420654,1.0,6.340207483829857,6.3402073126570695,True,,,,,,,False,NASA_CDAWEB_OMNI_HRO_1MIN,False
2024-11-24 07:12:00,,,,,,,,,,,False,False,4.220739364624023,-4.676891326904297,1.4122214317321777,4.220739364624023,-3.982287287712097,2.7640455961227417,1.0,6.4378721586301,6.437872254791939,True,3.89,-4.45,4.22,,,,False,NASA_CDAWEB_OMNI_HRO_1MIN,False
2024-11-24 07:13:00,,,,,,,,,,,False,False,4.238173723220825,-3.7386832237243652,2.2810531854629517,4.238173723220825,-2.7944926023483276,3.3722227811813354,1.0,6.217905273370811,6.2179052626916596,True,,,,,,,False,NASA_CDAWEB_OMNI_HRO_1MIN,False
2024-11-24 07:14:00,,,,,,,,,,,False,False,4.6497862339019775,-4.2308759689331055,1.3009636998176575,4.6497862339019775,-3.55124831199646,2.578940749168396,1.0,6.444272863860375,6.444272897581195,True,4.26,-4.14,4.16,,,,False,NASA_CDAWEB_OMNI_HRO_1MIN,False
2024-11-24 07:15:00,,,,,,,,,,,False,False,4.443006277084351,-4.777594327926636,0.42620454728603363,4.443006277084351,-4.265850782394409,1.9843181371688843,1.0,6.506634504605957,6.506634569303033,True,,,,,,,False,NASA_CDAWEB_OMNI_HRO_1MIN,False
2024-11-24 07:16:00,,,,,,,,,,,False,False,3.982770800590515,-5.0034544467926025,0.936111718416214,3.982770800590515,-4.423457145690918,2.546072244644165,1.0,6.5387685683148575,6.538768381982193,True,4.32,-3.85,4.28,,,,False,NASA_CDAWEB_OMNI_HRO_1MIN,False
2024-11-24 07:17:00,,,,,,,,,,,False,False,2.8841891288757324,-5.586298704147339,1.6691293716430664,2.8841891288757324,-4.730742931365967,3.4260302782058716,1.0,6.565738300088862,6.565738379039836,True,4.32,-3.85,4.28,,,,False,NASA_CDAWEB_OMNI_HRO_1MIN,False
2024-11-24 07:18:00,,,,,,,,,,,False,False,4.078615427017212,-4.9053144454956055,1.5060322284698486,4.078615427017212,-4.19141149520874,3.0676544904708862,1.0,6.520109312134304,6.5201093114248625,True,,,,,,,False,NASA_CDAWEB_OMNI_HRO_1MIN,False
2024-11-24 07:19:00,,,,,,,,,,,False,False,5.062173366546631,-3.4845919609069824,1.3647807240486145,5.062173366546631,-2.806865692138672,2.605812191963196,1.0,6.3335459311360625,6.333545955915154,True,4.75,-3.61,4.12,410.9,6.23,80248.0,True,NASA_CDAWEB_OMNI_HRO_1MIN,False
2024-11-24 07:20:00,,,,,,,,,,,False,False,4.640796899795532,-4.163822412490845,1.3075719475746155,4.640796899795532,-3.4413678646087646,2.6171023845672607,1.0,6.388936816195697,6.388936803748207,True,,,,410.9,6.23,80248.0,False,NASA_CDAWEB_OMNI_HRO_1MIN,False
2024-11-24 07:21:00,,,,,,,,,,,False,False,4.279444932937622,-4.73800253868103,1.2045741081237793,4.279444932937622,-4.104183912277222,2.7148540019989014,1.0,6.449886233940132,6.449886257771016,True,,,,,,,False,NASA_CDAWEB_OMNI_HRO_1MIN,False
2024-11-24 07:22:00,,,,,,,,,,,False,False,3.9609261751174927,-4.899801731109619,1.7149669528007507,3.9609261751174927,-4.066769599914551,3.2243059873580933,1.0,6.478008276581351,6.478008323364799,True,4.47,-3.92,4.17,,,,False,NASA_CDAWEB_OMNI_HRO_1MIN,False
2024-11-24 07:23:00,,,,,,,,,,,False,False,4.130203723907471,-4.753225088119507,1.5820422172546387,4.130203723907471,-3.938925623893738,3.0468788146972656,1.0,6.484290281710026,6.484290470920513,True,,,,,,,False,NASA_CDAWEB_OMNI_HRO_1MIN,False
2024-11-24 07:24:00,,,,,,,,,,,False,False,4.035943269729614,-4.694388151168823,1.943725049495697,4.035943269729614,-3.8019827604293823,3.381425976753235,1.0,6.484233131909529,6.484233121174537,True,2.68,-1.67,4.22,,,,False,NASA_CDAWEB_OMNI_HRO_1MIN,False
2024-11-24 07:25:00,,,,,,,,,,,False,False,3.984392523765564,-4.595293760299683,1.7829949855804443,3.984392523765564,-3.712523102760315,3.28850519657135,1.0,6.3798360907039235,6.379836134255564,True,3.62,-2.79,3.89,425.9,6.95,141666.0,True,NASA_CDAWEB_OMNI_HRO_1MIN,False
2024-11-24 07:26:00,,,,,,,,,,,False,False,3.9184043407440186,-4.7340476512908936,2.0046101808547974,3.9184043407440186,-3.7880605459213257,3.440945267677307,1.0,6.416337903247819,6.41633777167728,True,3.49,-2.73,3.87,423.4,7.01,154695.0,True,NASA_CDAWEB_OMNI_HRO_1MIN,False
2024-11-24 07:27:00,,,,,,,,,,,False,False,4.150057315826416,-4.074823498725891,2.3228505849838257,4.150057315826416,-3.068674325942993,3.5472066402435303,1.0,6.286938108377359,6.286938093693579,True,3.64,-3.12,3.74,415.7,6.93,137514.0,True,NASA_CDAWEB_OMNI_HRO_1MIN,False
2024-11-24 07:28:00,,,,,,,,,,,False,False,4.382296562194824,-3.9419604539871216,1.9443534016609192,4.382296562194824,-3.0670641660690308,3.148440361022949,1.0,6.259322888766763,6.259322861255434,True,3.86,-2.45,4.01,420.2,7.08,115690.0,True,NASA_CDAWEB_OMNI_HRO_1MIN,False
2024-11-24 07:29:00,,,,,,,,,,,False,False,4.448076248168945,-3.727612614631653,2.3215370178222656,4.448076248168945,-2.7188791036605835,3.3801788091659546,1.0,6.284915424673662,6.284915482636686,True,4.99,-3.83,3.27,413.6,6.91,96614.0,True,NASA_CDAWEB_OMNI_HRO_1MIN,False
2024-11-24 07:30:00,,,,,,,,,,,False,False,4.632991790771484,-3.7051234245300293,2.243382692337036,4.632991790771484,-2.729099988937378,3.2389307022094727,1.0,6.294614530301452,6.294614504916055,True,5.05,-3.26,3.29,410.2,6.81,94061.0,True,NASA_CDAWEB_OMNI_HRO_1MIN,False
2024-11-24 07:31:00,,,,,,,,,,,False,False,4.582698345184326,-4.003297328948975,1.8410722017288208,4.582698345184326,-3.153359055519104,3.051799178123474,1.0,6.389574649868827,6.389574720513817,True,4.84,-3.16,3.29,406.4,6.9,112803.0,True,NASA_CDAWEB_OMNI_HRO_1MIN,False
2024-11-24 07:32:00,,,,,,,,,,,False,False,4.921248197555542,-3.2969290018081665,1.9613972306251526,4.921248197555542,-2.487930655479431,2.9667718410491943,1.0,6.274018491057928,6.274018425229835,True,3.99,-4.16,2.51,406.4,6.9,112803.0,True,NASA_CDAWEB_OMNI_HRO_1MIN,False
2024-11-24 07:33:00,,,,,,,,,,,False,False,4.800971269607544,-2.5401060581207275,3.0256757736206055,4.800971269607544,-1.3831006288528442,3.707133650779724,1.0,6.201755692815436,6.201755689066226,True,4.39,-3.62,2.64,416.0,6.59,82701.0,True,NASA_CDAWEB_OMNI_HRO_1MIN,False
2024-11-24 07:34:00,,,,,,,,,,,False,False,4.69323992729187,-3.0076770782470703,2.9529680013656616,4.69323992729187,-1.8740071654319763,3.687052369117737,1.0,6.278474098128738,6.278474033466442,True,4.98,-4.58,2.42,416.2,6.58,82199.0,True,NASA_CDAWEB_OMNI_HRO_1MIN,False
2024-11-24 07:35:00,,,,,,,,,,,False,False,4.588904619216919,-2.8500707149505615,2.934640407562256,4.588904619216919,-1.6916625499725342,3.730733633041382,1.0,6.313237497153148,6.31323757005047,True,4.87,-2.22,4.08,,,,False,NASA_CDAWEB_OMNI_HRO_1MIN,False
2024-11-24 07:36:00,,,,,,,,,,,False,False,4.537144660949707,-1.5213945508003235,3.9008703231811523,4.537144660949707,-0.08662591688334942,4.14434027671814,1.0,6.168255944512424,6.168256035534545,True,4.78,-4.13,3.1,,,,False,NASA_CDAWEB_OMNI_HRO_1MIN,False
2024-11-24 07:37:00,,,,,,,,,,,False,False,4.390764474868774,-1.6116271615028381,4.009299159049988,4.390764474868774,-0.11615963699296117,4.33108115196228,1.0,6.191253470767837,6.191253521471598,True,4.52,-0.85,3.96,,,,False,NASA_CDAWEB_OMNI_HRO_1MIN,False
2024-11-24 07:38:00,,,,,,,,,,,False,False,4.30269980430603,-2.6016262769699097,3.524034857749939,4.30269980430603,-1.2522714734077454,4.204538583755493,1.0,6.179159384357347,6.179159181904939,True,4.9,-4.61,2.2,408.2,6.85,105607.0,True,NASA_CDAWEB_OMNI_HRO_1MIN,False
2024-11-24 07:39:00,,,,,,,,,,,False,False,4.03052020072937,-1.2625020742416382,4.083475351333618,4.03052020072937,0.14942213706672192,4.17680811882019,1.0,5.862699308376083,5.86269922663524,True,4.49,-3.23,2.92,413.9,6.82,102560.0,True,NASA_CDAWEB_OMNI_HRO_1MIN,False
2024-11-24 07:40:00,,,,,,,,,,,False,False,4.220341682434082,-2.1422336101531982,3.5415045022964478,4.220341682434082,-0.8099323511123657,4.0589916706085205,1.0,5.914562903370076,5.914562956258733,True,4.09,-5.5,1.73,416.8,6.8,101638.0,True,NASA_CDAWEB_OMNI_HRO_1MIN,False
2024-11-24 07:41:00,,,,,,,,,,,False,False,4.211571455001831,-3.776479482650757,1.912896990776062,4.211571455001831,-2.896780252456665,3.0501859188079834,1.0,5.893618543229634,5.893618556158636,True,4.77,-1.87,4.07,,,,False,NASA_CDAWEB_OMNI_HRO_1MIN,False
2024-11-24 07:42:00,,,,,,,,,,,False,False,4.045503854751587,-4.194793462753296,0.7915643751621246,4.045503854751587,-3.699659585952759,2.250313878059387,1.0,5.915186306207375,5.915186376995035,True,4.41,-5.4,1.27,,,,False,NASA_CDAWEB_OMNI_HRO_1MIN,False
2024-11-24 07:43:00,,,,,,,,,,,False,False,4.063367486000061,-4.664854526519775,0.35658931732177734,4.063367486000061,-4.2654125690460205,1.9579741954803467,1.0,6.077240436588527,6.077240543303398,True,4.43,-2.04,3.01,408.2,7.05,110747.0,True,NASA_CDAWEB_OMNI_HRO_1MIN,False
2024-11-24 07:44:00,,,,,,,,,,,False,False,2.472107172012329,-5.918172359466553,-3.46320116519928,2.472107172012329,-6.810171842575073,-1.1983223259449005,1.0,7.350245765500915,7.350245753559425,True,4.24,-4.33,-1.58,413.6,7.09,109843.0,True,NASA_CDAWEB_OMNI_HRO_1MIN,False
2024-11-24 07:45:00,,,,,,,,,,,False,False,1.5957056283950806,-5.965969562530518,-4.514411926269531,1.5957056283950806,-7.14580512046814,-2.1932061910629272,1.0,7.669004452676688,7.6690042116855,True,3.8,-3.64,-1.76,415.8,7.4,103306.0,True,NASA_CDAWEB_OMNI_HRO_1MIN,False
2024-11-24 07:46:00,,,,,,,,,,,False,False,1.6199740171432495,-5.973867654800415,-4.660686254501343,1.6199740171432495,-7.231488943099976,-2.307052493095398,1.0,7.766391767738825,7.766391961280368,True,3.82,-4.43,-1.99,420.8,7.37,121707.0,True,NASA_CDAWEB_OMNI_HRO_1MIN,False
2024-11-24 07:47:00,,,,,,,,,,,False,False,1.3119163513183594,-6.005457878112793,-4.393783092498779,1.3119163513183594,-7.152275323867798,-2.058054268360138,1.0,7.596842898408753,7.596842963009998,True,3.4,-2.3,-2.5,412.0,7.26,120308.0,True,NASA_CDAWEB_OMNI_HRO_1MIN,False
2024-11-24 07:48:00,,,,,,,,,,,False,False,1.297757863998413,-5.92351770401001,-4.689011812210083,1.297757863998413,-7.171346187591553,-2.34832501411438,1.0,7.677415506394455,7.677415609822775,True,4.46,-4.87,-1.37,408.4,6.98,100042.0,True,NASA_CDAWEB_OMNI_HRO_1MIN,False
2024-11-24 07:49:00,,,,,,,,,,,False,False,0.7241106331348419,-6.286945104598999,-4.8680548667907715,0.7241106331348419,-7.606245279312134,-2.43101167678833,1.0,8.001225617021944,8.001225630901333,True,3.98,-3.16,1.79,407.1,7.17,107845.0,True,NASA_CDAWEB_OMNI_HRO_1MIN,False
2024-11-24 07:50:00,,,,,,,,,,,False,False,0.5336668193340302,-6.1476850509643555,-4.311034202575684,0.5336668193340302,-7.287369966506958,-1.9280929565429688,1.0,7.503970768926205,7.503970856353808,True,4.0,-5.72,-0.75,418.8,6.34,96255.0,True,NASA_CDAWEB_OMNI_HRO_1MIN,False
2024-11-24 07:51:00,,,,,,,,,,,False,False,0.8972690999507904,-5.907931089401245,-4.447616100311279,0.8972690999507904,-7.117512464523315,-2.202305555343628,1.0,7.499749495559707,7.4997492784194195,True,4.31,-4.61,0.79,422.7,6.12,83653.0,True,NASA_CDAWEB_OMNI_HRO_1MIN,False
2024-11-24 07:52:00,,,,,,,,,,,False,False,0.6650436967611313,-6.260980129241943,-4.453153848648071,0.6650436967611313,-7.44294810295105,-1.9981262683868408,1.0,7.648421138087112,7.648421370642768,True,3.42,-6.42,-0.28,424.5,6.02,77756.0,True,NASA_CDAWEB_OMNI_HRO_1MIN,False
2024-11-24 07:53:00,,,,,,,,,,,False,False,0.666998028755188,-6.269872188568115,-4.381670713424683,0.666998028755188,-7.293256044387817,-1.972098171710968,1.0,7.562547679069462,7.5625477598335955,True,3.67,-4.28,-0.78,419.3,7.04,112459.0,True,NASA_CDAWEB_OMNI_HRO_1MIN,False
2024-11-24 07:54:00,,,,,,,,,,,False,False,1.176831841468811,-5.916296720504761,-4.685458660125732,1.176831841468811,-7.148207902908325,-2.3961071968078613,1.0,7.59943860351048,7.599438746246003,True,1.82,-7.09,0.39,415.4,7.35,118764.0,True,NASA_CDAWEB_OMNI_HRO_1MIN,False
2024-11-24 07:55:00,,,,,,,,,,,False,False,0.8779113590717316,-6.104292869567871,-4.718757390975952,0.8779113590717316,-7.3316192626953125,-2.3359068632125854,1.0,7.705100960801362,7.705100801933966,True,2.18,-7.05,-1.12,,,,False,NASA_CDAWEB_OMNI_HRO_1MIN,False
2024-11-24 07:56:00,,,,,,,,,,,False,False,0.8679273426532745,-6.032008647918701,-4.862952947616577,0.8679273426532745,-7.3658363819122314,-2.467737913131714,1.0,7.826602475206264,7.826602798444517,True,3.97,-2.47,2.3,427.3,5.36,60298.0,True,NASA_CDAWEB_OMNI_HRO_1MIN,False
2024-11-24 07:57:00,,,,,,,,,,,False,False,0.9330988824367523,-6.088757753372192,-4.488394021987915,0.9330988824367523,-7.274563550949097,-2.0588250756263733,1.0,7.639993344513369,7.63999334042778,True,3.07,-5.87,-2.75,427.3,5.36,60298.0,True,NASA_CDAWEB_OMNI_HRO_1MIN,False
2024-11-24 07:58:00,,,,,,,,,,,False,False,0.10006026178598404,-5.990849018096924,-5.61961030960083,0.10006026178598404,-7.5589306354522705,-3.1633386611938477,1.0,8.213563246570725,8.213563033512239,True,3.65,-3.77,0.13,,,,False,NASA_CDAWEB_OMNI_HRO_1MIN,False
2024-11-24 07:59:00,,,,,,,,,,,False,False,-0.08974778465926647,-5.887003660202026,-5.559388637542725,-0.08974778465926647,-7.452965021133423,-3.161043643951416,1.0,8.051579525794004,8.051579481344573,True,1.29,-5.01,-4.46,,,,False,NASA_CDAWEB_OMNI_HRO_1MIN,False
2024-11-24 08:00:00,,,,,,,,,,,False,False,-0.7606024444103241,-5.239232301712036,-6.441888809204102,-0.7606024444103241,-7.142187595367432,-4.215286493301392,1.0,8.315547666312389,8.31554745568493,True,0.02,-4.38,-5.2,,,,False,NASA_CDAWEB_OMNI_HRO_1MIN,False
2024-11-24 08:01:00,,,,,,,,,,,False,False,-0.1968790888786316,-5.488482713699341,-6.095602750778198,-0.1968790888786316,-7.262208461761475,-3.7836145162582397,1.0,8.29247666063592,8.292476760852502,True,1.68,-1.98,-0.55,441.0,8.75,133076.0,True,NASA_CDAWEB_OMNI_HRO_1MIN,False
2024-11-24 08:02:00,,,,,,,,,,,False,False,-3.1167787313461304,-4.2952892780303955,-6.583427429199219,-3.1167787313461304,-6.394042015075684,-4.742034912109375,1.0,8.440535468106697,8.440535534478329,True,,,,441.0,8.75,133076.0,False,NASA_CDAWEB_OMNI_HRO_1MIN,False
2024-11-24 08:03:00,,,,,,,,,,,False,False,-3.0518760681152344,-5.409662485122681,-5.531897783279419,-3.0518760681152344,-7.078978538513184,-3.2127171754837036,1.0,8.320909037497799,8.320908951090534,True,5.13,-0.4,5.19,433.9,8.42,127073.0,True,NASA_CDAWEB_OMNI_HRO_1MIN,False
2024-11-24 08:04:00,,,,,,,,,,,False,False,0.07621928583830595,-5.7818286418914795,-5.2459094524383545,0.07621928583830595,-7.336694717407227,-2.879068374633789,1.0,7.8926210343061705,7.89262097112154,True,3.94,-1.45,0.66,420.7,7.82,115801.0,True,NASA_CDAWEB_OMNI_HRO_1MIN,False
2024-11-24 08:05:00,,,,,,,,,,,False,False,1.8670511841773987,-5.392485857009888,-3.484259009361267,1.8670511841773987,-6.334578990936279,-1.3274559676647186,1.0,6.786548810425865,6.786548835518194,True,,,,420.7,7.82,115801.0,False,NASA_CDAWEB_OMNI_HRO_1MIN,False
2024-11-24 08:06:00,,,,,,,,,,,False,False,3.3626550436019897,-5.089844703674316,-0.9184850454330444,3.3626550436019897,-5.005486726760864,0.8398580253124237,1.0,6.137740032927825,6.137739988477032,True,5.23,-2.0,1.31,,,,False,NASA_CDAWEB_OMNI_HRO_1MIN,False
2024-11-24 08:07:00,,,,,,,,,,,False,False,3.919276475906372,-3.94767427444458,0.7095002233982086,3.919276475906372,-3.4419535398483276,2.0591870546340942,1.0,5.825238757600705,5.825238791643481,True,,,,,,,False,NASA_CDAWEB_OMNI_HRO_1MIN,False
2024-11-24 08:08:00,,,,,,,,,,,False,False,3.9227895736694336,-1.6504106521606445,3.3710886240005493,3.9227895736694336,-0.34557609632611275,3.6901575326919556,1.0,5.615328744523625,5.615328816054085,True,5.69,-2.7,-0.3,428.1,6.23,105961.0,True,NASA_CDAWEB_OMNI_HRO_1MIN,False
2024-11-24 08:09:00,,,,,,,,,,,False,False,4.299278020858765,-2.1158019304275513,3.618069291114807,4.299278020858765,-0.6736466288566589,4.046354413032532,1.0,5.961798129918824,5.961798186048663,True,5.49,-1.55,3.12,428.1,6.23,105961.0,True,NASA_CDAWEB_OMNI_HRO_1MIN,False
2024-11-24 08:10:00,,,,,,,,,,,False,False,4.412164926528931,-2.428464889526367,3.1652945280075073,4.412164926528931,-1.0521268248558044,3.893243432044983,1.0,6.025632985232382,6.025632943462045,True,,,,428.1,6.23,105961.0,False,NASA_CDAWEB_OMNI_HRO_1MIN,False
2024-11-24 08:11:00,,,,,,,,,,,False,False,4.2856316566467285,-2.703019380569458,2.9508140087127686,4.2856316566467285,-1.4851883053779602,3.6966350078582764,1.0,5.874388182806262,5.874388161386566,True,5.63,-2.25,1.48,,,,False,NASA_CDAWEB_OMNI_HRO_1MIN,False
2024-11-24 08:12:00,,,,,,,,,,,False,False,4.458242654800415,-2.9674768447875977,2.85221529006958,4.458242654800415,-1.7274950742721558,3.7669464349746704,1.0,6.120548623151318,6.120548560955572,True,4.2,1.31,3.62,,,,False,NASA_CDAWEB_OMNI_HRO_1MIN,False
2024-11-24 08:13:00,,,,,,,,,,,False,False,3.9375115633010864,-2.9270598888397217,2.6586886644363403,3.9375115633010864,-1.7339712381362915,3.499606490135193,1.0,5.583026349331906,5.58302637869287,True,5.71,-1.04,4.37,,,,False,NASA_CDAWEB_OMNI_HRO_1MIN,False
2024-11-24 08:14:00,,,,,,,,,,,False,False,4.567719459533691,-2.9124064445495605,1.5092300176620483,4.567719459533691,-2.1985751390457153,2.4581135511398315,1.0,5.628762022454513,5.628762023170216,True,5.73,-3.21,-1.45,406.1,7.87,84308.0,True,NASA_CDAWEB_OMNI_HRO_1MIN,False
2024-11-24 08:15:00,,,,,,,,,,,False,False,4.416053056716919,-3.0104222297668457,1.819509506225586,4.416053056716919,-2.1991677284240723,2.820385217666626,1.0,5.680837897455289,5.680837886703898,True,,,,406.1,7.87,84308.0,False,NASA_CDAWEB_OMNI_HRO_1MIN,False
2024-11-24 08:16:00,,,,,,,,,,,False,False,4.652878999710083,-2.7124416828155518,2.1135871410369873,4.652878999710083,-1.841075360774994,2.8682262897491455,1.0,5.71548856826427,5.715488510694666,True,5.96,-1.5,1.89,418.0,6.67,118302.0,True,NASA_CDAWEB_OMNI_HRO_1MIN,False
2024-11-24 08:17:00,,,,,,,,,,,False,False,3.6813048124313354,-1.1207874417304993,4.754966974258423,3.6813048124313354,0.6667744517326355,4.781107664108276,1.0,6.094198727345301,6.094198762444873,True,6.24,-1.13,3.11,418.0,6.67,118302.0,True,NASA_CDAWEB_OMNI_HRO_1MIN,False
2024-11-24 08:18:00,,,,,,,,,,,False,False,3.2646946907043457,-0.8639784455299377,5.079257965087891,3.2646946907043457,0.9905226230621338,5.011695861816406,1.0,6.094449334371788,6.0944491792664515,True,5.98,-1.51,2.47,,,,False,NASA_CDAWEB_OMNI_HRO_1MIN,False
2024-11-24 08:19:00,,,,,,,,,,,False,False,3.3811421394348145,-1.4750913977622986,4.693958044052124,3.3811421394348145,0.32753629982471466,4.903215646743774,1.0,5.950898215704877,5.950898248661727,True,6.3,-1.07,3.06,,,,False,NASA_CDAWEB_OMNI_HRO_1MIN,False
2024-11-24 08:20:00,,,,,,,,,,,False,False,3.572614312171936,-1.582029104232788,4.6733012199401855,3.572614312171936,0.2287501041428186,4.958818435668945,1.0,6.167667108157979,6.167666913851278,True,6.23,-1.17,2.5,414.8,6.37,83722.0,True,NASA_CDAWEB_OMNI_HRO_1MIN,False
2024-11-24 08:21:00,,,,,,,,,,,False,False,4.134997367858887,-1.4643387198448181,4.621426105499268,4.134997367858887,0.33259131014347076,4.816697597503662,1.0,6.358310203114264,6.3583102933209545,True,5.44,-0.43,3.36,415.5,6.42,84673.0,True,NASA_CDAWEB_OMNI_HRO_1MIN,False
2024-11-24 08:22:00,,,,,,,,,,,False,False,4.091164588928223,-1.5050944089889526,4.565737247467041,4.091164588928223,0.23534579575061798,4.833082437515259,1.0,6.358576479567207,6.358576502797619,True,6.48,-1.15,2.58,417.9,6.58,87922.0,True,NASA_CDAWEB_OMNI_HRO_1MIN,False
2024-11-24 08:23:00,,,,,,,,,,,False,False,3.3218069076538086,-0.7545331120491028,5.074404716491699,3.3218069076538086,1.1241079568862915,5.005517959594727,1.0,6.060464323902496,6.060464306293714,True,5.99,-1.55,2.91,418.1,6.59,88192.0,True,NASA_CDAWEB_OMNI_HRO_1MIN,False
2024-11-24 08:24:00,,,,,,,,,,,False,False,3.447169303894043,-1.2912929058074951,4.776962041854858,3.447169303894043,0.5174616873264313,4.906834602355957,1.0,6.025404311165357,6.02540428536291,True,5.89,-1.17,3.25,418.0,6.37,83587.0,True,NASA_CDAWEB_OMNI_HRO_1MIN,False
2024-11-24 08:25:00,,,,,,,,,,,False,False,3.085992932319641,-1.7707324624061584,5.017058372497559,3.085992932319641,0.1507549062371254,5.337496757507324,1.0,6.143633401369278,6.143633421881057,True,6.15,-1.07,2.44,418.0,6.37,83587.0,True,NASA_CDAWEB_OMNI_HRO_1MIN,False
2024-11-24 08:26:00,,,,,,,,,,,False,False,3.1095194816589355,-1.936394989490509,4.922051668167114,3.1095194816589355,-0.025500455871224403,5.289186477661133,1.0,6.156493631178334,6.156493678550756,True,5.85,-1.05,3.9,420.0,5.98,69975.0,True,NASA_CDAWEB_OMNI_HRO_1MIN,False
2024-11-24 08:27:00,,,,,,,,,,,False,False,3.349419951438904,-1.9613795280456543,4.83423113822937,3.349419951438904,-0.1346510387957096,5.235335350036621,1.0,6.197721499727305,6.197721419025982,True,6.06,-1.01,3.51,420.1,5.96,69363.0,True,NASA_CDAWEB_OMNI_HRO_1MIN,False
2024-11-24 08:28:00,,,,,,,,,,,False,False,3.0559672117233276,-2.140012502670288,5.205586910247803,3.0559672117233276,-0.10701528191566467,5.600948333740234,1.0,6.384835588608048,6.384835593183631,True,6.1,-0.87,2.53,,,,False,NASA_CDAWEB_OMNI_HRO_1MIN,False
2024-11-24 08:29:00,,,,,,,,,,,False,False,3.7017980813980103,-2.957476258277893,4.171071648597717,3.7017980813980103,-1.2442941665649414,5.03059196472168,1.0,6.341778008560379,6.341778114227142,True,5.58,-0.04,3.48,422.3,6.47,76546.0,True,NASA_CDAWEB_OMNI_HRO_1MIN,False
2024-11-24 08:30:00,,,,,,,,,,,False,False,3.6682640314102173,-2.870915651321411,4.163671970367432,3.6682640314102173,-1.1660488843917847,4.933605194091797,1.0,6.292658719930442,6.292658833677895,True,4.75,-0.9,1.06,420.1,6.6,88655.0,True,NASA_CDAWEB_OMNI_HRO_1MIN,False
2024-11-24 08:31:00,,,,,,,,,,,False,False,3.468441128730774,-3.300063371658325,4.225009202957153,3.468441128730774,-1.540315330028534,4.9884302616119385,1.0,6.286742780971614,6.28674276989182,True,4.25,-1.74,0.63,417.4,6.8,139687.0,True,NASA_CDAWEB_OMNI_HRO_1MIN,False
2024-11-24 08:32:00,,,,,,,,,,,False,False,3.2174954414367676,-2.853791117668152,4.900827646255493,3.2174954414367676,-0.9440508186817169,5.520250558853149,1.0,6.389050024925243,6.389050060465346,True,5.16,-1.54,1.41,421.8,6.62,159714.0,True,NASA_CDAWEB_OMNI_HRO_1MIN,False
2024-11-24 08:33:00,,,,,,,,,,,False,False,3.005421280860901,-3.1865416765213013,4.652231216430664,3.005421280860901,-1.3212199807167053,5.507224798202515,1.0,6.368722700827108,6.368722832596443,True,6.2,-0.5,0.47,404.7,8.42,83719.0,True,NASA_CDAWEB_OMNI_HRO_1MIN,False
2024-11-24 08:34:00,,,,,,,,,,,False,False,2.979792833328247,-3.1336952447891235,4.726492404937744,2.979792833328247,-1.18195241689682,5.603043079376221,1.0,6.50141352778171,6.501413639590275,True,6.22,0.29,1.65,406.1,8.01,113098.0,True,NASA_CDAWEB_OMNI_HRO_1MIN,False
2024-11-24 08:35:00,,,,,,,,,,,False,False,3.2750760316848755,-3.37691593170166,4.628548622131348,3.2750760316848755,-1.4723694920539856,5.54731559753418,1.0,6.538086439592648,6.5380863445393285,True,5.86,-1.22,2.62,407.2,7.66,137944.0,True,NASA_CDAWEB_OMNI_HRO_1MIN,False
2024-11-24 08:36:00,,,,,,,,,,,False,False,3.3444725275039673,-3.8955546617507935,4.107991933822632,3.3444725275039673,-2.180845022201538,5.30083155632019,1.0,6.583978160401505,6.583978027571064,True,6.02,-0.49,2.7,,,,False,NASA_CDAWEB_OMNI_HRO_1MIN,False
2024-11-24 08:37:00,,,,,,,,,,,False,False,3.3077552318573,-3.502509117126465,4.165562629699707,3.3077552318573,-1.760603666305542,5.101677417755127,1.0,6.303996094136632,6.303996026026477,True,5.82,-0.87,3.29,,,,False,NASA_CDAWEB_OMNI_HRO_1MIN,False
2024-11-24 08:38:00,,,,,,,,,,,False,False,3.510389566421509,-2.9659007787704468,4.485613584518433,3.510389566421509,-1.1035451889038086,5.285128355026245,1.0,6.392789473461918,6.392789634950086,True,5.97,-1.3,3.26,,,,False,NASA_CDAWEB_OMNI_HRO_1MIN,False
2024-11-24 08:39:00,,,,,,,,,,,False,False,3.2773351669311523,-3.133402943611145,4.563731908798218,3.2773351669311523,-1.2030699253082275,5.338804721832275,1.0,6.425017176004122,6.425017087095239,True,5.67,-1.93,2.75,,,,False,NASA_CDAWEB_OMNI_HRO_1MIN,False
2024-11-24 08:40:00,,,,,,,,,,,False,False,3.275426983833313,-4.022327780723572,3.7574063539505005,3.275426983833313,-2.366755485534668,4.969448089599609,1.0,6.4182884336198684,6.418288457664605,True,5.46,-1.5,3.54,426.7,6.82,117981.0,True,NASA_CDAWEB_OMNI_HRO_1MIN,False
2024-11-24 08:41:00,,,,,,,,,,,False,False,3.814429521560669,-2.8338338136672974,4.445616722106934,3.814429521560669,-1.044492244720459,5.221816539764404,1.0,6.5413387836221855,6.541338878585876,True,4.61,-1.04,4.44,426.7,6.82,117981.0,True,NASA_CDAWEB_OMNI_HRO_1MIN,False
2024-11-24 08:42:00,,,,,,,,,,,False,False,3.8004711866378784,-2.948439121246338,4.515069007873535,3.8004711866378784,-1.0816417336463928,5.280415058135986,1.0,6.63337895337458,6.633378871519698,True,5.7,-1.53,3.71,426.7,6.82,117981.0,True,NASA_CDAWEB_OMNI_HRO_1MIN,False
2024-11-24 08:43:00,,,,,,,,,,,False,False,3.898316740989685,-2.805621862411499,4.445461273193359,3.898316740989685,-0.9696024954319,5.1499717235565186,1.0,6.569086173320308,6.569086010087556,True,5.23,-1.31,4.12,423.1,6.55,70970.0,True,NASA_CDAWEB_OMNI_HRO_1MIN,False
2024-11-24 08:44:00,,,,,,,,,,,False,False,4.101525783538818,-2.495106816291809,4.443100452423096,4.101525783538818,-0.6516364812850952,5.051401615142822,1.0,6.544637321772582,6.544637508023448,True,4.85,-0.08,3.71,423.1,6.55,70970.0,True,NASA_CDAWEB_OMNI_HRO_1MIN,False
2024-11-24 08:45:00,,,,,,,,,,,False,False,4.291395664215088,-2.2433944940567017,4.41383171081543,4.291395664215088,-0.4485592693090439,4.899878025054932,1.0,6.526010266448304,6.526010189761822,True,4.75,-1.41,4.22,422.5,6.55,72839.0,True,NASA_CDAWEB_OMNI_HRO_1MIN,False
2024-11-24 08:46:00,,,,,,,,,,,False,False,4.754835605621338,-3.756585717201233,2.5642406940460205,4.754835605621338,-2.5612170696258545,3.7252626419067383,1.0,6.595962240699199,6.595962299602981,True,4.85,-1.3,4.49,416.8,6.57,91738.0,True,NASA_CDAWEB_OMNI_HRO_1MIN,False
2024-11-24 08:47:00,,,,,,,,,,,False,False,5.159087181091309,-2.6094826459884644,2.6049575805664062,5.159087181091309,-1.4369723796844482,3.508857846260071,1.0,6.455232620705603,6.455232719804653,True,5.15,-1.34,3.97,419.8,6.83,107283.0,True,NASA_CDAWEB_OMNI_HRO_1MIN,False
2024-11-24 08:48:00,,,,,,,,,,,False,False,5.330806016921997,-2.664751648902893,2.682363271713257,5.330806016921997,-1.4900396466255188,3.4698060750961304,1.0,6.47767754530461,6.477677518419281,True,5.25,-2.15,3.81,421.4,6.98,115642.0,True,NASA_CDAWEB_OMNI_HRO_1MIN,False
2024-11-24 08:49:00,,,,,,,,,,,False,False,5.67604923248291,-3.120601534843445,0.6770668178796768,5.67604923248291,-2.7319003343582153,1.7679880261421204,1.0,6.591570102398681,6.591570080348125,True,5.31,0.04,3.82,,,,False,NASA_CDAWEB_OMNI_HRO_1MIN,False
2024-11-24 08:50:00,,,,,,,,,,,False,False,5.911739826202393,-3.116232752799988,-0.41435715556144714,5.911739826202393,-3.031727433204651,0.7969521284103394,1.0,6.682788836756321,6.682788887877182,True,4.89,-1.37,4.28,,,,False,NASA_CDAWEB_OMNI_HRO_1MIN,False
2024-11-24 08:51:00,,,,,,,,,,,False,False,6.213871717453003,-2.3632463216781616,-0.24425577837973833,6.213871717453003,-2.370542526245117,0.752355694770813,1.0,6.672173225856895,6.6721732168460175,True,4.88,-0.71,4.25,419.4,7.16,129861.0,True,NASA_CDAWEB_OMNI_HRO_1MIN,False
2024-11-24 08:52:00,,,,,,,,,,,False,False,5.8676207065582275,-3.0751904249191284,-0.06761286233086139,5.8676207065582275,-2.932076930999756,0.9888739287853241,1.0,6.60754691543972,6.60754693780731,True,4.62,-0.87,4.35,419.4,7.16,129861.0,True,NASA_CDAWEB_OMNI_HRO_1MIN,False
2024-11-24 08:53:00,,,,,,,,,,,False,False,5.7539660930633545,-3.1368950605392456,0.14433228224515915,5.7539660930633545,-2.7820851802825928,1.3737225234508514,1.0,6.678458255955915,6.678458262642611,True,5.4,-0.69,1.76,403.1,6.55,89956.0,True,NASA_CDAWEB_OMNI_HRO_1MIN,False
2024-11-24 08:54:00,,,,,,,,,,,False,False,5.9258458614349365,-3.123082995414734,-0.25462742149829865,5.9258458614349365,-3.066318154335022,0.8175467252731323,1.0,6.7223719264643425,6.722371930657037,True,5.54,0.24,0.86,406.5,6.53,88905.0,True,NASA_CDAWEB_OMNI_HRO_1MIN,False
2024-11-24 08:55:00,,,,,,,,,,,False,False,6.285125255584717,-2.5626888275146484,-0.2587316185235977,6.285125255584717,-2.4422483444213867,0.7238047420978546,1.0,6.736472124961009,6.7364721401912995,True,5.28,-0.86,1.21,411.4,6.91,102982.0,True,NASA_CDAWEB_OMNI_HRO_1MIN,False
2024-11-24 08:56:00,,,,,,,,,,,False,False,5.9250288009643555,-2.9437649250030518,0.28571221232414246,5.9250288009643555,-2.6275633573532104,1.357670783996582,1.0,6.679062942903905,6.6790629390664025,True,5.76,-0.15,0.58,410.3,7.55,127184.0,True,NASA_CDAWEB_OMNI_HRO_1MIN,False
2024-11-24 08:57:00,,,,,,,,,,,False,False,5.663512945175171,-3.5574636459350586,1.3199886679649353,5.663512945175171,-2.797635078430176,2.5430301427841187,1.0,6.783754241781962,6.783754273109528,True,5.09,-0.31,2.98,408.8,8.36,152098.0,True,NASA_CDAWEB_OMNI_HRO_1MIN,False
2024-11-24 08:58:00,,,,,,,,,,,False,False,5.7056052684783936,-3.381218194961548,1.5132008790969849,5.7056052684783936,-2.5423247814178467,2.6580947637557983,1.0,6.791710625326525,6.791710648180586,True,5.11,-1.48,2.31,414.9,7.77,146564.0,True,NASA_CDAWEB_OMNI_HRO_1MIN,False
2024-11-24 08:59:00,,,,,,,,,,,False,False,5.538084506988525,-3.255765676498413,2.1340105533599854,5.538084506988525,-2.2342952489852905,3.197928309440613,1.0,6.761187669645139,6.761187679542129,True,4.98,-0.2,1.65,422.2,6.93,112797.0,True,NASA_CDAWEB_OMNI_HRO_1MIN,False
2024-11-24 09:00:00,,,,,,,,,,,False,False,5.376566410064697,-3.120206117630005,2.385562539100647,5.376566410064697,-2.0356412529945374,3.386613368988037,1.0,6.690980087057649,6.690980004354428,True,5.09,-0.81,3.34,418.2,6.36,86763.0,True,NASA_CDAWEB_OMNI_HRO_1MIN,False
2024-11-24 09:01:00,,,,,,,,,,,False,False,5.5554869174957275,-2.7529430389404297,2.401975393295288,5.5554869174957275,-1.6326009035110474,3.2241475582122803,1.0,6.666086606479174,6.666086598287288,True,6.12,-0.07,-2.32,410.9,6.34,83459.0,True,NASA_CDAWEB_OMNI_HRO_1MIN,False
2024-11-24 09:02:00,,,,,,,,,,,False,False,5.664685249328613,-2.817340850830078,2.234108328819275,5.664685249328613,-1.6613828539848328,3.0748370885849,1.0,6.593967525534085,6.593967487457229,True,5.69,-0.44,1.35,408.6,6.69,89065.0,True,NASA_CDAWEB_OMNI_HRO_1MIN,False
2024-11-24 09:03:00,,,,,,,,,,,False,False,5.752939939498901,-3.0744731426239014,1.1064929962158203,5.752939939498901,-2.4601017236709595,2.2072612047195435,1.0,6.658290660439887,6.6582906533230215,True,5.74,-0.27,-1.8,414.7,6.39,105102.0,True,NASA_CDAWEB_OMNI_HRO_1MIN,False
2024-11-24 09:04:00,,,,,,,,,,,False,False,5.528546094894409,-2.5865683555603027,2.90195095539093,5.528546094894409,-1.2596363425254822,3.61140775680542,1.0,6.737207594997472,6.737207548890202,True,5.51,-0.68,0.8,414.5,6.74,101893.0,True,NASA_CDAWEB_OMNI_HRO_1MIN,False
2024-11-24 09:05:00,,,,,,,,,,,False,False,4.768425703048706,-1.4420707821846008,4.263315677642822,4.768425703048706,0.2856317162513733,4.473766565322876,1.0,6.540496607417509,6.540496495989339,True,6.34,-0.29,-0.55,411.8,6.99,99944.0,True,NASA_CDAWEB_OMNI_HRO_1MIN,False
2024-11-24 09:06:00,,,,,,,,,,,False,False,4.883320093154907,-1.4888399839401245,3.8170325756073,4.883320093154907,0.044382790103554726,4.116371393203735,1.0,6.375934336070452,6.375934354158126,True,6.16,-0.47,1.13,,,,False,NASA_CDAWEB_OMNI_HRO_1MIN,False
2024-11-24 09:07:00,,,,,,,,,,,False,False,5.3977556228637695,-2.1722243428230286,2.9418365955352783,5.3977556228637695,-0.9236930757761002,3.6200557947158813,1.0,6.619010542966398,6.619010553253856,True,6.13,-0.59,1.56,410.5,6.56,79632.0,True,NASA_CDAWEB_OMNI_HRO_1MIN,False
2024-11-24 09:08:00,,,,,,,,,,,False,False,4.712934494018555,-4.0332019329071045,2.495552659034729,4.712934494018555,-2.774258017539978,3.8374557495117188,1.0,6.667714498150765,6.667714437365621,True,6.8,-0.91,0.01,410.5,6.56,79632.0,True,NASA_CDAWEB_OMNI_HRO_1MIN,False
2024-11-24 09:09:00,,,,,,,,,,,False,False,4.872494697570801,-3.6318886280059814,2.612814784049988,4.872494697570801,-2.396059513092041,3.75676691532135,1.0,6.59327385108168,6.59327379417864,True,6.16,-0.44,1.23,,,,False,NASA_CDAWEB_OMNI_HRO_1MIN,False
2024-11-24 09:10:00,,,,,,,,,,,False,False,5.074839353561401,-2.606017827987671,3.452466368675232,5.074839353561401,-1.114331990480423,3.9876116514205933,1.0,6.544525029288948,6.544524997617776,True,6.47,0.0,1.36,,,,False,NASA_CDAWEB_OMNI_HRO_1MIN,False
2024-11-24 09:11:00,,,,,,,,,,,False,False,4.593791723251343,-3.018862724304199,3.989091157913208,4.593791723251343,-1.2852893471717834,4.785558462142944,1.0,6.781775970196912,6.781775864734105,True,6.0,-0.56,1.69,392.7,6.3,84851.0,True,NASA_CDAWEB_OMNI_HRO_1MIN,False
2024-11-24 09:12:00,,,,,,,,,,,False,False,4.6281578540802,-3.1354880332946777,3.598204016685486,4.6281578540802,-1.5258350372314453,4.612023830413818,1.0,6.797251646277957,6.797251754359811,True,6.41,-0.1,0.28,398.7,6.39,85358.0,True,NASA_CDAWEB_OMNI_HRO_1MIN,False
2024-11-24 09:13:00,,,,,,,,,,,False,False,5.178609371185303,-2.871652126312256,3.2209283113479614,5.178609371185303,-1.3758537769317627,4.0413655042648315,1.0,6.806971672234265,6.806971733255983,True,6.35,0.19,0.02,409.6,6.67,93812.0,True,NASA_CDAWEB_OMNI_HRO_1MIN,False
2024-11-24 09:14:00,,,,,,,,,,,False,False,4.9696009159088135,-3.2672473192214966,3.4108775854110718,4.9696009159088135,-1.812415063381195,4.276358127593994,1.0,6.802401536147306,6.802401479659618,True,6.54,-0.43,-1.43,407.1,6.85,109090.0,True,NASA_CDAWEB_OMNI_HRO_1MIN,False
2024-11-24 09:15:00,,,,,,,,,,,False,False,5.9128992557525635,0.7853682041168213,3.0950945615768433,5.9128992557525635,1.8607621788978577,2.57013475894928,1.0,6.72987342277902,6.729873439912737,True,6.08,-0.3,0.13,411.1,6.91,111714.0,True,NASA_CDAWEB_OMNI_HRO_1MIN,False
2024-11-24 09:16:00,,,,,,,,,,,False,False,6.114354133605957,-0.18465755507349968,2.7577704191207886,6.114354133605957,0.8406261205673218,2.6693477630615234,1.0,6.7013820367708625,6.7013820025845465,True,6.44,-0.47,-1.15,410.6,6.53,97158.0,True,NASA_CDAWEB_OMNI_HRO_1MIN,False
2024-11-24 09:17:00,,,,,,,,,,,False,False,6.034557104110718,-0.9063393771648407,2.883610963821411,6.034557104110718,0.3101631626486778,3.0420610904693604,1.0,6.711704782237873,6.7117048181486,True,6.35,0.0,-0.21,410.1,6.18,83934.0,True,NASA_CDAWEB_OMNI_HRO_1MIN,False
2024-11-24 09:18:00,,,,,,,,,,,False,False,6.006923198699951,-0.42132945358753204,2.9449143409729004,6.006923198699951,0.7103599607944489,2.8980690240859985,1.0,6.72508331235186,6.725083362460678,True,5.79,-1.64,2.18,405.9,7.02,114660.0,True,NASA_CDAWEB_OMNI_HRO_1MIN,False
2024-11-24 09:19:00,,,,,,,,,,,False,False,5.684797763824463,-0.38899679481983185,3.4969018697738647,5.684797763824463,1.0070889592170715,3.5319089889526367,1.0,6.693448873776553,6.6934488867302315,True,5.81,-0.99,1.22,405.5,6.57,107771.0,True,NASA_CDAWEB_OMNI_HRO_1MIN,False
2024-11-24 09:20:00,,,,,,,,,,,False,False,4.836547613143921,-2.2459750175476074,4.077115535736084,4.836547613143921,-0.5253374874591827,4.6353981494903564,1.0,6.674117561730508,6.674117564934228,True,5.54,-1.94,1.03,407.4,6.67,109368.0,True,NASA_CDAWEB_OMNI_HRO_1MIN,False
2024-11-24 09:21:00,,,,,,,,,,,False,False,4.8737452030181885,-1.8831931948661804,4.115753889083862,4.8737452030181885,-0.17559798806905746,4.4947004318237305,1.0,6.664415110430896,6.664415120708846,True,5.53,-1.01,1.43,410.4,6.89,126630.0,True,NASA_CDAWEB_OMNI_HRO_1MIN,False
2024-11-24 09:22:00,,,,,,,,,,,False,False,4.64888334274292,-1.047481119632721,4.584968090057373,4.64888334274292,0.7446435689926147,4.641443729400635,1.0,6.683409776013758,6.683409779141383,True,5.58,-1.81,0.9,,,,False,NASA_CDAWEB_OMNI_HRO_1MIN,False
2024-11-24 09:23:00,,,,,,,,,,,False,False,4.775865077972412,-1.38922780752182,4.269029378890991,4.775865077972412,0.3076147884130478,4.459794282913208,1.0,6.620424558134321,6.620424569123259,True,5.97,-0.67,1.4,,,,False,NASA_CDAWEB_OMNI_HRO_1MIN,False
2024-11-24 09:24:00,,,,,,,,,,,False,False,4.798306941986084,-1.2924739122390747,4.654150009155273,4.798306941986084,0.5422961711883545,4.7795915603637695,1.0,6.820613476518522,6.820613485799736,True,6.31,-0.57,-0.18,,,,False,NASA_CDAWEB_OMNI_HRO_1MIN,False
2024-11-24 09:25:00,,,,,,,,,,,False,False,4.459216594696045,-1.9070045948028564,4.976490497589111,4.459216594696045,0.11768068931996822,5.312655448913574,1.0,6.937311235090466,6.937311204173156,True,5.96,-0.9,1.01,,,,False,NASA_CDAWEB_OMNI_HRO_1MIN,False
2024-11-24 09:26:00,,,,,,,,,,,False,False,5.9000749588012695,1.0913057327270508,2.7328968048095703,5.9000749588012695,2.0429232120513916,2.142016291618347,1.0,6.597966515535656,6.597966545985835,True,5.93,-1.17,-0.66,400.8,6.05,68546.0,True,NASA_CDAWEB_OMNI_HRO_1MIN,False
2024-11-24 09:27:00,,,,,,,,,,,False,False,5.899037599563599,0.9476469159126282,2.641810894012451,5.899037599563599,1.8952516317367554,2.092000722885132,1.0,6.5570830318190705,6.5570830383907275,True,5.8,-1.39,0.34,400.8,6.05,68546.0,True,NASA_CDAWEB_OMNI_HRO_1MIN,False
2024-11-24 09:28:00,,,,,,,,,,,False,False,5.299367904663086,0.38304921984672546,3.8146051168441772,5.299367904663086,1.8874695897102356,3.412601590156555,1.0,6.539865747872991,6.539865716353898,True,5.79,-1.29,-0.71,400.8,6.05,68546.0,True,NASA_CDAWEB_OMNI_HRO_1MIN,False
2024-11-24 09:29:00,,,,,,,,,,,False,False,5.085385799407959,0.11736902128905058,4.04612135887146,5.085385799407959,1.654030978679657,3.6995726823806763,1.0,6.483262502512311,6.483262492374841,True,6.34,-0.6,-2.75,,,,False,NASA_CDAWEB_OMNI_HRO_1MIN,False
2024-11-24 09:30:00,,,,,,,,,,,False,False,5.134801864624023,0.2006123587489128,4.053706169128418,5.134801864624023,1.6984296441078186,3.6954175233840942,1.0,6.534144867323192,6.534144937054385,True,6.19,-0.77,-1.59,,,,False,NASA_CDAWEB_OMNI_HRO_1MIN,False
2024-11-24 09:31:00,,,,,,,,,,,False,False,5.433041572570801,-0.10387656092643738,3.317733407020569,5.433041572570801,1.2453129589557648,3.0953426361083984,1.0,6.527595869619104,6.527595835177942,True,6.35,-0.83,-0.61,,,,False,NASA_CDAWEB_OMNI_HRO_1MIN,False
2024-11-24 09:32:00,,,,,,,,,,,False,False,5.083509922027588,1.012193888425827,3.805262804031372,5.083509922027588,2.344816565513611,3.0973236560821533,1.0,6.373707810732407,6.373707831216244,True,6.34,-0.49,-1.3,,,,False,NASA_CDAWEB_OMNI_HRO_1MIN,False
2024-11-24 09:33:00,,,,,,,,,,,False,False,4.928988218307495,1.027052104473114,3.92383074760437,4.928988218307495,2.472439765930176,3.3697067499160767,1.0,6.300402506702843,6.300402561395595,True,6.45,0.28,-2.52,392.9,5.19,54996.0,True,NASA_CDAWEB_OMNI_HRO_1MIN,False
2024-11-24 09:34:00,,,,,,,,,,,False,False,4.869057893753052,-0.11594304628670216,3.9053680896759033,4.869057893753052,1.3575928807258606,3.653701663017273,1.0,6.317157460709707,6.317157386936454,True,6.3,-0.74,-1.61,392.9,5.19,54996.0,True,NASA_CDAWEB_OMNI_HRO_1MIN,False
2024-11-24 09:35:00,,,,,,,,,,,False,False,4.45488715171814,-0.996800035238266,4.692596435546875,4.45488715171814,0.7935359477996826,4.756247520446777,1.0,6.634909296783676,6.63490923612166,True,6.6,-0.4,-1.01,393.0,5.21,55407.0,True,NASA_CDAWEB_OMNI_HRO_1MIN,False
2024-11-24 09:36:00,,,,,,,,,,,False,False,4.26568341255188,-0.8728550970554352,5.036006927490234,4.26568341255188,1.0939953923225403,5.032924652099609,1.0,6.645749881491879,6.64574973690548,True,6.63,-0.37,-1.15,405.2,6.5,89350.0,True,NASA_CDAWEB_OMNI_HRO_1MIN,False
2024-11-24 09:37:00,,,,,,,,,,,False,False,3.974544644355774,-4.0366867780685425,3.6554670333862305,3.974544644355774,-2.348968744277954,5.00548791885376,1.0,6.777885881483822,6.777885874854617,True,7.06,0.14,-1.06,402.8,6.45,70048.0,True,NASA_CDAWEB_OMNI_HRO_1MIN,False
2024-11-24 09:38:00,,,,,,,,,,,False,False,3.746322512626648,-2.456432580947876,4.872600555419922,3.746322512626648,-0.4226773679256439,5.483530282974243,1.0,6.6828258290975295,6.682825930539706,True,6.94,-0.07,0.86,402.2,6.43,64732.0,True,NASA_CDAWEB_OMNI_HRO_1MIN,False
2024-11-24 09:39:00,,,,,,,,,,,False,False,3.8899224996566772,-1.6403974294662476,4.997199296951294,3.8899224996566772,0.4764578491449356,5.1703057289123535,1.0,6.54939454692868,6.549394486264377,True,6.9,1.03,-0.92,,,,False,NASA_CDAWEB_OMNI_HRO_1MIN,False
2024-11-24 09:40:00,,,,,,,,,,,False,False,4.984290361404419,-3.2644625902175903,3.0052027702331543,4.984290361404419,-1.8781114220619202,4.020036697387695,1.0,6.726464948642583,6.72646495932425,True,7.26,0.73,-0.4,394.7,6.22,53654.0,True,NASA_CDAWEB_OMNI_HRO_1MIN,False
2024-11-24 09:41:00,,,,,,,,,,,False,False,4.6195292472839355,-3.668962240219116,3.3205113410949707,4.6195292472839355,-2.1613770723342896,4.477698087692261,1.0,6.777737320219882,6.777737236046905,True,7.34,0.39,-0.74,394.7,6.22,53654.0,True,NASA_CDAWEB_OMNI_HRO_1MIN,False
2024-11-24 09:42:00,,,,,,,,,,,False,False,4.414475917816162,-3.7672367095947266,2.8931024074554443,4.414475917816162,-2.3291224241256714,4.146854400634766,1.0,6.460604243280903,6.460604263555391,True,7.08,0.55,-1.19,,,,False,NASA_CDAWEB_OMNI_HRO_1MIN,False
2024-11-24 09:43:00,,,,,,,,,,,False,False,4.00826632976532,-4.386337518692017,2.338068962097168,4.00826632976532,-3.2325674295425415,3.932553768157959,1.0,6.479111119625929,6.479111248054197,True,7.14,0.76,-0.82,,,,False,NASA_CDAWEB_OMNI_HRO_1MIN,False
2024-11-24 09:44:00,,,,,,,,,,,False,False,4.289588928222656,-4.388677358627319,2.0704801082611084,4.289588928222656,-3.248579502105713,3.574631452560425,1.0,6.532160607898069,6.5321606942037596,True,7.14,-0.02,-1.49,,,,False,NASA_CDAWEB_OMNI_HRO_1MIN,False
2024-11-24 09:45:00,,,,,,,,,,,False,False,3.877424478530884,-4.755760431289673,2.0918192267417908,3.877424478530884,-3.7042417526245117,3.785896062850952,1.0,6.469746181477057,6.469746233906383,True,7.04,0.64,-1.32,,,,False,NASA_CDAWEB_OMNI_HRO_1MIN,False
2024-11-24 09:46:00,,,,,,,,,,,False,False,4.739309549331665,-2.889322280883789,2.4601757526397705,4.739309549331665,-1.7978720664978027,3.2032700777053833,1.0,6.202665549862502,6.2026655623372395,True,7.23,0.4,-0.58,,,,False,NASA_CDAWEB_OMNI_HRO_1MIN,False
2024-11-24 09:47:00,,,,,,,,,,,False,False,4.981484413146973,-1.2274316549301147,3.940216064453125,4.981484413146973,0.2773687019944191,4.140227556228638,1.0,6.48596234134134,6.485962389353608,True,7.09,0.01,-1.6,,,,False,NASA_CDAWEB_OMNI_HRO_1MIN,False
2024-11-24 09:48:00,,,,,,,,,,,False,False,4.478959798812866,-1.008912980556488,4.120883345603943,4.478959798812866,0.7623149752616882,4.283411026000977,1.0,6.16088952628733,6.1608895262786945,True,7.25,0.9,-0.02,396.9,6.67,66605.0,True,NASA_CDAWEB_OMNI_HRO_1MIN,False
2024-11-24 09:49:00,,,,,,,,,,,False,False,4.254074811935425,-2.542086601257324,3.724135637283325,4.254074811935425,-0.9321548342704773,4.411625623703003,1.0,6.276180008533098,6.276179952823578,True,7.37,0.34,-0.75,396.9,6.67,66605.0,True,NASA_CDAWEB_OMNI_HRO_1MIN,False
2024-11-24 09:50:00,,,,,,,,,,,False,False,4.839189291000366,-2.961107850074768,2.7510123252868652,4.839189291000366,-1.6897762417793274,3.5086523294448853,1.0,6.175095673800019,6.175095662689943,True,6.93,0.24,-1.73,,,,False,NASA_CDAWEB_OMNI_HRO_1MIN,False
2024-11-24 09:51:00,,,,,,,,,,,False,False,5.603759050369263,-3.2747292518615723,1.124539077281952,5.603759050369263,-2.574287176132202,2.303122639656067,1.0,6.607147739246921,6.607147747175447,True,7.09,0.01,-0.93,,,,False,NASA_CDAWEB_OMNI_HRO_1MIN,False
2024-11-24 09:52:00,,,,,,,,,,,False,False,5.1964733600616455,-3.5491623878479004,1.296373963356018,5.1964733600616455,-2.751142978668213,2.4688503742218018,1.0,6.4609233305060005,6.460923371160714,True,7.04,0.17,-1.55,,,,False,NASA_CDAWEB_OMNI_HRO_1MIN,False
2024-11-24 09:53:00,,,,,,,,,,,False,False,4.54216742515564,-1.4419576525688171,3.823831081390381,4.54216742515564,0.3145628124475479,3.969336986541748,1.0,6.148265967605975,6.148265955619817,True,7.07,-0.26,-0.14,,,,False,NASA_CDAWEB_OMNI_HRO_1MIN,False
2024-11-24 09:54:00,,,,,,,,,,,False,False,2.4548028707504272,-2.6511828899383545,4.988215923309326,2.4548028707504272,-0.46100184321403503,5.702448606491089,1.0,6.277381093434689,6.277380943861472,True,7.02,-0.39,-0.82,404.4,7.26,103778.0,True,NASA_CDAWEB_OMNI_HRO_1MIN,False
2024-11-24 09:55:00,,,,,,,,,,,False,False,3.393688917160034,-4.242227792739868,3.895983934402466,3.393688917160034,-2.418160557746887,5.077083349227905,1.0,6.674507367456064,6.674507304003986,True,6.99,-0.26,-1.43,401.2,7.0,98422.0,True,NASA_CDAWEB_OMNI_HRO_1MIN,False
2024-11-24 09:56:00,,,,,,,,,,,False,False,3.4793158769607544,-2.609852433204651,4.683252811431885,3.4793158769607544,-0.6263156533241272,5.38750696182251,1.0,6.670699228648989,6.67069920933616,True,6.96,-1.21,-1.61,397.9,6.68,83865.0,True,NASA_CDAWEB_OMNI_HRO_1MIN,False
2024-11-24 09:57:00,,,,,,,,,,,False,False,1.6810376197099686,-1.9136745929718018,6.127568006515503,1.6810376197099686,0.21636971831321716,6.508681535720825,1.0,6.900072516988924,6.9000726146674545,True,6.96,0.27,-1.09,397.2,6.58,75559.0,True,NASA_CDAWEB_OMNI_HRO_1MIN,False
2024-11-24 09:58:00,,,,,,,,,,,False,False,1.2809824347496033,-1.6862313747406006,6.713976144790649,1.2809824347496033,1.0357890129089355,6.763803720474243,1.0,6.9810185527599655,6.9810182870208894,True,6.7,0.15,-1.11,,,,False,NASA_CDAWEB_OMNI_HRO_1MIN,False
2024-11-24 09:59:00,,,,,,,,,,,False,False,3.089720129966736,-1.6866037845611572,6.122868299484253,3.089720129966736,0.8018847405910492,6.3647685050964355,1.0,7.091293075846414,7.091293084566562,True,6.64,0.02,-1.26,,,,False,NASA_CDAWEB_OMNI_HRO_1MIN,False
2024-11-24 10:00:00,,,,,,,,,,,False,False,2.86851167678833,-2.2038564682006836,6.127461910247803,2.86851167678833,0.3014509826898575,6.527736186981201,1.0,7.17727504771414,7.1772750881741025,True,6.8,0.27,-1.37,,,,False,NASA_CDAWEB_OMNI_HRO_1MIN,False
2024-11-24 10:01:00,,,,,,,,,,,False,False,2.7038919925689697,-1.9156638979911804,6.310401439666748,2.7038919925689697,0.6530709266662598,6.600589752197266,1.0,7.025432001026228,7.0254322274278,True,6.73,-1.2,-1.27,,,,False,NASA_CDAWEB_OMNI_HRO_1MIN,False
2024-11-24 10:02:00,,,,,,,,,,,False,False,2.074902296066284,-1.9468436241149902,6.391647815704346,2.074902296066284,0.6483780443668365,6.683828592300415,1.0,7.025908795095214,7.0259088910404355,True,6.95,-0.05,-1.38,400.7,6.1,65204.0,True,NASA_CDAWEB_OMNI_HRO_1MIN,False
2024-11-24 10:03:00,,,,,,,,,,,False,False,1.927791714668274,-2.006146728992462,6.633588552474976,1.927791714668274,0.6809098124504089,6.903267860412598,1.0,7.186033610704665,7.1860335936897615,True,6.95,-0.73,-1.08,403.0,6.82,86273.0,True,NASA_CDAWEB_OMNI_HRO_1MIN,False
2024-11-24 10:04:00,,,,,,,,,,,False,False,2.3465893268585205,-1.7969682216644287,6.532003164291382,2.3465893268585205,0.8280899524688721,6.62708044052124,1.0,7.112224433827381,7.112224519328475,True,6.69,-0.84,-1.51,404.8,7.39,102745.0,True,NASA_CDAWEB_OMNI_HRO_1MIN,False
2024-11-24 10:05:00,,,,,,,,,,,False,False,2.044439136981964,-2.0335562229156494,6.539626121520996,2.044439136981964,0.546492725610733,6.73702335357666,1.0,7.076002148205337,7.076002067539548,True,7.07,-0.14,-0.16,,,,False,NASA_CDAWEB_OMNI_HRO_1MIN,False
2024-11-24 10:06:00,,,,,,,,,,,False,False,3.1437900066375732,-1.919486939907074,5.927159070968628,3.1437900066375732,0.5453000366687775,6.243515253067017,1.0,7.013888278000737,7.013888134066628,True,6.94,-1.01,-0.23,,,,False,NASA_CDAWEB_OMNI_HRO_1MIN,False
2024-11-24 10:07:00,,,,,,,,,,,False,False,2.682504177093506,-1.5514382123947144,6.185563325881958,2.682504177093506,0.9162260293960571,6.291326999664307,1.0,6.94028725304736,6.940287127852417,True,6.91,-0.41,-0.93,,,,False,NASA_CDAWEB_OMNI_HRO_1MIN,False
2024-11-24 10:08:00,,,,,,,,,,,False,False,2.723587155342102,-1.5859118103981018,6.185293674468994,2.723587155342102,0.9015478789806366,6.290620803833008,1.0,7.066419664489427,7.066419368723685,True,6.86,-1.04,-1.06,,,,False,NASA_CDAWEB_OMNI_HRO_1MIN,False
2024-11-24 10:09:00,,,,,,,,,,,False,False,2.9768664836883545,-1.7890044450759888,6.154371500015259,2.9768664836883545,0.7128906846046448,6.327505588531494,1.0,7.033952638936558,7.0339526121170435,True,6.96,-0.97,-0.97,401.9,7.5,113169.0,True,NASA_CDAWEB_OMNI_HRO_1MIN,False
2024-11-24 10:10:00,,,,,,,,,,,False,False,3.513117790222168,-2.119601845741272,5.755899667739868,3.513117790222168,0.23997307196259499,6.129070997238159,1.0,7.069928137828156,7.069928211779617,True,6.96,-0.53,-0.56,401.7,7.44,112333.0,True,NASA_CDAWEB_OMNI_HRO_1MIN,False
2024-11-24 10:11:00,,,,,,,,,,,False,False,3.490315079689026,-1.9566916227340698,6.08400297164917,3.490315079689026,0.5159497857093811,6.3641839027404785,1.0,7.253850593663641,7.253850670406471,True,6.86,-1.23,-0.59,399.0,6.44,98843.0,True,NASA_CDAWEB_OMNI_HRO_1MIN,False
2024-11-24 10:12:00,,,,,,,,,,,False,False,3.483559489250183,-1.9738836884498596,6.116223573684692,3.483559489250183,0.49666330218315125,6.417245388031006,1.0,7.323344796721244,7.323344725400868,True,7.08,-0.95,-0.6,401.5,6.43,77800.0,True,NASA_CDAWEB_OMNI_HRO_1MIN,False
2024-11-24 10:13:00,,,,,,,,,,,False,False,3.1866848468780518,-1.7678128480911255,6.411989212036133,3.1866848468780518,0.8160050511360168,6.607640027999878,1.0,7.377252200011727,7.3772521512066085,True,7.1,-0.92,-0.17,402.3,6.43,71261.0,True,NASA_CDAWEB_OMNI_HRO_1MIN,False
2024-11-24 10:14:00,,,,,,,,,,,False,False,3.061351180076599,-1.729159951210022,6.414972543716431,3.061351180076599,0.8441781401634216,6.594334125518799,1.0,7.30048539785345,7.300485527323917,True,7.17,-1.23,-0.13,,,,False,NASA_CDAWEB_OMNI_HRO_1MIN,False
2024-11-24 10:15:00,,,,,,,,,,,False,False,3.031776189804077,-1.5810835361480713,6.490710020065308,3.031776189804077,0.990397036075592,6.475538492202759,1.0,7.261714968948765,7.261714924366633,True,6.9,-1.29,-1.0,,,,False,NASA_CDAWEB_OMNI_HRO_1MIN,False
2024-11-24 10:16:00,,,,,,,,,,,False,False,3.1547701358795166,-1.468870997428894,6.578668594360352,3.1547701358795166,1.1106677055358887,6.596962213516235,1.0,7.413417954683401,7.413418027045569,True,6.86,-1.58,-0.67,,,,False,NASA_CDAWEB_OMNI_HRO_1MIN,False
2024-11-24 10:17:00,,,,,,,,,,,False,False,3.1763919591903687,-1.304245412349701,6.646399736404419,3.1763919591903687,1.3561257123947144,6.649433612823486,1.0,7.49184353332295,7.491843606565659,True,6.9,-0.51,-1.88,397.9,6.5,87178.0,True,NASA_CDAWEB_OMNI_HRO_1MIN,False
2024-11-24 10:18:00,,,,,,,,,,,False,False,3.3134524822235107,-0.9934254884719849,6.615869522094727,3.3134524822235107,1.6000350713729858,6.488756418228149,1.0,7.463169199539218,7.4631691802691265,True,7.01,-0.96,-0.89,397.9,6.5,87178.0,True,NASA_CDAWEB_OMNI_HRO_1MIN,False
2024-11-24 10:19:00,,,,,,,,,,,False,False,3.3901160955429077,-0.9448679685592651,6.62831449508667,3.3901160955429077,1.6528493762016296,6.496960878372192,1.0,7.506928638051198,7.506928675556146,True,6.97,-0.76,-0.74,,,,False,NASA_CDAWEB_OMNI_HRO_1MIN,False
2024-11-24 10:20:00,,,,,,,,,,,False,False,2.4543535113334656,-1.6735621094703674,6.3484954833984375,2.4543535113334656,0.8854945152997971,6.617877960205078,1.0,7.125011823470627,7.1250119596434125,True,7.05,-0.47,-0.13,,,,False,NASA_CDAWEB_OMNI_HRO_1MIN,False
2024-11-24 10:21:00,,,,,,,,,,,False,False,1.4726679623126984,-3.400505542755127,6.057575464248657,1.4726679623126984,-0.8758585155010223,6.7825469970703125,1.0,7.031502120322629,7.0315022369029325,True,6.9,-0.97,0.44,,,,False,NASA_CDAWEB_OMNI_HRO_1MIN,False
2024-11-24 10:22:00,,,,,,,,,,,False,False,1.696903109550476,-1.575348675251007,6.424960374832153,1.696903109550476,0.9554647207260132,6.5762505531311035,1.0,6.8614498625665155,6.861450131318973,True,6.77,-1.1,-0.8,,,,False,NASA_CDAWEB_OMNI_HRO_1MIN,False
2024-11-24 10:23:00,,,,,,,,,,,False,False,1.0814319252967834,-1.05153226852417,6.929428577423096,1.0814319252967834,1.6751676201820374,6.719170570373535,1.0,7.069349269559243,7.069349338395551,True,7.12,-0.59,0.15,,,,False,NASA_CDAWEB_OMNI_HRO_1MIN,False
2024-11-24 10:24:00,,,,,,,,,,,False,False,0.9659886658191681,-0.3201718032360077,6.972421407699585,0.9659886658191681,2.399617910385132,6.628495454788208,1.0,7.036611848037364,7.036611654729265,True,6.86,-1.21,-0.99,,,,False,NASA_CDAWEB_OMNI_HRO_1MIN,False
2024-11-24 10:25:00,,,,,,,,,,,False,False,1.8664337396621704,-1.067413568496704,6.395138502120972,1.8664337396621704,1.4559747576713562,6.377063751220703,1.0,6.844209437745423,6.844209653384485,True,7.09,-0.82,0.14,391.1,5.7,68506.0,True,NASA_CDAWEB_OMNI_HRO_1MIN,False
2024-11-24 10:26:00,,,,,,,,,,,False,False,2.361457109451294,-1.8311675190925598,6.144118309020996,2.361457109451294,0.6519167125225067,6.454996585845947,1.0,6.869625068684044,6.86962495751767,True,6.71,-1.5,-0.47,391.1,5.7,68506.0,True,NASA_CDAWEB_OMNI_HRO_1MIN,False
2024-11-24 10:27:00,,,,,,,,,,,False,False,2.2745492458343506,-1.2260356545448303,6.6179609298706055,2.2745492458343506,1.3559739589691162,6.544574499130249,1.0,6.992219185170868,6.992219250669573,True,6.84,-1.45,0.68,399.0,7.4,122785.0,True,NASA_CDAWEB_OMNI_HRO_1MIN,False
2024-11-24 10:28:00,,,,,,,,,,,False,False,2.984772205352783,-0.6218096911907196,6.1755406856536865,2.984772205352783,1.791023075580597,5.944321393966675,1.0,6.870356478463918,6.87035648650872,True,6.88,-1.11,0.62,399.6,7.27,116516.0,True,NASA_CDAWEB_OMNI_HRO_1MIN,False
2024-11-24 10:29:00,,,,,,,,,,,False,False,3.0228066444396973,-1.2164404392242432,6.212243318557739,3.0228066444396973,1.2086899280548096,6.095724582672119,1.0,6.993518056569545,6.993518179378166,True,6.66,-1.82,-0.81,404.1,6.25,68140.0,True,NASA_CDAWEB_OMNI_HRO_1MIN,False
2024-11-24 10:30:00,,,,,,,,,,,False,False,2.3124624490737915,-1.285534143447876,6.648749589920044,2.3124624490737915,1.3513506650924683,6.623324632644653,1.0,7.153586570401124,7.153586650920386,True,6.89,-1.71,-0.07,403.0,6.33,75955.0,True,NASA_CDAWEB_OMNI_HRO_1MIN,False
2024-11-24 10:31:00,,,,,,,,,,,False,False,2.400784492492676,-1.0846980214118958,6.771402597427368,2.400784492492676,1.582034945487976,6.67330527305603,1.0,7.230753096351503,7.230753176054382,True,6.5,-2.27,-2.01,399.8,5.72,69332.0,True,NASA_CDAWEB_OMNI_HRO_1MIN,False
2024-11-24 10:32:00,,,,,,,,,,,False,False,2.6008509397506714,-1.0848703384399414,6.7768309116363525,2.6008509397506714,1.583484411239624,6.683427572250366,1.0,7.327107665432681,7.327107771719879,True,6.97,-0.31,-1.3,397.7,5.61,62933.0,True,NASA_CDAWEB_OMNI_HRO_1MIN,False
2024-11-24 10:33:00,,,,,,,,,,,False,False,2.6700552701950073,-0.7861969172954559,6.811147212982178,2.6700552701950073,1.891531765460968,6.584920167922974,1.0,7.367508192714858,7.367508207187105,True,6.35,-1.18,0.73,395.5,6.14,69240.0,True,NASA_CDAWEB_OMNI_HRO_1MIN,False
2024-11-24 10:34:00,,,,,,,,,,,False,False,2.5750527381896973,-0.3019619733095169,6.823354244232178,2.5750527381896973,2.35018253326416,6.552772521972656,1.0,7.3617919468601,7.361792001189064,True,6.63,-1.53,-1.48,403.0,5.63,78968.0,True,NASA_CDAWEB_OMNI_HRO_1MIN,False
2024-11-24 10:35:00,,,,,,,,,,,False,False,2.6206873655319214,-0.13014465011656284,6.678951263427734,2.6206873655319214,2.433662533760071,6.221003293991089,1.0,7.16627295287984,7.166272922800179,True,5.81,-1.55,2.42,403.2,5.62,79194.0,True,NASA_CDAWEB_OMNI_HRO_1MIN,False
2024-11-24 10:36:00,,,,,,,,,,,False,False,2.988676071166992,-0.5988166034221649,6.43516993522644,2.988676071166992,1.9007094502449036,6.160261154174805,1.0,7.142493096085197,7.142492942466996,True,6.24,-2.25,0.23,405.7,7.39,126606.0,True,NASA_CDAWEB_OMNI_HRO_1MIN,False
2024-11-24 10:37:00,,,,,,,,,,,False,False,3.2492685317993164,-0.4884681850671768,6.308739900588989,3.2492685317993164,1.9493834376335144,5.998971462249756,1.0,7.095370673025087,7.095370831448365,True,6.36,-2.39,1.01,407.4,7.29,128712.0,True,NASA_CDAWEB_OMNI_HRO_1MIN,False
2024-11-24 10:38:00,,,,,,,,,,,False,False,3.479932188987732,-0.08756104111671448,6.040801048278809,3.479932188987732,2.2175440788269043,5.608139991760254,1.0,6.962068173197178,6.962068413546062,True,6.18,-2.42,0.38,396.2,6.7,88362.0,True,NASA_CDAWEB_OMNI_HRO_1MIN,False
2024-11-24 10:39:00,,,,,,,,,,,False,False,3.426190495491028,-0.038372493814677,6.188560724258423,3.426190495491028,2.323554515838623,5.755467891693115,1.0,7.053385797927537,7.053385635433663,True,6.08,-2.35,0.12,404.2,6.45,73919.0,True,NASA_CDAWEB_OMNI_HRO_1MIN,False
2024-11-24 10:40:00,,,,,,,,,,,False,False,-0.08181130513548851,2.1321364641189575,6.77294921875,-0.08181130513548851,4.574038505554199,5.483301162719727,1.0,7.127937452142103,7.127937441371704,True,6.67,-2.24,-0.11,406.4,6.24,71767.0,True,NASA_CDAWEB_OMNI_HRO_1MIN,False
2024-11-24 10:41:00,,,,,,,,,,,False,False,1.9395415782928467,1.581727147102356,6.540339708328247,1.9395415782928467,3.9640592336654663,5.469742298126221,1.0,6.97849037929368,6.978490407305465,True,6.33,-2.05,0.04,398.1,5.06,50720.0,True,NASA_CDAWEB_OMNI_HRO_1MIN,False
2024-11-24 10:42:00,,,,,,,,,,,False,False,1.690640926361084,2.2597333192825317,6.494254112243652,1.690640926361084,4.55001425743103,5.18569278717041,1.0,7.005595020066485,7.005595062990109,True,6.36,-1.71,0.6,,,,False,NASA_CDAWEB_OMNI_HRO_1MIN,False
2024-11-24 10:43:00,,,,,,,,,,,False,False,1.7913435101509094,2.557755947113037,6.0571510791778564,1.7913435101509094,4.685635328292847,4.611175298690796,1.0,6.849519368693485,6.849519375948482,True,5.85,-2.15,2.66,412.2,6.92,98062.0,True,NASA_CDAWEB_OMNI_HRO_1MIN,False
2024-11-24 10:44:00,,,,,,,,,,,False,False,2.0251079201698303,2.8022892475128174,5.8817808628082275,2.0251079201698303,4.85076904296875,4.420834064483643,1.0,6.840605514469278,6.840605410105883,True,6.15,-2.77,0.33,412.2,6.92,98062.0,True,NASA_CDAWEB_OMNI_HRO_1MIN,False
2024-11-24 10:45:00,,,,,,,,,,,False,False,3.0907498598098755,2.7213523387908936,5.939106702804565,3.0907498598098755,4.765678882598877,4.526164770126343,1.0,7.216852478480648,7.21685239104735,True,5.85,-2.04,1.76,417.5,6.69,109440.0,True,NASA_CDAWEB_OMNI_HRO_1MIN,False
2024-11-24 10:46:00,,,,,,,,,,,False,False,3.5398309230804443,-1.1773775815963745,6.2067365646362305,3.5398309230804443,1.3680751323699951,6.200726747512817,1.0,7.143356394165776,7.143356450680638,True,6.16,-1.62,0.84,408.8,6.83,115021.0,True,NASA_CDAWEB_OMNI_HRO_1MIN,False
2024-11-24 10:47:00,,,,,,,,,,,False,False,3.627255439758301,-0.8423442244529724,6.168828725814819,3.627255439758301,1.6410858631134033,5.982644319534302,1.0,7.369807562551623,7.369807718593563,True,6.72,-0.09,1.04,397.0,6.34,94084.0,True,NASA_CDAWEB_OMNI_HRO_1MIN,False
2024-11-24 10:48:00,,,,,,,,,,,False,False,4.210478067398071,-0.8938619494438171,5.686755895614624,4.210478067398071,1.377038061618805,5.624565839767456,1.0,7.217782100228738,7.217782099585148,True,6.8,0.08,0.81,394.3,6.05,80270.0,True,NASA_CDAWEB_OMNI_HRO_1MIN,False
2024-11-24 10:49:00,,,,,,,,,,,False,False,4.6107165813446045,-1.003456026315689,5.64177942276001,4.6107165813446045,1.2532511353492737,5.62589693069458,1.0,7.35353906379753,7.35353912238822,True,6.82,-0.7,0.28,394.9,6.3,71297.0,True,NASA_CDAWEB_OMNI_HRO_1MIN,False
2024-11-24 10:50:00,,,,,,,,,,,False,False,4.269651889801025,-1.1904654502868652,5.912134170532227,4.269651889801025,1.0872397422790527,5.917760133743286,1.0,7.3742896789028585,7.374289706338789,True,6.5,-1.11,0.01,394.7,6.08,80896.0,True,NASA_CDAWEB_OMNI_HRO_1MIN,False
2024-11-24 10:51:00,,,,,,,,,,,False,False,4.527797222137451,-1.647963285446167,5.452615737915039,4.527797222137451,0.5231418013572693,5.622556209564209,1.0,7.270395996488569,7.270396095328649,True,6.46,-1.38,-1.59,399.0,6.21,83268.0,True,NASA_CDAWEB_OMNI_HRO_1MIN,False
2024-11-24 10:52:00,,,,,,,,,,,False,False,4.303306579589844,-1.5884501338005066,5.7915940284729,4.303306579589844,0.6808472871780396,5.970775842666626,1.0,7.389367552923053,7.389367591545705,True,6.53,-0.06,-0.43,402.5,6.59,82425.0,True,NASA_CDAWEB_OMNI_HRO_1MIN,False
2024-11-24 10:53:00,,,,,,,,,,,False,False,4.387585639953613,-1.7119507193565369,5.709378242492676,4.387585639953613,0.5963216722011566,5.899295091629028,1.0,7.383539632542668,7.383539584038738,True,5.79,-2.64,0.26,404.4,6.9,103148.0,True,NASA_CDAWEB_OMNI_HRO_1MIN,False
2024-11-24 10:54:00,,,,,,,,,,,False,False,4.249310255050659,-1.5670822858810425,5.65565299987793,4.249310255050659,0.6733613014221191,5.786996841430664,1.0,7.255744221477489,7.255744100321904,True,6.09,-0.34,-0.99,412.6,6.71,95817.0,True,NASA_CDAWEB_OMNI_HRO_1MIN,False
2024-11-24 10:55:00,,,,,,,,,,,False,False,4.277724266052246,-0.9005251936614513,5.690053939819336,4.277724266052246,1.3262917399406433,5.533574104309082,1.0,7.264865839915975,7.2648659424523405,True,6.24,0.14,-0.37,401.7,6.18,87914.0,True,NASA_CDAWEB_OMNI_HRO_1MIN,False
2024-11-24 10:56:00,,,,,,,,,,,False,False,4.289270401000977,0.12325998768210411,5.903574228286743,4.289270401000977,2.3409242630004883,5.391586542129517,1.0,7.274486533351713,7.274486747953036,True,5.96,-0.76,-0.93,396.5,6.01,72880.0,True,NASA_CDAWEB_OMNI_HRO_1MIN,False
2024-11-24 10:57:00,,,,,,,,,,,False,False,3.4440258741378784,-0.5177689045667648,5.362671136856079,3.4440258741378784,1.5953590273857117,5.226077079772949,1.0,6.409517218242261,6.409517160744056,True,6.37,-0.57,-1.04,407.4,6.8,74023.0,True,NASA_CDAWEB_OMNI_HRO_1MIN,False
2024-11-24 10:58:00,,,,,,,,,,,False,False,2.8211511373519897,2.050516963005066,5.377894639968872,2.8211511373519897,3.9646313190460205,4.268502712249756,1.0,6.458403209122018,6.458402972462483,True,5.96,0.35,0.07,404.3,5.86,70305.0,True,NASA_CDAWEB_OMNI_HRO_1MIN,False
2024-11-24 10:59:00,,,,,,,,,,,False,False,3.1829662322998047,1.632678508758545,5.357530355453491,3.1829662322998047,3.5191404819488525,4.285581111907959,1.0,6.441824982397833,6.441824976746663,True,5.6,-1.47,1.07,415.6,5.62,68827.0,True,NASA_CDAWEB_OMNI_HRO_1MIN,False
2024-11-24 11:00:00,,,,,,,,,,,False,False,4.054338216781616,0.4861338138580322,5.1120147705078125,4.054338216781616,2.3530911207199097,4.520601987838745,1.0,6.506197531006782,6.5061975677841435,True,6.8,-0.46,-1.56,393.5,5.27,56576.0,True,NASA_CDAWEB_OMNI_HRO_1MIN,False
2024-11-24 11:01:00,,,,,,,,,,,False,False,3.9787875413894653,-0.4660394638776779,5.1550538539886475,3.9787875413894653,1.35213965177536,4.800110578536987,1.0,6.524316496791301,6.524316539532293,True,6.06,0.34,0.32,395.2,5.63,70198.0,True,NASA_CDAWEB_OMNI_HRO_1MIN,False
2024-11-24 11:02:00,,,,,,,,,,,False,False,4.363171577453613,-1.4627942442893982,4.70739483833313,4.363171577453613,0.47766730189323425,4.8996500968933105,1.0,6.592757526993322,6.59275751927785,True,5.43,-0.61,-0.24,399.1,6.37,86723.0,True,NASA_CDAWEB_OMNI_HRO_1MIN,False
2024-11-24 11:03:00,,,,,,,,,,,False,False,4.068577527999878,-1.6411662101745605,4.991235971450806,4.068577527999878,0.3779074400663376,5.261371612548828,1.0,6.647375166016218,6.64737536825897,True,6.11,-0.75,-1.93,399.2,6.3,68954.0,True,NASA_CDAWEB_OMNI_HRO_1MIN,False
2024-11-24 11:04:00,,,,,,,,,,,False,False,6.323006629943848,-2.8161336183547974,-0.9627815186977386,6.323006629943848,-2.923485517501831,0.18160752824041992,1.0,7.026474434101048,7.026474474029816,True,6.42,-1.78,-1.14,399.8,6.84,87776.0,True,NASA_CDAWEB_OMNI_HRO_1MIN,False
2024-11-24 11:05:00,,,,,,,,,,,False,False,5.597412109375,-2.6357792615890503,2.5334341526031494,5.597412109375,-1.6422370076179504,3.3576563596725464,1.0,6.7271760392987545,6.727176034300161,True,4.67,-0.98,4.18,411.0,6.02,80995.0,True,NASA_CDAWEB_OMNI_HRO_1MIN,False
2024-11-24 11:06:00,,,,,,,,,,,False,False,5.419654846191406,-3.7447248697280884,1.453669011592865,5.419654846191406,-2.8693885803222656,2.71783709526062,1.0,6.793127213619371,6.7931272253332144,True,5.61,-1.12,2.19,402.3,5.58,76160.0,True,NASA_CDAWEB_OMNI_HRO_1MIN,False
2024-11-24 11:07:00,,,,,,,,,,,False,False,5.400774240493774,-3.5583860874176025,1.962666094303131,5.400774240493774,-2.561279535293579,3.164629101753235,1.0,6.818300840998791,6.818300827241402,True,6.21,0.06,0.78,400.4,5.94,71272.0,True,NASA_CDAWEB_OMNI_HRO_1MIN,False
2024-11-24 11:08:00,,,,,,,,,,,False,False,4.712378978729248,-4.362005949020386,2.527927041053772,4.712378978729248,-3.084835410118103,3.987641930580139,1.0,6.913039845727507,6.913039772227613,True,5.85,0.96,2.7,407.0,5.86,78493.0,True,NASA_CDAWEB_OMNI_HRO_1MIN,False
2024-11-24 11:09:00,,,,,,,,,,,False,False,4.415151596069336,-4.590822696685791,2.1797507405281067,4.415151596069336,-3.4093432426452637,3.7036874294281006,1.0,6.821742921868009,6.821742957356854,True,6.18,0.04,1.36,409.3,5.77,83562.0,True,NASA_CDAWEB_OMNI_HRO_1MIN,False
2024-11-24 11:10:00,,,,,,,,,,,False,False,3.944283127784729,-4.367311000823975,2.866955876350403,3.944283127784729,-2.992897868156433,4.365361928939819,1.0,6.6934138146598965,6.6934139083255255,True,6.2,0.17,1.07,399.0,6.23,92218.0,True,NASA_CDAWEB_OMNI_HRO_1MIN,False
2024-11-24 11:11:00,,,,,,,,,,,False,False,3.595853328704834,-0.7670696973800659,5.523753881454468,3.595853328704834,1.4281717538833618,5.382149934768677,1.0,6.6246415482519705,6.624641681062199,True,6.07,0.14,0.69,398.0,6.1,85834.0,True,NASA_CDAWEB_OMNI_HRO_1MIN,False
2024-11-24 11:12:00,,,,,,,,,,,False,False,3.957009792327881,-1.7574443221092224,5.215908765792847,3.957009792327881,0.3708943724632263,5.574917316436768,1.0,6.780249426535006,6.780249527970354,True,5.97,0.13,1.96,401.5,5.95,82387.0,True,NASA_CDAWEB_OMNI_HRO_1MIN,False
2024-11-24 11:13:00,,,,,,,,,,,False,False,3.386405348777771,-3.706715703010559,4.596104621887207,3.386405348777771,-1.6545518338680267,5.666937828063965,1.0,6.849966031058663,6.849965957280515,True,6.07,0.36,2.84,414.2,5.97,74324.0,True,NASA_CDAWEB_OMNI_HRO_1MIN,False
2024-11-24 11:14:00,,,,,,,,,,,False,False,3.8072651624679565,-2.801742911338806,5.061814069747925,3.8072651624679565,-0.6946355104446411,5.7645275592803955,1.0,6.903082021824436,6.9030819481390555,True,6.11,-0.28,0.85,395.3,5.99,90563.0,True,NASA_CDAWEB_OMNI_HRO_1MIN,False
2024-11-24 11:15:00,,,,,,,,,,,False,False,3.0693174600601196,-3.519325852394104,5.083221673965454,3.0693174600601196,-1.3533469438552856,5.954834461212158,1.0,6.896778692952864,6.896778633930861,True,5.71,0.62,3.11,398.2,5.69,81668.0,True,NASA_CDAWEB_OMNI_HRO_1MIN,False
2024-11-24 11:16:00,,,,,,,,,,,False,False,3.8445781469345093,-2.500095009803772,5.023396253585815,3.8445781469345093,-0.4270996227860451,5.592356204986572,1.0,6.904510017927409,6.9045099962738785,True,5.79,-0.51,2.11,408.5,5.74,70924.0,True,NASA_CDAWEB_OMNI_HRO_1MIN,False
2024-11-24 11:17:00,,,,,,,,,,,False,False,4.24015998840332,-2.3007724285125732,5.2157042026519775,4.24015998840332,-0.17149896919727325,5.705009937286377,1.0,7.1187019367372555,7.11870213632469,True,5.85,-0.11,1.36,399.1,5.78,70162.0,True,NASA_CDAWEB_OMNI_HRO_1MIN,False
2024-11-24 11:18:00,,,,,,,,,,,False,False,3.976915955543518,-2.5179948806762695,5.145959138870239,3.976915955543518,-0.41369204223155975,5.680826425552368,1.0,7.114736075460022,7.114736209817858,True,6.14,-1.18,0.69,400.6,5.98,68571.0,True,NASA_CDAWEB_OMNI_HRO_1MIN,False
2024-11-24 11:19:00,,,,,,,,,,,False,False,4.854528903961182,-1.5228484272956848,5.0150392055511475,4.854528903961182,0.47899624705314636,5.23737359046936,1.0,7.16114694789656,7.161146983475394,True,5.95,-1.78,1.55,403.1,6.49,77428.0,True,NASA_CDAWEB_OMNI_HRO_1MIN,False
2024-11-24 11:20:00,,,,,,,,,,,False,False,4.608978509902954,-1.0301656126976013,4.815673351287842,4.608978509902954,0.810273289680481,4.850335121154785,1.0,6.701724728805395,6.70172458047287,True,6.26,-0.99,1.28,406.4,6.18,71200.0,True,NASA_CDAWEB_OMNI_HRO_1MIN,False
2024-11-24 11:21:00,,,,,,,,,,,False,False,4.702275514602661,-0.9296507835388184,5.320420026779175,4.702275514602661,1.1087608337402344,5.2186877727508545,1.0,7.200497473341681,7.200497631712785,True,6.27,-0.87,0.82,400.8,6.03,72642.0,True,NASA_CDAWEB_OMNI_HRO_1MIN,False
2024-11-24 11:22:00,,,,,,,,,,,False,False,4.6809821128845215,-0.17004577070474625,5.360897779464722,4.6809821128845215,1.873859465122223,5.034284353256226,1.0,7.102712499288105,7.102712457248567,True,5.96,-0.42,1.71,404.4,5.9,69881.0,True,NASA_CDAWEB_OMNI_HRO_1MIN,False
2024-11-24 11:23:00,,,,,,,,,,,False,False,4.555100679397583,-0.43479176983237267,5.50812029838562,4.555100679397583,1.66063392162323,5.257331132888794,1.0,7.139370107791161,7.139370004079419,True,6.21,0.13,1.54,397.1,5.75,80640.0,True,NASA_CDAWEB_OMNI_HRO_1MIN,False
2024-11-24 11:24:00,,,,,,,,,,,False,False,4.6970603466033936,-1.5475244522094727,5.145486354827881,4.6970603466033936,0.4990142732858658,5.411023139953613,1.0,7.181575910086232,7.181575914157959,True,5.94,0.17,2.87,392.5,6.31,80876.0,True,NASA_CDAWEB_OMNI_HRO_1MIN,False
2024-11-24 11:25:00,,,,,,,,,,,False,False,4.46314263343811,-2.328556537628174,5.0498480796813965,4.46314263343811,-0.236489437520504,5.540796518325806,1.0,7.14566506661156,7.145665120477127,True,6.07,-0.39,1.63,401.3,5.7,65046.0,True,NASA_CDAWEB_OMNI_HRO_1MIN,False
2024-11-24 11:26:00,,,,,,,,,,,False,False,5.038081645965576,-0.6316676139831543,5.191099643707275,5.038081645965576,1.379554569721222,4.999149322509766,1.0,7.1838152684367715,7.18381522235787,True,6.04,-1.1,1.38,397.4,6.02,68878.0,True,NASA_CDAWEB_OMNI_HRO_1MIN,False
2024-11-24 11:27:00,,,,,,,,,,,False,False,5.028844833374023,-0.3874738961458206,4.988704442977905,5.028844833374023,1.4908374547958374,4.733008146286011,1.0,7.098607445786374,7.098607572834217,True,5.42,-2.13,3.19,409.3,5.88,91939.0,True,NASA_CDAWEB_OMNI_HRO_1MIN,False
2024-11-24 11:28:00,,,,,,,,,,,False,False,5.101535320281982,-0.4154140502214432,4.699193000793457,5.101535320281982,1.3701360821723938,4.514164686203003,1.0,6.9959540721071996,6.995954150853306,True,,,,406.9,5.64,82623.0,False,NASA_CDAWEB_OMNI_HRO_1MIN,False
2024-11-24 11:29:00,,,,,,,,,,,False,False,3.6892963647842407,5.122090816497803,2.8649954795837402,3.6892963647842407,5.804686784744263,0.7043251395225525,1.0,6.9461098622248425,6.946109926095946,True,5.32,0.09,4.71,,,,False,NASA_CDAWEB_OMNI_HRO_1MIN,False
2024-11-24 11:30:00,,,,,,,,,,,False,False,4.08738374710083,4.654104471206665,3.354832649230957,4.08738374710083,5.508898019790649,1.3665089011192322,1.0,7.103907428759717,7.103907387058251,True,6.24,-1.49,-2.66,,,,False,NASA_CDAWEB_OMNI_HRO_1MIN,False
2024-11-24 11:31:00,,,,,,,,,,,False,False,4.305072069168091,3.3547801971435547,4.379948854446411,4.305072069168091,4.745769262313843,2.8135530948638916,1.0,7.055928916636953,7.055928809017227,True,5.17,0.44,5.13,,,,False,NASA_CDAWEB_OMNI_HRO_1MIN,False
2024-11-24 11:32:00,,,,,,,,,,,False,False,4.117966175079346,1.925805687904358,5.531833171844482,4.117966175079346,3.879725217819214,4.428470849990845,1.0,7.137321266323512,7.137321503911881,True,6.68,-1.97,-1.49,,,,False,NASA_CDAWEB_OMNI_HRO_1MIN,False
2024-11-24 11:33:00,,,,,,,,,,,False,False,4.381356954574585,2.8235888481140137,4.859389066696167,4.381356954574585,4.417397737503052,3.4543434381484985,1.0,7.113629951704459,7.113629931343793,True,5.48,-0.58,0.53,407.1,6.01,86536.0,True,NASA_CDAWEB_OMNI_HRO_1MIN,False
2024-11-24 11:34:00,,,,,,,,,,,False,False,4.446400165557861,2.3089555501937866,5.057471513748169,4.446400165557861,4.016388297080994,3.803025960922241,1.0,7.139557215979219,7.139557242637659,True,6.32,-2.19,-1.93,407.1,6.01,86536.0,True,NASA_CDAWEB_OMNI_HRO_1MIN,False
2024-11-24 11:35:00,,,,,,,,,,,False,False,5.320690870285034,0.6860131025314331,5.106237173080444,5.320690870285034,2.5346977710723877,4.483510255813599,1.0,7.355920501826942,7.355920537910567,True,4.71,0.02,5.69,,,,False,NASA_CDAWEB_OMNI_HRO_1MIN,False
2024-11-24 11:36:00,,,,,,,,,,,False,False,5.34584903717041,-0.7309318780899048,5.021520614624023,5.34584903717041,1.163876473903656,4.8761608600616455,1.0,7.379034820018962,7.379034693633638,True,,,,,,,False,NASA_CDAWEB_OMNI_HRO_1MIN,False
2024-11-24 11:37:00,,,,,,,,,,,False,False,5.300069332122803,-0.33502165973186493,4.847776174545288,5.300069332122803,1.4333170652389526,4.6446757316589355,1.0,7.227815496331364,7.227815360490745,True,5.73,0.53,1.0,,,,False,NASA_CDAWEB_OMNI_HRO_1MIN,False
2024-11-24 11:38:00,,,,,,,,,,,False,False,5.384597539901733,-0.035379040986299515,4.688548803329468,5.384597539901733,1.6697229743003845,4.360707998275757,1.0,7.153566401235096,7.153566250903772,True,6.73,-1.55,-1.55,,,,False,NASA_CDAWEB_OMNI_HRO_1MIN,False
2024-11-24 11:39:00,,,,,,,,,,,False,False,5.142082929611206,-0.09485504776239395,4.66620659828186,5.142082929611206,1.7487682700157166,4.465520620346069,1.0,7.0144150222077934,7.0144150411349315,True,5.47,-0.42,3.1,,,,False,NASA_CDAWEB_OMNI_HRO_1MIN,False
2024-11-24 11:40:00,,,,,,,,,,,False,False,5.304783344268799,0.0645736362785101,4.691218376159668,5.304783344268799,1.8139901757240295,4.374103546142578,1.0,7.108475003355087,7.108474806908147,True,,,,,,,False,NASA_CDAWEB_OMNI_HRO_1MIN,False
2024-11-24 11:41:00,,,,,,,,,,,False,False,5.300906181335449,-0.1320691630244255,4.73664665222168,5.300906181335449,1.5947853326797485,4.396087169647217,1.0,7.182609921472972,7.1826098914184175,True,4.06,0.51,5.91,408.6,6.43,100119.0,True,NASA_CDAWEB_OMNI_HRO_1MIN,False
2024-11-24 11:42:00,,,,,,,,,,,False,False,5.2179882526397705,-0.060737636871635914,4.777299642562866,5.2179882526397705,1.7110146284103394,4.46688437461853,1.0,7.110164280399021,7.1101643265594126,True,4.32,-0.09,1.33,408.6,6.43,100119.0,True,NASA_CDAWEB_OMNI_HRO_1MIN,False
2024-11-24 11:43:00,,,,,,,,,,,False,False,5.488013505935669,-0.6026407182216644,4.622828960418701,5.488013505935669,1.1771831512451172,4.536076307296753,1.0,7.208575680552225,7.2085756877197875,True,5.74,0.96,4.02,,,,False,NASA_CDAWEB_OMNI_HRO_1MIN,False
2024-11-24 11:44:00,,,,,,,,,,,False,False,5.476046562194824,-1.363288402557373,4.381240367889404,5.476046562194824,0.3279963433742523,4.627737998962402,1.0,7.193777561301415,7.193777447558276,True,2.66,0.96,6.43,,,,False,NASA_CDAWEB_OMNI_HRO_1MIN,False
2024-11-24 11:45:00,,,,,,,,,,,False,False,5.686875820159912,-1.4580453634262085,4.130392074584961,5.686875820159912,0.1696747988462448,4.376923084259033,1.0,7.226540372205161,7.226540439626927,True,6.26,-1.59,-1.75,,,,False,NASA_CDAWEB_OMNI_HRO_1MIN,False
2024-11-24 11:46:00,,,,,,,,,,,False,False,5.722371339797974,-1.0492669939994812,4.310587406158447,5.722371339797974,0.6706466674804688,4.393687963485718,1.0,7.279480037968178,7.279480113927006,True,3.89,0.53,5.24,,,,False,NASA_CDAWEB_OMNI_HRO_1MIN,False
2024-11-24 11:47:00,,,,,,,,,,,False,False,5.888530015945435,-0.8846944570541382,4.173856019973755,5.888530015945435,0.709818422794342,4.218811511993408,1.0,7.283957982682411,7.283958067887922,True,6.42,-0.66,-1.26,,,,False,NASA_CDAWEB_OMNI_HRO_1MIN,False
2024-11-24 11:48:00,,,,,,,,,,,False,False,5.921188831329346,-0.6520555913448334,4.070966482162476,5.921188831329346,0.8860048651695251,4.037330627441406,1.0,7.208104567737845,7.2081045206986385,True,,,,,,,False,NASA_CDAWEB_OMNI_HRO_1MIN,False
2024-11-24 11:49:00,,,,,,,,,,,False,False,5.981138467788696,-0.6466956734657288,4.085334539413452,5.981138467788696,0.9124653935432434,4.035889387130737,1.0,7.281390410367596,7.281390386230294,True,6.92,0.04,-0.05,,,,False,NASA_CDAWEB_OMNI_HRO_1MIN,False
2024-11-24 11:50:00,,,,,,,,,,,False,False,5.8231518268585205,-0.8261706531047821,4.0543742179870605,5.8231518268585205,0.7408029735088348,4.081921815872192,1.0,7.167247512286121,7.167247654796961,True,7.02,-0.1,0.66,387.4,6.75,82288.0,True,NASA_CDAWEB_OMNI_HRO_1MIN,False
2024-11-24 11:51:00,,,,,,,,,,,False,False,5.136540174484253,-1.0444211959838867,4.482062101364136,5.136540174484253,0.5866681337356567,4.57608437538147,1.0,6.933114136320553,6.933114035836929,True,6.94,-0.47,0.07,387.4,6.75,82288.0,True,NASA_CDAWEB_OMNI_HRO_1MIN,False
2024-11-24 11:52:00,,,,,,,,,,,False,False,5.829535245895386,-0.3824305683374405,4.005711555480957,5.829535245895386,1.0271881520748138,3.8000117540359497,1.0,6.959740545178898,6.959740585773588,True,6.94,-0.9,-0.29,387.4,6.75,82288.0,True,NASA_CDAWEB_OMNI_HRO_1MIN,False
2024-11-24 11:53:00,,,,,,,,,,,False,False,5.679793119430542,-0.3787902221083641,4.126525163650513,5.679793119430542,1.161128282546997,3.9778462648391724,1.0,6.968609795864353,6.968609835190838,True,5.77,-1.15,-4.17,,,,False,NASA_CDAWEB_OMNI_HRO_1MIN,False
2024-11-24 11:54:00,,,,,,,,,,,False,False,4.49551248550415,-1.943979263305664,5.048736810684204,4.49551248550415,0.0536918081343174,5.340426683425903,1.0,6.954505492334845,6.9545054558271655,True,7.13,-0.25,-0.15,,,,False,NASA_CDAWEB_OMNI_HRO_1MIN,False
2024-11-24 11:55:00,,,,,,,,,,,False,False,4.532055854797363,-2.101925849914551,4.863569021224976,4.532055854797363,-0.19042939692735672,5.316930055618286,1.0,6.960577171263167,6.960577161992523,True,,,,,,,False,NASA_CDAWEB_OMNI_HRO_1MIN,False
2024-11-24 11:56:00,,,,,,,,,,,False,False,4.165346384048462,-2.705457925796509,4.914885997772217,4.165346384048462,-0.7148190438747406,5.53133225440979,1.0,7.036716175891735,7.036716081389424,True,7.13,-0.54,0.18,,,,False,NASA_CDAWEB_OMNI_HRO_1MIN,False
2024-11-24 11:57:00,,,,,,,,,,,False,False,4.2052903175354,-2.268769383430481,5.0144829750061035,4.2052903175354,-0.25496087968349457,5.5022571086883545,1.0,6.929800397876415,6.929800433066555,True,7.15,-0.13,0.08,,,,False,NASA_CDAWEB_OMNI_HRO_1MIN,False
2024-11-24 11:58:00,,,,,,,,,,,False,False,3.97502064704895,-2.4573769569396973,4.960237503051758,3.97502064704895,-0.4375688284635544,5.458215713500977,1.0,6.819342290826718,6.819342422830639,True,6.78,-1.5,-1.33,,,,False,NASA_CDAWEB_OMNI_HRO_1MIN,False
2024-11-24 11:59:00,,,,,,,,,,,False,False,4.617079019546509,-1.5651113986968994,4.808208227157593,4.617079019546509,0.2748926356434822,5.031056642532349,1.0,6.861127968811761,6.861128072320291,True,6.53,-0.65,-1.91,,,,False,NASA_CDAWEB_OMNI_HRO_1MIN,False
2024-11-24 12:00:00,,,,,,,,,,,False,False,4.418033599853516,-1.6722512245178223,5.052838563919067,4.418033599853516,0.32759781926870346,5.3097240924835205,1.0,6.900035278519654,6.900035129740461,True,,,,,,,False,NASA_CDAWEB_OMNI_HRO_1MIN,False
2024-11-24 12:01:00,,,,,,,,,,,False,False,4.420186758041382,-2.2662853002548218,5.010866403579712,4.420186758041382,-0.29363390803337097,5.51431941986084,1.0,7.107368078672983,7.107367960017299,True,7.11,-0.1,-0.27,,,,False,NASA_CDAWEB_OMNI_HRO_1MIN,False
2024-11-24 12:02:00,,,,,,,,,,,False,False,4.786679983139038,-2.0820125341415405,4.731439113616943,4.786679983139038,-0.20429746061563492,5.131885051727295,1.0,7.098962234690193,7.098962123240838,True,,,,,,,False,NASA_CDAWEB_OMNI_HRO_1MIN,False
2024-11-24 12:03:00,,,,,,,,,,,False,False,3.8241324424743652,-4.7731828689575195,3.489122986793518,3.8241324424743652,-3.1786882877349854,4.985214471817017,1.0,7.1705701837996845,7.170570121762571,True,7.11,-0.54,0.07,392.8,6.34,61527.0,True,NASA_CDAWEB_OMNI_HRO_1MIN,False
2024-11-24 12:04:00,,,,,,,,,,,False,False,3.662334442138672,-4.641693353652954,4.140848159790039,3.662334442138672,-2.8210211992263794,5.5078606605529785,1.0,7.155717186145978,7.155717166588179,True,6.84,-1.42,-1.56,392.8,6.34,61527.0,True,NASA_CDAWEB_OMNI_HRO_1MIN,False
2024-11-24 12:05:00,,,,,,,,,,,False,False,3.672241449356079,-6.063084602355957,1.5227954983711243,3.672241449356079,-5.243831634521484,3.700265049934387,1.0,7.425527638541203,7.425527524076761,True,7.1,-0.42,0.0,,,,False,NASA_CDAWEB_OMNI_HRO_1MIN,False
2024-11-24 12:06:00,,,,,,,,,,,False,False,4.234407186508179,-5.892963886260986,0.7907549738883972,4.234407186508179,-5.320253849029541,2.8933722972869873,1.0,7.2932594198485745,7.293259340519179,True,6.34,-1.06,-2.31,401.7,6.28,80292.0,True,NASA_CDAWEB_OMNI_HRO_1MIN,False
2024-11-24 12:07:00,,,,,,,,,,,False,False,3.297459363937378,-6.1999921798706055,2.662954807281494,3.297459363937378,-4.8081443309783936,4.591512680053711,1.0,7.393681747926653,7.393681558323237,True,6.93,-0.57,0.15,401.7,6.28,80292.0,True,NASA_CDAWEB_OMNI_HRO_1MIN,False
2024-11-24 12:08:00,,,,,,,,,,,False,False,2.0813428163528442,-6.495734214782715,2.928277373313904,2.0813428163528442,-4.97906756401062,5.043247222900391,1.0,7.450474585974337,7.4504745495905595,True,6.89,-0.71,0.16,401.7,6.28,80292.0,True,NASA_CDAWEB_OMNI_HRO_1MIN,False
2024-11-24 12:09:00,,,,,,,,,,,False,False,1.9426228404045105,-7.191164016723633,1.581382930278778,1.9426228404045105,-6.180280923843384,4.109429359436035,1.0,7.686470880731612,7.68647097617969,True,6.61,-1.72,-2.25,395.4,6.12,64494.0,True,NASA_CDAWEB_OMNI_HRO_1MIN,False
2024-11-24 12:10:00,,,,,,,,,,,False,False,4.29592490196228,-3.353106379508972,4.4911463260650635,4.29592490196228,-1.5053414106369019,5.389825105667114,1.0,7.15199803992712,7.151997999297489,True,6.86,-1.02,0.2,395.4,6.12,64494.0,True,NASA_CDAWEB_OMNI_HRO_1MIN,False
2024-11-24 12:11:00,,,,,,,,,,,False,False,4.812889099121094,-1.2806543707847595,4.682807922363281,4.812889099121094,0.48444879055023193,4.82664680480957,1.0,6.8986691964451845,6.898669277279818,True,,,,,,,False,NASA_CDAWEB_OMNI_HRO_1MIN,False
2024-11-24 12:12:00,,,,,,,,,,,False,False,5.137547731399536,-1.4292149543762207,4.310824394226074,5.137547731399536,0.12225643917918205,4.53365683555603,1.0,6.860867219213351,6.860866996846493,True,6.83,-1.31,0.11,,,,False,NASA_CDAWEB_OMNI_HRO_1MIN,False
2024-11-24 12:13:00,,,,,,,,,,,False,False,5.411777973175049,-2.4679371118545532,4.00206184387207,5.411777973175049,-0.9279043674468994,4.5011866092681885,1.0,7.055533814728937,7.055533899735337,True,6.22,-1.34,-3.24,,,,False,NASA_CDAWEB_OMNI_HRO_1MIN,False
2024-11-24 12:14:00,,,,,,,,,,,False,False,5.881422519683838,-2.698275089263916,3.8110846281051636,5.881422519683838,-1.1387922763824463,4.503514766693115,1.0,7.533123556897663,7.533123591458457,True,6.32,-1.97,-2.59,404.1,6.3,64139.0,True,NASA_CDAWEB_OMNI_HRO_1MIN,False
2024-11-24 12:15:00,,,,,,,,,,,False,False,6.002418041229248,-2.5247188806533813,3.8586076498031616,6.002418041229248,-0.9621949791908264,4.542316913604736,1.0,7.543225514263021,7.543225452136653,True,6.84,-1.38,-0.02,404.1,6.3,64139.0,True,NASA_CDAWEB_OMNI_HRO_1MIN,False
2024-11-24 12:16:00,,,,,,,,,,,False,False,6.231822729110718,-2.7832748889923096,3.314041018486023,6.231822729110718,-1.3844152092933655,4.082808017730713,1.0,7.552763136960257,7.552763165687347,True,6.91,-1.38,-0.08,395.0,6.21,60483.0,True,NASA_CDAWEB_OMNI_HRO_1MIN,False
2024-11-24 12:17:00,,,,,,,,,,,False,False,6.177469968795776,-3.0895248651504517,3.2943917512893677,6.177469968795776,-1.7031847834587097,4.141981840133667,1.0,7.563545049208363,7.563545081487256,True,5.98,-1.18,-3.95,393.7,6.19,59955.0,True,NASA_CDAWEB_OMNI_HRO_1MIN,False
2024-11-24 12:18:00,,,,,,,,,,,False,False,5.275590181350708,-2.271365165710449,4.460301637649536,5.275590181350708,-0.5239683389663696,4.944377660751343,1.0,7.209854783311043,7.20985475684293,True,7.0,-1.21,-0.07,393.7,6.19,59955.0,True,NASA_CDAWEB_OMNI_HRO_1MIN,False
2024-11-24 12:19:00,,,,,,,,,,,False,False,5.4111127853393555,-2.48236346244812,4.2411885261535645,5.4111127853393555,-0.8090730309486389,4.860940217971802,1.0,7.344619137489364,7.344619070519185,True,,,,,,,False,NASA_CDAWEB_OMNI_HRO_1MIN,False
2024-11-24 12:20:00,,,,,,,,,,,False,False,4.7540366649627686,-1.2368563115596771,5.156901836395264,4.7540366649627686,0.6832528114318848,5.318687200546265,1.0,7.150362677285781,7.150362588227721,True,6.51,-1.12,-2.15,,,,False,NASA_CDAWEB_OMNI_HRO_1MIN,False
2024-11-24 12:21:00,,,,,,,,,,,False,False,4.785766839981079,-1.8969512581825256,4.988537311553955,4.785766839981079,-0.002160786185413599,5.3249711990356445,1.0,7.127472943958329,7.127472949827597,True,,,,,,,False,NASA_CDAWEB_OMNI_HRO_1MIN,False
2024-11-24 12:22:00,,,,,,,,,,,False,False,4.990787982940674,-1.9972055554389954,4.735351800918579,4.990787982940674,-0.1834331899881363,5.143873929977417,1.0,7.126653275155107,7.1266533275728765,True,6.94,-1.06,-0.53,,,,False,NASA_CDAWEB_OMNI_HRO_1MIN,False
2024-11-24 12:23:00,,,,,,,,,,,False,False,4.792603969573975,-1.6584649682044983,4.85645604133606,4.792603969573975,0.16764245182275772,5.143568754196167,1.0,7.062820408632904,7.062820426849978,True,6.22,-1.03,-3.57,,,,False,NASA_CDAWEB_OMNI_HRO_1MIN,False
2024-11-24 12:24:00,,,,,,,,,,,False,False,5.171483278274536,-1.2525631189346313,4.758711338043213,5.171483278274536,0.5836692154407501,4.899482011795044,1.0,7.1486259308745845,7.14862591713624,True,6.95,-1.25,-0.59,,,,False,NASA_CDAWEB_OMNI_HRO_1MIN,False
2024-11-24 12:25:00,,,,,,,,,,,False,False,4.927714586257935,-1.7562668919563293,4.766201972961426,4.927714586257935,0.08312541525810957,5.118375062942505,1.0,7.11251082364856,7.112510916769116,True,6.95,-1.12,-0.44,,,,False,NASA_CDAWEB_OMNI_HRO_1MIN,False
2024-11-24 12:26:00,,,,,,,,,,,False,False,5.195559501647949,-2.9500367641448975,3.980704426765442,5.195559501647949,-1.258691668510437,4.888956069946289,1.0,7.212062253545343,7.212062237567225,True,6.74,-1.17,-1.53,,,,False,NASA_CDAWEB_OMNI_HRO_1MIN,False
2024-11-24 12:27:00,,,,,,,,,,,False,False,5.712599277496338,-0.8076987564563751,4.146509170532227,5.712599277496338,0.6943620890378952,4.129591941833496,1.0,7.095885415554403,7.095885541672544,True,6.83,-1.18,-0.91,,,,False,NASA_CDAWEB_OMNI_HRO_1MIN,False
2024-11-24 12:28:00,,,,,,,,,,,False,False,5.069306373596191,0.628343254327774,4.648430585861206,5.069306373596191,2.273473024368286,4.163259744644165,1.0,6.914465549371286,6.9144656447255155,True,,,,,,,False,NASA_CDAWEB_OMNI_HRO_1MIN,False
2024-11-24 12:29:00,,,,,,,,,,,False,False,5.669867992401123,0.9981593489646912,3.958770751953125,5.669867992401123,2.366525888442993,3.308967709541321,1.0,7.013745318376279,7.013745427687493,True,6.87,-1.15,-0.52,393.6,6.28,60681.0,True,NASA_CDAWEB_OMNI_HRO_1MIN,False
2024-11-24 12:30:00,,,,,,,,,,,False,False,5.918748378753662,1.1738340258598328,3.625675320625305,5.918748378753662,2.388450860977173,2.9395592212677,1.0,6.9994919786589085,6.999491921084458,True,,,,393.6,6.28,60681.0,False,NASA_CDAWEB_OMNI_HRO_1MIN,False
2024-11-24 12:31:00,,,,,,,,,,,False,False,5.769322633743286,1.6253506541252136,3.6890485286712646,5.769322633743286,2.7676680088043213,2.870126962661743,1.0,6.99790794289874,6.997907908442445,True,6.93,-1.12,-0.8,,,,False,NASA_CDAWEB_OMNI_HRO_1MIN,False
2024-11-24 12:32:00,,,,,,,,,,,False,False,5.681304216384888,1.2832458019256592,4.009879946708679,5.681304216384888,2.6144022941589355,3.3001128435134888,1.0,7.057375261422953,7.057375300261661,True,6.93,-1.02,-0.8,,,,False,NASA_CDAWEB_OMNI_HRO_1MIN,False
2024-11-24 12:33:00,,,,,,,,,,,False,False,5.560575485229492,0.28373943269252777,4.445608139038086,5.560575485229492,1.8349146842956543,4.071872234344482,1.0,7.158875829003291,7.158875798935167,True,6.93,-1.02,-0.8,,,,False,NASA_CDAWEB_OMNI_HRO_1MIN,False
2024-11-24 12:34:00,,,,,,,,,,,False,False,5.715233564376831,0.07715979591012001,4.6018500328063965,5.715233564376831,1.725390911102295,4.261892795562744,1.0,7.298216317777085,7.298216398322608,True,6.86,-1.09,-1.15,,,,False,NASA_CDAWEB_OMNI_HRO_1MIN,False
2024-11-24 12:35:00,,,,,,,,,,,False,False,5.721689224243164,-0.2004559189081192,4.557995557785034,5.721689224243164,1.4356565475463867,4.350470781326294,1.0,7.289425772381475,7.289425688894001,True,,,,,,,False,NASA_CDAWEB_OMNI_HRO_1MIN,False
2024-11-24 12:36:00,,,,,,,,,,,False,False,5.5033159255981445,1.1147595047950745,4.684458017349243,5.5033159255981445,2.7111858129501343,3.996215343475342,1.0,7.285546374964683,7.285546440720377,True,6.84,-1.24,-1.15,,,,False,NASA_CDAWEB_OMNI_HRO_1MIN,False
2024-11-24 12:37:00,,,,,,,,,,,False,False,5.764794111251831,1.1985710859298706,4.687555313110352,5.764794111251831,2.7605972290039062,3.980611562728882,1.0,7.531191132148001,7.53119098556596,True,,,,,,,False,NASA_CDAWEB_OMNI_HRO_1MIN,False
2024-11-24 12:38:00,,,,,,,,,,,False,False,5.840447902679443,1.36378014087677,4.869839668273926,5.840447902679443,2.97607421875,4.119652271270752,1.0,7.7037585160747275,7.7037585228153835,True,6.91,-1.15,-0.92,,,,False,NASA_CDAWEB_OMNI_HRO_1MIN,False
2024-11-24 12:39:00,,,,,,,,,,,False,False,5.696197748184204,1.6603924036026,4.9977545738220215,5.696197748184204,3.3029028177261353,4.0827929973602295,1.0,7.721610655072486,7.721610726325826,True,6.94,-1.25,-0.9,,,,False,NASA_CDAWEB_OMNI_HRO_1MIN,False
2024-11-24 12:40:00,,,,,,,,,,,False,False,5.803830146789551,1.1923087239265442,4.850842475891113,5.803830146789551,2.8080646991729736,4.12261700630188,1.0,7.690995202672045,7.690995112605039,True,6.94,-1.25,-0.9,,,,False,NASA_CDAWEB_OMNI_HRO_1MIN,False
2024-11-24 12:41:00,,,,,,,,,,,False,False,5.743419170379639,1.5193089246749878,4.826932191848755,5.743419170379639,3.1110243797302246,4.005690813064575,1.0,7.652391555854954,7.652391686283504,True,7.02,-0.99,-1.09,,,,False,NASA_CDAWEB_OMNI_HRO_1MIN,False
2024-11-24 12:42:00,,,,,,,,,,,False,False,5.6725335121154785,0.9238218367099762,4.684625625610352,5.6725335121154785,2.4884660243988037,4.102520227432251,1.0,7.483353628975566,7.483353813398101,True,,,,,,,False,NASA_CDAWEB_OMNI_HRO_1MIN,False
2024-11-24 12:43:00,,,,,,,,,,,False,False,5.559987306594849,0.3780590295791626,4.530823707580566,5.559987306594849,1.936018466949463,4.13268518447876,1.0,7.132849935783731,7.1328498247839835,True,6.94,-1.0,-0.94,,,,False,NASA_CDAWEB_OMNI_HRO_1MIN,False
2024-11-24 12:44:00,,,,,,,,,,,False,False,4.96026349067688,0.6501148641109467,4.50335431098938,4.96026349067688,2.157414674758911,3.96018385887146,1.0,6.743421135756464,6.743421234825847,True,,,,,,,False,NASA_CDAWEB_OMNI_HRO_1MIN,False
2024-11-24 12:45:00,,,,,,,,,,,False,False,5.5100555419921875,-0.5883877724409103,3.9893754720687866,5.5100555419921875,0.7957045435905457,3.925533413887024,1.0,6.923217238059303,6.923217198902245,True,6.88,-1.19,-0.7,,,,False,NASA_CDAWEB_OMNI_HRO_1MIN,False
2024-11-24 12:46:00,,,,,,,,,,,False,False,5.335615396499634,-0.5735666751861572,3.8336626291275024,5.335615396499634,0.7903416454792023,3.830493688583374,1.0,6.660376223056515,6.6603762833157685,True,7.02,-1.31,-0.38,,,,False,NASA_CDAWEB_OMNI_HRO_1MIN,False
2024-11-24 12:47:00,,,,,,,,,,,False,False,5.4933812618255615,-1.2629039287567139,3.805336833000183,5.4933812618255615,0.13890176638960838,3.923695683479309,1.0,6.687298975483678,6.6872990188799895,True,7.02,-1.31,-0.38,,,,False,NASA_CDAWEB_OMNI_HRO_1MIN,False
2024-11-24 12:48:00,,,,,,,,,,,False,False,5.96229887008667,-1.3993914723396301,3.044303774833679,5.96229887008667,-0.2655061334371567,3.3403124809265137,1.0,6.821531991612391,6.821532006534092,True,6.99,-1.41,-0.21,,,,False,NASA_CDAWEB_OMNI_HRO_1MIN,False
2024-11-24 12:49:00,,,,,,,,,,,False,False,5.767479658126831,-1.4270928502082825,3.207510471343994,5.767479658126831,-0.23119401931762695,3.4790505170822144,1.0,6.755071245174518,6.7550712165560345,True,,,,,,,False,NASA_CDAWEB_OMNI_HRO_1MIN,False
2024-11-24 12:50:00,,,,,,,,,,,False,False,5.501909971237183,-0.8981254398822784,3.7951958179473877,5.501909971237183,0.47029885090887547,3.8441749811172485,1.0,6.73111099057508,6.731110957814811,True,7.02,-1.05,-0.68,,,,False,NASA_CDAWEB_OMNI_HRO_1MIN,False
2024-11-24 12:51:00,,,,,,,,,,,False,False,5.479490280151367,-0.4112984538078308,4.502822399139404,5.479490280151367,1.1369866728782654,4.461018323898315,1.0,7.122807082430792,7.122806950294685,True,6.97,-0.83,-0.9,391.5,5.77,79764.0,True,NASA_CDAWEB_OMNI_HRO_1MIN,False
2024-11-24 12:52:00,,,,,,,,,,,False,False,5.583984851837158,0.08286410383880138,4.71181583404541,5.583984851837158,1.6737550497055054,4.428098440170288,1.0,7.323878055611681,7.3238782064886685,True,6.97,-0.83,-0.9,391.5,5.77,79764.0,True,NASA_CDAWEB_OMNI_HRO_1MIN,False
2024-11-24 12:53:00,,,,,,,,,,,False,False,5.304866313934326,-0.5349954664707184,5.184999465942383,5.304866313934326,1.2534521222114563,5.1133739948272705,1.0,7.427126591446067,7.427126704631716,True,6.08,1.49,-0.71,391.5,5.77,79764.0,True,NASA_CDAWEB_OMNI_HRO_1MIN,False
2024-11-24 12:54:00,,,,,,,,,,,False,False,5.266801118850708,-1.16250342130661,5.057843446731567,5.266801118850708,0.6405602395534515,5.238767623901367,1.0,7.384303138293765,7.384303241942954,True,6.89,-1.78,-0.61,,,,False,NASA_CDAWEB_OMNI_HRO_1MIN,False
2024-11-24 12:55:00,,,,,,,,,,,False,False,5.43137264251709,-0.8650785386562347,4.946233510971069,5.43137264251709,0.940101832151413,5.001374959945679,1.0,7.535890731331413,7.535890789229951,True,6.47,1.12,-0.28,,,,False,NASA_CDAWEB_OMNI_HRO_1MIN,False
2024-11-24 12:56:00,,,,,,,,,,,False,False,5.46475625038147,-0.5929257571697235,5.183732032775879,5.46475625038147,1.135475754737854,5.059919595718384,1.0,7.526510067851142,7.526510280480477,True,5.95,0.65,-0.57,407.9,6.58,103294.0,True,NASA_CDAWEB_OMNI_HRO_1MIN,False
2024-11-24 12:57:00,,,,,,,,,,,False,False,5.284881830215454,-0.309254415333271,5.3326356410980225,5.284881830215454,1.5319894552230835,5.136571168899536,1.0,7.535429173650225,7.535429361455849,True,6.98,-1.32,-0.1,407.9,6.58,103294.0,True,NASA_CDAWEB_OMNI_HRO_1MIN,False
2024-11-24 12:58:00,,,,,,,,,,,False,False,5.111112833023071,1.678896427154541,5.103642225265503,5.111112833023071,3.318151116371155,4.225610971450806,1.0,7.417674049914307,7.417674068284219,True,6.36,2.12,2.18,,,,False,NASA_CDAWEB_OMNI_HRO_1MIN,False
2024-11-24 12:59:00,,,,,,,,,,,False,False,5.550101280212402,-0.10327715380117297,5.182260513305664,5.550101280212402,1.6879952549934387,4.819841146469116,1.0,7.607243369975546,7.60724352677905,True,6.17,-2.13,2.25,,,,False,NASA_CDAWEB_OMNI_HRO_1MIN,False
2024-11-24 13:00:00,,,,,,,,,,,False,False,5.442771911621094,0.6651361286640167,5.577776193618774,5.442771911621094,2.5023919343948364,4.968737602233887,1.0,7.856795463250856,7.856795313396395,True,7.01,-1.44,0.38,,,,False,NASA_CDAWEB_OMNI_HRO_1MIN,False
2024-11-24 13:01:00,,,,,,,,,,,False,False,5.310857057571411,1.0615432858467102,5.631482362747192,5.310857057571411,2.903739094734192,4.8899500370025635,1.0,7.815287969563313,7.81528793730242,True,6.74,-0.24,1.63,395.6,6.6,82154.0,True,NASA_CDAWEB_OMNI_HRO_1MIN,False
2024-11-24 13:02:00,,,,,,,,,,,False,False,5.390949249267578,0.7133319079875946,5.139206171035767,5.390949249267578,2.436873435974121,4.597299337387085,1.0,7.616665858412379,7.6166657792152135,True,5.38,-2.77,4.16,395.6,6.6,82154.0,True,NASA_CDAWEB_OMNI_HRO_1MIN,False
2024-11-24 13:03:00,,,,,,,,,,,False,False,5.170508146286011,1.229180634021759,5.370541334152222,5.170508146286011,3.0088400840759277,4.6445136070251465,1.0,7.618216830291175,7.618216737006083,True,6.72,0.09,1.19,395.6,6.6,82154.0,True,NASA_CDAWEB_OMNI_HRO_1MIN,False
2024-11-24 13:04:00,,,,,,,,,,,False,False,4.60648775100708,1.907694697380066,5.2550764083862305,4.60648775100708,3.563110113143921,4.327619314193726,1.0,7.305128565781173,7.305128680534692,True,6.53,-2.02,1.77,,,,False,NASA_CDAWEB_OMNI_HRO_1MIN,False
2024-11-24 13:05:00,,,,,,,,,,,False,False,4.380824565887451,1.996403694152832,5.393908977508545,4.380824565887451,3.7206207513809204,4.36797022819519,1.0,7.312639641436057,7.3126395750963535,True,5.88,-2.21,3.58,,,,False,NASA_CDAWEB_OMNI_HRO_1MIN,False
2024-11-24 13:06:00,,,,,,,,,,,False,False,3.9773248434066772,2.528692126274109,5.37502384185791,3.9773248434066772,4.180259943008423,4.223603248596191,1.0,7.144090818444816,7.144090815996713,True,6.7,0.51,1.6,,,,False,NASA_CDAWEB_OMNI_HRO_1MIN,False
2024-11-24 13:07:00,,,,,,,,,,,False,False,3.5300971269607544,3.439691424369812,5.4465861320495605,3.5300971269607544,5.056660175323486,3.9301857948303223,1.0,7.291798410413534,7.291798236467212,True,6.39,-2.83,0.77,,,,False,NASA_CDAWEB_OMNI_HRO_1MIN,False
2024-11-24 13:08:00,,,,,,,,,,,False,False,4.845370769500732,0.4235534816980362,5.996674060821533,4.845370769500732,2.406153917312622,5.4644551277160645,1.0,7.7414018490855545,7.741401942231107,True,6.02,-2.15,2.88,,,,False,NASA_CDAWEB_OMNI_HRO_1MIN,False
2024-11-24 13:09:00,,,,,,,,,,,False,False,4.550954580307007,0.5791171789169312,5.783724069595337,4.550954580307007,2.4692496061325073,5.228089094161987,1.0,7.4788670480085075,7.47886695040088,True,6.45,0.72,3.13,,,,False,NASA_CDAWEB_OMNI_HRO_1MIN,False
2024-11-24 13:10:00,,,,,,,,,,,False,False,3.8111780881881714,1.7853782773017883,5.583497524261475,3.8111780881881714,3.5899757146835327,4.636467933654785,1.0,7.07419315792902,7.074193125351057,True,6.31,-1.64,2.34,394.5,6.57,82154.0,True,NASA_CDAWEB_OMNI_HRO_1MIN,False
2024-11-24 13:11:00,,,,,,,,,,,False,False,3.7880131006240845,1.5087006092071533,5.882225036621094,3.7880131006240845,3.351891040802002,5.028773307800293,1.0,7.190721434615821,7.190721502370073,True,6.75,-0.23,1.54,394.5,6.57,82154.0,True,NASA_CDAWEB_OMNI_HRO_1MIN,False
2024-11-24 13:12:00,,,,,,,,,,,False,False,3.466505289077759,1.9927838444709778,6.175825357437134,3.466505289077759,3.9676921367645264,5.086465835571289,1.0,7.390693023629874,7.390692779307052,True,6.52,-0.06,2.84,,,,False,NASA_CDAWEB_OMNI_HRO_1MIN,False
2024-11-24 13:13:00,,,,,,,,,,,False,False,5.148984909057617,0.37188658118247986,5.365472078323364,5.148984909057617,2.10568904876709,4.935041189193726,1.0,7.541621471795553,7.541621426229822,True,5.94,-2.27,2.97,,,,False,NASA_CDAWEB_OMNI_HRO_1MIN,False
2024-11-24 13:14:00,,,,,,,,,,,False,False,5.391824722290039,0.5627393126487732,5.503733158111572,5.391824722290039,2.37534236907959,4.977165937423706,1.0,7.66939064255899,7.66939076120741,True,,,,,,,False,NASA_CDAWEB_OMNI_HRO_1MIN,False
2024-11-24 13:15:00,,,,,,,,,,,False,False,5.347907781600952,0.29114532470703125,5.71467924118042,5.347907781600952,2.173487424850464,5.2937235832214355,1.0,7.803780807993428,7.803780649220137,True,6.34,-1.62,2.42,393.7,7.4,129357.0,True,NASA_CDAWEB_OMNI_HRO_1MIN,False
2024-11-24 13:16:00,,,,,,,,,,,False,False,5.579650402069092,-0.2259521186351776,5.512682199478149,5.579650402069092,1.6221137046813965,5.295920133590698,1.0,7.845152453578683,7.845152432613194,True,6.55,-2.02,1.09,393.7,7.4,129357.0,True,NASA_CDAWEB_OMNI_HRO_1MIN,False
2024-11-24 13:17:00,,,,,,,,,,,False,False,5.386147975921631,-0.14861589670181274,5.659666061401367,5.386147975921631,1.765174925327301,5.3868629932403564,1.0,7.857605053496948,7.857605212817196,True,6.53,-2.01,1.18,,,,False,NASA_CDAWEB_OMNI_HRO_1MIN,False
2024-11-24 13:18:00,,,,,,,,,,,False,False,5.567430019378662,0.23899061977863312,5.204613208770752,5.567430019378662,1.9457963705062866,4.833145380020142,1.0,7.674315870134388,7.674315710099681,True,6.39,-1.77,2.03,,,,False,NASA_CDAWEB_OMNI_HRO_1MIN,False
2024-11-24 13:19:00,,,,,,,,,,,False,False,5.7190186977386475,0.5978513807058334,4.5356550216674805,5.7190186977386475,2.1117520332336426,4.0843201875686646,1.0,7.305701947008512,7.305701917459546,True,6.46,-1.01,2.86,,,,False,NASA_CDAWEB_OMNI_HRO_1MIN,False
2024-11-24 13:20:00,,,,,,,,,,,False,False,5.516278982162476,-0.02603628672659397,5.567579746246338,5.516278982162476,1.8141064643859863,5.260176181793213,1.0,7.843156893114871,7.84315688825018,True,6.34,-2.08,1.75,,,,False,NASA_CDAWEB_OMNI_HRO_1MIN,False
2024-11-24 13:21:00,,,,,,,,,,,False,False,5.563753843307495,0.2923024445772171,5.45357608795166,5.563753843307495,1.9891685247421265,5.063493967056274,1.0,7.747906772123396,7.74790679164098,True,6.45,-2.44,0.15,392.8,6.49,67532.0,True,NASA_CDAWEB_OMNI_HRO_1MIN,False
2024-11-24 13:22:00,,,,,,,,,,,False,False,5.64409875869751,0.1109444797039032,5.273733615875244,5.64409875869751,1.833059847354889,4.952914714813232,1.0,7.704674600470678,7.70467473119133,True,6.57,-1.27,1.94,392.8,6.49,67532.0,True,NASA_CDAWEB_OMNI_HRO_1MIN,False
2024-11-24 13:23:00,,,,,,,,,,,False,False,5.609028339385986,-0.060361566953361034,4.926045656204224,5.609028339385986,1.5677776336669922,4.683840274810791,1.0,7.470463123381584,7.470462975835558,True,6.25,-1.85,3.07,392.8,6.49,67532.0,True,NASA_CDAWEB_OMNI_HRO_1MIN,False
2024-11-24 13:24:00,,,,,,,,,,,False,False,5.531573534011841,-0.0642872229218483,5.250060319900513,5.531573534011841,1.6814569234848022,4.964452743530273,1.0,7.610083378644002,7.610083351124706,True,6.59,-2.13,-0.25,,,,False,NASA_CDAWEB_OMNI_HRO_1MIN,False
2024-11-24 13:25:00,,,,,,,,,,,False,False,5.643176317214966,-0.4789430648088455,5.032896280288696,5.643176317214966,1.188040852546692,4.902728796005249,1.0,7.579969260119404,7.579969010881644,True,6.66,1.65,-0.31,,,,False,NASA_CDAWEB_OMNI_HRO_1MIN,False
2024-11-24 13:26:00,,,,,,,,,,,False,False,5.488279581069946,-1.1047047972679138,4.808097839355469,5.488279581069946,0.5282343924045563,4.817194700241089,1.0,7.4092743050197,7.409274340521088,True,6.22,-1.8,3.11,,,,False,NASA_CDAWEB_OMNI_HRO_1MIN,False
2024-11-24 13:27:00,,,,,,,,,,,False,False,5.865741491317749,-1.1155441403388977,4.439682483673096,5.865741491317749,0.5133753567934036,4.498596429824829,1.0,7.49816453711235,7.498164540979031,True,6.61,-2.08,-0.37,,,,False,NASA_CDAWEB_OMNI_HRO_1MIN,False
2024-11-24 13:28:00,,,,,,,,,,,False,False,5.8043434619903564,-0.9179272949695587,4.921974182128906,5.8043434619903564,0.7472575902938843,4.899336576461792,1.0,7.548053905899115,7.548053822389701,True,6.63,0.78,1.3,403.0,7.79,97868.0,True,NASA_CDAWEB_OMNI_HRO_1MIN,False
2024-11-24 13:29:00,,,,,,,,,,,False,False,5.789891481399536,-0.5206208676099777,5.237516641616821,5.789891481399536,1.2198710441589355,5.106122970581055,1.0,7.8095364327665555,7.809536342891251,True,6.3,-1.98,1.4,403.0,7.79,97868.0,True,NASA_CDAWEB_OMNI_HRO_1MIN,False
2024-11-24 13:30:00,,,,,,,,,,,False,False,5.941209554672241,-1.16417795419693,5.2156736850738525,5.941209554672241,0.6443389356136322,5.284816026687622,1.0,7.974294864507101,7.974294953142033,True,6.45,-1.75,1.72,397.3,7.0,99922.0,True,NASA_CDAWEB_OMNI_HRO_1MIN,False
2024-11-24 13:31:00,,,,,,,,,,,False,False,5.807144641876221,-0.8148143589496613,5.582318067550659,5.807144641876221,1.0379927456378937,5.538212060928345,1.0,8.09025231188572,8.090252342428343,True,6.67,-0.48,1.95,397.3,7.0,99922.0,True,NASA_CDAWEB_OMNI_HRO_1MIN,False
2024-11-24 13:32:00,,,,,,,,,,,False,False,5.9638512134552,-0.6974919438362122,5.058241367340088,5.9638512134552,0.9015650451183319,5.001183986663818,1.0,7.865336999922501,7.865336987154903,True,6.44,-2.09,-1.22,397.3,7.0,99922.0,True,NASA_CDAWEB_OMNI_HRO_1MIN,False
2024-11-24 13:33:00,,,,,,,,,,,False,False,6.254734754562378,-0.43139898777008057,4.97898530960083,6.254734754562378,1.2012379169464111,4.810659408569336,1.0,7.99481604961699,7.994816169800956,True,6.7,-1.36,1.76,,,,False,NASA_CDAWEB_OMNI_HRO_1MIN,False
2024-11-24 13:34:00,,,,,,,,,,,False,False,6.211689710617065,-0.5116259604692459,5.014915943145752,6.211689710617065,1.1581255197525024,4.8727641105651855,1.0,8.095592917382085,8.095592958944563,True,6.79,2.1,0.59,,,,False,NASA_CDAWEB_OMNI_HRO_1MIN,False
2024-11-24 13:35:00,,,,,,,,,,,False,False,5.953016996383667,-1.2061578035354614,4.735248804092407,5.953016996383667,0.39757780730724335,4.856773853302002,1.0,7.683099174628637,7.683099159083744,True,6.61,-0.64,0.82,,,,False,NASA_CDAWEB_OMNI_HRO_1MIN,False
2024-11-24 13:36:00,,,,,,,,,,,False,False,6.196347951889038,-0.8897274434566498,4.582282304763794,6.196347951889038,0.6514569222927094,4.548831939697266,1.0,7.770459249390212,7.770459275742428,True,6.47,-2.06,1.49,,,,False,NASA_CDAWEB_OMNI_HRO_1MIN,False
2024-11-24 13:37:00,,,,,,,,,,,False,False,6.370833396911621,-0.6191507279872894,5.250070095062256,6.370833396911621,1.0102944076061249,5.193714380264282,1.0,8.089646186465707,8.089646088251996,True,6.53,-2.02,2.26,,,,False,NASA_CDAWEB_OMNI_HRO_1MIN,False
2024-11-24 13:38:00,,,,,,,,,,,False,False,5.179518699645996,0.08831197023391724,6.221861839294434,5.179518699645996,2.0930402874946594,5.790086030960083,1.0,7.846139364124813,7.8461394652412295,True,6.45,-1.71,2.56,,,,False,NASA_CDAWEB_OMNI_HRO_1MIN,False
2024-11-24 13:39:00,,,,,,,,,,,False,False,2.7505557537078857,0.8061958253383636,6.906960964202881,2.7505557537078857,3.0456501245498657,6.235126972198486,1.0,7.480770208314754,7.480770353590691,True,6.18,-1.9,-2.74,,,,False,NASA_CDAWEB_OMNI_HRO_1MIN,False
2024-11-24 13:40:00,,,,,,,,,,,False,False,2.7857083082199097,0.9809649884700775,6.766362190246582,2.7857083082199097,2.981372356414795,6.152025461196899,1.0,7.365251659315756,7.365251600965355,True,,,,398.4,6.52,83452.0,False,NASA_CDAWEB_OMNI_HRO_1MIN,False
2024-11-24 13:41:00,,,,,,,,,,,False,False,4.029839277267456,0.892949253320694,6.422637224197388,4.029839277267456,2.8310141563415527,5.819319486618042,1.0,7.624978845149627,7.62497870541306,True,6.52,-1.88,0.07,398.3,6.54,84892.0,True,NASA_CDAWEB_OMNI_HRO_1MIN,False
2024-11-24 13:42:00,,,,,,,,,,,False,False,6.03957200050354,-0.1264928411692381,4.694321155548096,6.03957200050354,1.3489274978637695,4.537224769592285,1.0,7.753865843448538,7.753865913437966,True,6.76,-1.9,0.36,396.2,6.63,88722.0,True,NASA_CDAWEB_OMNI_HRO_1MIN,False
2024-11-24 13:43:00,,,,,,,,,,,False,False,6.25738525390625,-0.3453998267650604,4.081252813339233,6.25738525390625,0.9385984539985657,3.937887668609619,1.0,7.610285642243639,7.610285564264332,True,6.7,-2.39,-0.07,393.2,6.58,75235.0,True,NASA_CDAWEB_OMNI_HRO_1MIN,False
2024-11-24 13:44:00,,,,,,,,,,,False,False,6.220608949661255,0.2655545249581337,4.4825599193573,6.220608949661255,1.6545180082321167,4.129051923751831,1.0,7.6577912768033,7.6577912435118005,True,5.62,0.78,3.73,,,,False,NASA_CDAWEB_OMNI_HRO_1MIN,False
2024-11-24 13:45:00,,,,,,,,,,,False,False,6.21348762512207,-0.1389947645366192,4.670861721038818,6.21348762512207,1.3249585628509521,4.486202239990234,1.0,7.699398053093287,7.699398074553541,True,6.46,-2.1,1.11,,,,False,NASA_CDAWEB_OMNI_HRO_1MIN,False
2024-11-24 13:46:00,,,,,,,,,,,False,False,6.222854375839233,-0.17062247544527054,4.6214354038238525,6.222854375839233,1.2581735253334045,4.433749198913574,1.0,7.737766500891986,7.737766456512187,True,6.75,-2.19,0.58,,,,False,NASA_CDAWEB_OMNI_HRO_1MIN,False
2024-11-24 13:47:00,,,,,,,,,,,False,False,6.013065814971924,-0.22326495498418808,4.657888650894165,6.013065814971924,1.2383617758750916,4.491915464401245,1.0,7.586382546714885,7.586382548350344,True,6.72,-2.25,0.53,,,,False,NASA_CDAWEB_OMNI_HRO_1MIN,False
2024-11-24 13:48:00,,,,,,,,,,,False,False,6.221150636672974,-0.6306304037570953,4.564058542251587,6.221150636672974,0.8296703100204468,4.5172119140625,1.0,7.7344223243973005,7.734422273938152,True,6.62,-1.84,2.08,,,,False,NASA_CDAWEB_OMNI_HRO_1MIN,False
2024-11-24 13:49:00,,,,,,,,,,,False,False,6.014369010925293,-0.7560347616672516,4.5821685791015625,6.014369010925293,0.7156728208065033,4.589407444000244,1.0,7.619351759075512,7.619351885954167,True,6.92,-1.84,0.42,,,,False,NASA_CDAWEB_OMNI_HRO_1MIN,False
2024-11-24 13:50:00,,,,,,,,,,,False,False,6.0192790031433105,-0.9736691117286682,4.874211072921753,6.0192790031433105,0.5906805396080017,4.950477600097656,1.0,7.764635616723813,7.764635645845821,True,6.78,-1.94,0.6,,,,False,NASA_CDAWEB_OMNI_HRO_1MIN,False
2024-11-24 13:51:00,,,,,,,,,,,False,False,6.333849668502808,-1.2183580994606018,4.534029006958008,6.333849668502808,0.22464844584465027,4.721318960189819,1.0,7.9092677045282205,7.909267640387871,True,6.66,-2.06,1.33,392.5,7.28,98111.0,True,NASA_CDAWEB_OMNI_HRO_1MIN,False
2024-11-24 13:52:00,,,,,,,,,,,False,False,6.580251216888428,-1.5976508259773254,4.3851587772369385,6.580251216888428,-0.16237275302410126,4.6719810962677,1.0,8.058288674365341,8.058288686339488,True,6.58,-2.27,0.8,392.5,7.28,98111.0,True,NASA_CDAWEB_OMNI_HRO_1MIN,False
2024-11-24 13:53:00,,,,,,,,,,,False,False,6.677968978881836,-1.8855702877044678,4.073671817779541,6.677968978881836,-0.5354476869106293,4.458608388900757,1.0,8.019508357746766,8.019508410867134,True,6.34,-2.06,2.28,395.6,6.67,98843.0,True,NASA_CDAWEB_OMNI_HRO_1MIN,False
2024-11-24 13:54:00,,,,,,,,,,,False,False,6.567425727844238,-1.7063709497451782,4.237290143966675,6.567425727844238,-0.3104186952114105,4.577114582061768,1.0,8.025992992543097,8.025993131371983,True,6.33,-2.33,2.33,395.6,6.67,98843.0,True,NASA_CDAWEB_OMNI_HRO_1MIN,False
2024-11-24 13:55:00,,,,,,,,,,,False,False,6.744965076446533,-1.6776321530342102,3.5906437635421753,6.744965076446533,-0.5106171071529388,3.9385132789611816,1.0,7.8920487023412615,7.8920486945727175,True,6.4,-2.52,1.7,,,,False,NASA_CDAWEB_OMNI_HRO_1MIN,False
2024-11-24 13:56:00,,,,,,,,,,,False,False,6.757277965545654,-1.1392984986305237,3.8182607889175415,6.757277965545654,0.06545058079063892,3.983509063720703,1.0,7.889305993127623,7.88930607197099,True,6.15,-2.83,2.13,,,,False,NASA_CDAWEB_OMNI_HRO_1MIN,False
2024-11-24 13:57:00,,,,,,,,,,,False,False,6.451953411102295,-1.5342963337898254,4.159716606140137,6.451953411102295,-0.15865080803632736,4.491661787033081,1.0,7.807559531100889,7.807559512023124,True,6.12,-2.9,2.36,,,,False,NASA_CDAWEB_OMNI_HRO_1MIN,False
2024-11-24 13:58:00,,,,,,,,,,,False,False,6.447878122329712,-1.4761895537376404,4.48357081413269,6.447878122329712,-0.054292503744363785,4.732257127761841,1.0,7.955401691515628,7.955401585139192,True,6.47,-2.63,1.65,399.3,6.29,85487.0,True,NASA_CDAWEB_OMNI_HRO_1MIN,False
2024-11-24 13:59:00,,,,,,,,,,,False,False,6.57152795791626,-1.4538239240646362,4.580239295959473,6.57152795791626,0.001057969406247139,4.743479013442993,1.0,8.138495568347274,8.138495531491758,True,6.22,-3.16,1.59,399.3,6.29,85487.0,True,NASA_CDAWEB_OMNI_HRO_1MIN,False
2024-11-24 14:00:00,,,,,,,,,,,False,False,6.273426055908203,-1.7373018860816956,4.739251613616943,6.273426055908203,-0.20331726223230362,5.043544054031372,1.0,8.17211747278934,8.172117455945145,True,6.1,-2.75,2.38,400.4,6.8,91702.0,True,NASA_CDAWEB_OMNI_HRO_1MIN,False
2024-11-24 14:01:00,,,,,,,,,,,False,False,6.515406370162964,-1.738892376422882,4.643136739730835,6.515406370162964,-0.24001511931419373,4.932310104370117,1.0,8.171882533591633,8.171882455079112,True,6.26,-2.81,1.92,400.9,7.04,94634.0,True,NASA_CDAWEB_OMNI_HRO_1MIN,False
2024-11-24 14:02:00,,,,,,,,,,,False,False,6.844141006469727,-0.7115757167339325,3.7737510204315186,6.844141006469727,0.45082271099090576,3.7522937059402466,1.0,7.867459188171509,7.867459223808035,True,6.6,1.37,2.1,,,,False,NASA_CDAWEB_OMNI_HRO_1MIN,False
2024-11-24 14:03:00,,,,,,,,,,,False,False,6.847876310348511,-1.4024751782417297,4.073247909545898,6.847876310348511,-0.09636626578867435,4.289585113525391,1.0,8.078643099936194,8.078643223992819,True,6.13,-2.63,2.49,394.8,6.6,112177.0,True,NASA_CDAWEB_OMNI_HRO_1MIN,False
2024-11-24 14:04:00,,,,,,,,,,,False,False,6.837506055831909,-1.080454409122467,4.27739953994751,6.837506055831909,0.24032457172870636,4.3909218311309814,1.0,8.161524998858248,8.161525039862408,True,,,,394.8,6.6,112177.0,False,NASA_CDAWEB_OMNI_HRO_1MIN,False
2024-11-24 14:05:00,,,,,,,,,,,False,False,6.295666217803955,-1.0424502491950989,4.4885413646698,6.295666217803955,0.23978186398744583,4.548117637634277,1.0,7.7136634176591,7.713663464065153,True,6.29,-2.91,1.69,,,,False,NASA_CDAWEB_OMNI_HRO_1MIN,False
2024-11-24 14:06:00,,,,,,,,,,,False,False,3.107492685317993,-2.1154603958129883,6.123398542404175,3.107492685317993,-0.16319016367197037,6.462613344192505,1.0,7.2262664300770805,7.226266269066109,True,6.54,-0.8,1.75,,,,False,NASA_CDAWEB_OMNI_HRO_1MIN,False
2024-11-24 14:07:00,,,,,,,,,,,False,False,3.1216219663619995,-2.200667977333069,6.061734676361084,3.1216219663619995,-0.2708654999732971,6.422032117843628,1.0,7.172941856134477,7.172941803516592,True,5.59,-4.39,0.98,407.3,6.77,125360.0,True,NASA_CDAWEB_OMNI_HRO_1MIN,False
2024-11-24 14:08:00,,,,,,,,,,,False,False,3.343712329864502,-1.8886460661888123,6.1803953647613525,3.343712329864502,0.020190071314573288,6.409698009490967,1.0,7.232063867838373,7.232063938089437,True,5.81,-4.01,0.99,407.3,6.77,125360.0,True,NASA_CDAWEB_OMNI_HRO_1MIN,False
2024-11-24 14:09:00,,,,,,,,,,,False,False,3.1181728839874268,-1.4449440836906433,6.343487739562988,3.1181728839874268,0.5374502390623093,6.461893558502197,1.0,7.161994998012137,7.161994910463063,True,5.99,-3.08,1.36,407.3,6.77,125360.0,True,NASA_CDAWEB_OMNI_HRO_1MIN,False
2024-11-24 14:10:00,,,,,,,,,,,False,False,2.995833992958069,-1.280603051185608,6.256782531738281,2.995833992958069,0.6492739021778107,6.3255774974823,1.0,7.117996579282961,7.117996635849433,True,6.05,-2.87,0.7,,,,False,NASA_CDAWEB_OMNI_HRO_1MIN,False
2024-11-24 14:11:00,,,,,,,,,,,False,False,3.608002543449402,-0.4498923569917679,6.1235198974609375,3.608002543449402,1.3809540271759033,5.939545154571533,1.0,7.137428314637134,7.137428284387309,True,5.94,-3.86,0.42,,,,False,NASA_CDAWEB_OMNI_HRO_1MIN,False
2024-11-24 14:12:00,,,,,,,,,,,False,False,4.678697109222412,-2.0099291801452637,5.231662273406982,4.678697109222412,-0.35703619569540024,5.593073844909668,1.0,7.3491443181460285,7.349144236695578,True,5.87,-3.67,0.57,,,,False,NASA_CDAWEB_OMNI_HRO_1MIN,False
2024-11-24 14:13:00,,,,,,,,,,,False,False,5.082021236419678,-1.7344260215759277,4.865036725997925,5.082021236419678,-0.18968956172466278,5.26750373840332,1.0,7.246681196219516,7.246681141056902,True,6.02,-3.43,0.49,,,,False,NASA_CDAWEB_OMNI_HRO_1MIN,False
2024-11-24 14:14:00,,,,,,,,,,,False,False,5.284172534942627,-1.3931445479393005,5.0749757289886475,5.284172534942627,0.14887990802526474,5.199414968490601,1.0,7.412823056844697,7.412823165815772,True,6.23,-2.8,0.2,393.3,7.45,71927.0,True,NASA_CDAWEB_OMNI_HRO_1MIN,False
2024-11-24 14:15:00,,,,,,,,,,,False,False,5.27333664894104,-2.089104115962982,4.608965873718262,5.27333664894104,-0.5608909130096436,4.961565732955933,1.0,7.282083695189815,7.282083628660545,True,6.08,-3.6,0.58,393.3,7.45,71927.0,True,NASA_CDAWEB_OMNI_HRO_1MIN,False
2024-11-24 14:16:00,,,,,,,,,,,False,False,5.000726222991943,-2.4397449493408203,4.676760911941528,5.000726222991943,-0.9721546173095703,5.21846342086792,1.0,7.2834839907828,7.283484071839241,True,6.19,-3.44,0.2,398.9,6.78,89921.0,True,NASA_CDAWEB_OMNI_HRO_1MIN,False
2024-11-24 14:17:00,,,,,,,,,,,False,False,4.746580123901367,-2.88451611995697,4.818639278411865,4.746580123901367,-1.3559358716011047,5.4489593505859375,1.0,7.375080898506142,7.3750806629918895,True,6.01,-3.74,0.81,399.0,6.78,89854.0,True,NASA_CDAWEB_OMNI_HRO_1MIN,False
2024-11-24 14:18:00,,,,,,,,,,,False,False,4.8051958084106445,-2.7147507667541504,4.798466205596924,4.8051958084106445,-1.1200104355812073,5.546100378036499,1.0,7.509558671171157,7.509558610504699,True,5.97,-3.91,0.65,,,,False,NASA_CDAWEB_OMNI_HRO_1MIN,False
2024-11-24 14:19:00,,,,,,,,,,,False,False,4.277318954467773,-3.1292601823806763,5.310063123703003,4.277318954467773,-1.4263554811477661,6.034854412078857,1.0,7.5287624720303725,7.528762653243051,True,5.94,-3.76,0.94,401.6,7.04,101899.0,True,NASA_CDAWEB_OMNI_HRO_1MIN,False
2024-11-24 14:20:00,,,,,,,,,,,False,False,3.5172051191329956,-2.5512211322784424,5.658693790435791,3.5172051191329956,-0.8099876344203949,6.17125678062439,1.0,7.152046339560201,7.152046382973082,True,6.34,-2.81,0.9,401.6,7.04,101899.0,True,NASA_CDAWEB_OMNI_HRO_1MIN,False
2024-11-24 14:21:00,,,,,,,,,,,False,False,2.794714331626892,-3.0134007930755615,6.04445743560791,2.794714331626892,-1.0867146849632263,6.680570602416992,1.0,7.4171862098115415,7.417186344600939,True,6.12,-3.65,0.88,401.6,7.04,101899.0,True,NASA_CDAWEB_OMNI_HRO_1MIN,False
2024-11-24 14:22:00,,,,,,,,,,,False,False,1.961111605167389,-3.0207422971725464,6.320650100708008,1.961111605167389,-1.1181193590164185,6.89361310005188,1.0,7.329553991836958,7.329554003535503,True,6.17,-3.69,0.66,398.6,6.67,79589.0,True,NASA_CDAWEB_OMNI_HRO_1MIN,False
2024-11-24 14:23:00,,,,,,,,,,,False,False,4.922585487365723,-2.8598270416259766,4.525336503982544,4.922585487365723,-1.3765934705734253,5.195618629455566,1.0,7.290168762450648,7.290168728896224,True,6.06,-3.8,0.07,398.6,6.67,79589.0,True,NASA_CDAWEB_OMNI_HRO_1MIN,False
2024-11-24 14:24:00,,,,,,,,,,,False,False,2.2675405740737915,-2.8640694618225098,5.976037979125977,2.2675405740737915,-1.036702275276184,6.565072774887085,1.0,7.076374266465107,7.076374294710035,True,6.03,-3.41,1.16,402.2,6.58,81540.0,True,NASA_CDAWEB_OMNI_HRO_1MIN,False
2024-11-24 14:25:00,,,,,,,,,,,False,False,3.8900171518325806,-1.9235005974769592,5.475492715835571,3.8900171518325806,-0.2502804845571518,5.748284578323364,1.0,6.930262211693249,6.930262455469743,True,6.27,-3.3,0.92,401.4,6.69,82848.0,True,NASA_CDAWEB_OMNI_HRO_1MIN,False
2024-11-24 14:26:00,,,,,,,,,,,False,False,2.058422327041626,-3.784248471260071,5.738409042358398,2.058422327041626,-1.974099040031433,6.55314040184021,1.0,7.155280644046247,7.15528054958711,True,6.77,-1.73,-1.06,397.6,6.96,84377.0,True,NASA_CDAWEB_OMNI_HRO_1MIN,False
2024-11-24 14:27:00,,,,,,,,,,,False,False,2.337043046951294,-3.6129262447357178,5.843695878982544,2.337043046951294,-1.7860923409461975,6.641834735870361,1.0,7.404206480474432,7.404206391630224,True,6.08,-3.68,-0.73,,,,False,NASA_CDAWEB_OMNI_HRO_1MIN,False
2024-11-24 14:28:00,,,,,,,,,,,False,False,5.0006983280181885,-3.463570475578308,3.390660047531128,5.0006983280181885,-2.146384596824646,4.331254482269287,1.0,7.091049798013076,7.091049727035405,True,5.53,-2.8,3.7,400.5,6.69,83497.0,True,NASA_CDAWEB_OMNI_HRO_1MIN,False
2024-11-24 14:29:00,,,,,,,,,,,False,False,2.8015875816345215,-3.0218597650527954,6.01603889465332,2.8015875816345215,-1.1588016152381897,6.535614728927612,1.0,7.381716192404091,7.381716276967669,True,6.02,-3.36,-1.63,400.5,6.69,83497.0,True,NASA_CDAWEB_OMNI_HRO_1MIN,False
2024-11-24 14:30:00,,,,,,,,,,,False,False,5.154826641082764,-3.749696969985962,3.5900704860687256,5.154826641082764,-2.774065852165222,4.540308475494385,1.0,7.391629133176133,7.39162914339272,True,6.01,-3.29,2.32,400.8,6.94,96765.0,True,NASA_CDAWEB_OMNI_HRO_1MIN,False
2024-11-24 14:31:00,,,,,,,,,,,False,False,5.210197687149048,-3.962994694709778,3.427773594856262,5.210197687149048,-2.8561962842941284,4.4829511642456055,1.0,7.444272482924067,7.4442724270728515,True,6.23,-3.27,1.48,400.9,7.04,101849.0,True,NASA_CDAWEB_OMNI_HRO_1MIN,False
2024-11-24 14:32:00,,,,,,,,,,,False,False,2.9742162227630615,-4.213525295257568,5.4857776165008545,2.9742162227630615,-2.587173581123352,6.48839807510376,1.0,7.470913531386001,7.470913437971991,True,5.97,-3.32,1.74,,,,False,NASA_CDAWEB_OMNI_HRO_1MIN,False
2024-11-24 14:33:00,,,,,,,,,,,False,False,2.9021525382995605,-4.325663089752197,5.780969619750977,2.9021525382995605,-2.516720771789551,6.826446771621704,1.0,7.898062622991846,7.898062723120912,True,6.35,-2.54,0.73,,,,False,NASA_CDAWEB_OMNI_HRO_1MIN,False
2024-11-24 14:34:00,,,,,,,,,,,False,False,2.540876269340515,-4.5301923751831055,5.928009748458862,2.540876269340515,-2.6376160383224487,6.96251916885376,1.0,7.7824193682213565,7.782419263040345,True,6.41,-3.29,1.1,399.5,6.74,69363.0,True,NASA_CDAWEB_OMNI_HRO_1MIN,False
2024-11-24 14:35:00,,,,,,,,,,,False,False,3.3944902420043945,-4.540464639663696,4.919263124465942,3.3944902420043945,-2.987876296043396,6.0458760261535645,1.0,7.536270291673841,7.536270331064119,True,6.44,-3.4,0.75,399.0,6.85,84719.0,True,NASA_CDAWEB_OMNI_HRO_1MIN,False
2024-11-24 14:36:00,,,,,,,,,,,False,False,2.605230689048767,-4.366105318069458,5.154295921325684,2.605230689048767,-2.699455976486206,6.125883102416992,1.0,7.156786947869797,7.156786885027616,True,6.24,-3.22,1.3,398.3,7.03,106397.0,True,NASA_CDAWEB_OMNI_HRO_1MIN,False
2024-11-24 14:37:00,,,,,,,,,,,False,False,3.00184428691864,-4.608717203140259,5.119140863418579,3.00184428691864,-3.0187402963638306,6.128053665161133,1.0,7.4626121359817885,7.462612200379752,True,6.35,-3.37,1.51,397.5,6.82,83183.0,True,NASA_CDAWEB_OMNI_HRO_1MIN,False
2024-11-24 14:38:00,,,,,,,,,,,False,False,2.5955982208251953,-5.298996686935425,4.951146841049194,2.5955982208251953,-3.7557337284088135,6.263456583023071,1.0,7.645273453491857,7.64527355727231,True,6.14,-3.28,1.57,402.1,6.5,93765.0,True,NASA_CDAWEB_OMNI_HRO_1MIN,False
2024-11-24 14:39:00,,,,,,,,,,,False,False,3.142693281173706,-5.917505264282227,3.8335039615631104,3.142693281173706,-4.507432222366333,5.310323476791382,1.0,7.829077555596809,7.829077874739284,True,6.18,-2.83,2.34,404.3,6.34,98892.0,True,NASA_CDAWEB_OMNI_HRO_1MIN,False
2024-11-24 14:40:00,,,,,,,,,,,False,False,2.4261631965637207,-5.586816787719727,4.445640802383423,2.4261631965637207,-4.141463279724121,5.836845636367798,1.0,7.479039962273844,7.479040004433148,True,6.59,-2.22,0.98,,,,False,NASA_CDAWEB_OMNI_HRO_1MIN,False
2024-11-24 14:41:00,,,,,,,,,,,False,False,2.333452820777893,-6.119460821151733,3.8927242755889893,2.333452820777893,-4.732639312744141,5.443394422531128,1.0,7.658986744773992,7.658986940627681,True,5.77,-3.08,1.44,,,,False,NASA_CDAWEB_OMNI_HRO_1MIN,False
2024-11-24 14:42:00,,,,,,,,,,,False,False,2.1813836693763733,-6.968091249465942,2.826231837272644,2.1813836693763733,-5.977046251296997,4.67754054069519,1.0,7.73428965326773,7.734289842904881,True,5.65,-1.97,3.99,,,,False,NASA_CDAWEB_OMNI_HRO_1MIN,False
2024-11-24 14:43:00,,,,,,,,,,,False,False,1.7822405099868774,-6.774176597595215,3.065604567527771,1.7822405099868774,-5.623438835144043,4.792743444442749,1.0,7.773267272678326,7.773267313812079,True,,,,,,,False,NASA_CDAWEB_OMNI_HRO_1MIN,False
2024-11-24 14:44:00,,,,,,,,,,,False,False,1.202455073595047,-6.242032289505005,4.288875102996826,1.202455073595047,-4.841250896453857,5.87530517578125,1.0,7.749331225079555,7.749331273889057,True,,,,,,,False,NASA_CDAWEB_OMNI_HRO_1MIN,False
2024-11-24 14:45:00,,,,,,,,,,,False,False,0.886164128780365,-5.990478277206421,4.661043167114258,0.886164128780365,-4.4752631187438965,6.164641618728638,1.0,7.713109124363422,7.713109102786239,True,,,,,,,False,NASA_CDAWEB_OMNI_HRO_1MIN,False
2024-11-24 14:46:00,,,,,,,,,,,False,False,0.9115950167179108,-6.120998382568359,4.702574253082275,0.9115950167179108,-4.597065687179565,6.1805126667022705,1.0,7.763104227058259,7.763104224236439,True,,,,,,,False,NASA_CDAWEB_OMNI_HRO_1MIN,False
2024-11-24 14:47:00,,,,,,,,,,,False,False,1.0453094840049744,-6.413809776306152,3.895119786262512,1.0453094840049744,-5.116334915161133,5.494459390640259,1.0,7.7737211465903595,7.773721294564615,True,6.73,0.68,-1.33,,,,False,NASA_CDAWEB_OMNI_HRO_1MIN,False
2024-11-24 14:48:00,,,,,,,,,,,False,False,1.4870999455451965,-6.7776196002960205,3.5863537788391113,1.4870999455451965,-5.585017681121826,5.3328697681427,1.0,7.774093443731849,7.774093664698288,True,,,,,,,False,NASA_CDAWEB_OMNI_HRO_1MIN,False
2024-11-24 14:49:00,,,,,,,,,,,False,False,0.4983847588300705,-6.7671637535095215,3.434419631958008,0.4983847588300705,-5.480170488357544,5.165430068969727,1.0,7.637720265395509,7.637720257767663,True,,,,,,,False,NASA_CDAWEB_OMNI_HRO_1MIN,False
2024-11-24 14:50:00,,,,,,,,,,,False,False,0.15792381390929222,-4.0917805433273315,6.3630290031433105,0.15792381390929222,-2.2020809650421143,6.889741659164429,1.0,7.321765383494144,7.321765494478475,True,,,,,,,False,NASA_CDAWEB_OMNI_HRO_1MIN,False
2024-11-24 14:51:00,,,,,,,,,,,False,False,0.1878432184457779,-4.675360441207886,5.817597150802612,0.1878432184457779,-2.9661837816238403,6.827494144439697,1.0,7.3642521548957705,7.364252101389878,True,,,,,,,False,NASA_CDAWEB_OMNI_HRO_1MIN,False
2024-11-24 14:52:00,,,,,,,,,,,False,False,1.4676410555839539,-5.523924112319946,4.468201518058777,1.4676410555839539,-4.104784727096558,5.798941135406494,1.0,7.5430964117966,7.54309669700865,True,,,,,,,False,NASA_CDAWEB_OMNI_HRO_1MIN,False
2024-11-24 14:53:00,,,,,,,,,,,False,False,3.0091190338134766,-6.7467262744903564,2.139198124408722,3.0091190338134766,-5.866247653961182,3.888105869293213,1.0,7.726262169342547,7.7262621477420765,True,,,,,,,False,NASA_CDAWEB_OMNI_HRO_1MIN,False
2024-11-24 14:54:00,,,,,,,,,,,False,False,2.9891098737716675,-6.731950759887695,2.1509628891944885,2.9891098737716675,-5.854057312011719,3.8780677318573,1.0,7.616520691077778,7.616520728364646,True,,,,,,,False,NASA_CDAWEB_OMNI_HRO_1MIN,False
2024-11-24 14:55:00,,,,,,,,,,,False,False,3.572234272956848,-6.757770538330078,1.7154666781425476,3.572234272956848,-6.109548091888428,3.4543288946151733,1.0,7.815995074886195,7.815995215992389,True,5.93,1.56,-3.6,,,,False,NASA_CDAWEB_OMNI_HRO_1MIN,False
2024-11-24 14:56:00,,,,,,,,,,,False,False,3.0625014305114746,-7.029276371002197,2.01727557182312,3.0625014305114746,-6.301630258560181,3.8456586599349976,1.0,7.93793740031548,7.937937544982743,True,,,,,,,False,NASA_CDAWEB_OMNI_HRO_1MIN,False
2024-11-24 14:57:00,,,,,,,,,,,False,False,2.5411354303359985,-7.50623345375061,1.1247835755348206,2.5411354303359985,-6.95070481300354,3.1388192176818848,1.0,8.077845024205022,8.077844853217037,True,,,,,,,False,NASA_CDAWEB_OMNI_HRO_1MIN,False
2024-11-24 14:58:00,,,,,,,,,,,False,False,1.405593454837799,-7.720267295837402,1.3562999367713928,1.405593454837799,-7.076040029525757,3.372646450996399,1.0,8.06111216769043,8.061112146021507,True,,,,,,,False,NASA_CDAWEB_OMNI_HRO_1MIN,False
2024-11-24 14:59:00,,,,,,,,,,,False,False,1.909882664680481,-7.803924322128296,0.6742921769618988,1.909882664680481,-7.342145204544067,2.7310761213302612,1.0,8.01193677798245,8.011936743592598,True,,,,,,,False,NASA_CDAWEB_OMNI_HRO_1MIN,False
2024-11-24 15:00:00,,,,,,,,,,,False,False,1.033238708972931,-8.000651359558105,0.5874453485012054,1.033238708972931,-7.617217779159546,2.6703696250915527,1.0,8.076118091639538,8.07611792707788,True,5.87,-1.5,-3.26,415.4,9.07,41815.0,True,NASA_CDAWEB_OMNI_HRO_1MIN,False
2024-11-24 15:01:00,,,,,,,,,,,False,False,0.7531368136405945,-8.135828018188477,-0.4709538519382477,0.7531368136405945,-8.038913249969482,1.6951393485069275,1.0,8.208273806668794,8.208274438955414,True,4.46,0.11,-4.47,412.2,7.9,63066.0,True,NASA_CDAWEB_OMNI_HRO_1MIN,False
2024-11-24 15:02:00,,,,,,,,,,,False,False,1.16158127784729,-8.123438358306885,-1.8746578693389893,1.16158127784729,-8.311774730682373,0.33976252377033234,1.0,8.410523034443614,8.410523384380905,True,4.78,-1.88,-4.05,409.8,7.02,78887.0,True,NASA_CDAWEB_OMNI_HRO_1MIN,False
2024-11-24 15:03:00,,,,,,,,,,,False,False,5.793720960617065,-6.1925647258758545,-2.465898633003235,5.793720960617065,-6.598710060119629,-0.5879397988319397,1.0,8.78879689808609,8.788796932737753,True,6.1,-2.53,-2.88,,,,False,NASA_CDAWEB_OMNI_HRO_1MIN,False
2024-11-24 15:04:00,,,,,,,,,,,False,False,3.6135404109954834,-6.386894464492798,-3.143042206764221,3.6135404109954834,-7.099034070968628,-1.2862292528152466,1.0,8.21875269490295,8.218752705975717,True,,,,,,,False,NASA_CDAWEB_OMNI_HRO_1MIN,False
2024-11-24 15:05:00,,,,,,,,,,,False,False,3.0844391584396362,-6.164365768432617,-4.165420293807983,3.0844391584396362,-7.010827541351318,-2.4799453020095825,1.0,8.14028886445158,8.1402886809848,True,6.31,-1.57,-3.09,,,,False,NASA_CDAWEB_OMNI_HRO_1MIN,False
2024-11-24 15:06:00,,,,,,,,,,,False,False,1.58221036195755,-5.696630001068115,-5.629613637924194,1.58221036195755,-7.007138967514038,-3.978894829750061,1.0,8.25721701492443,8.257216796341488,True,6.21,-3.4,-1.24,,,,False,NASA_CDAWEB_OMNI_HRO_1MIN,False
2024-11-24 15:07:00,,,,,,,,,,,False,False,0.9757886081933975,-3.883596420288086,-7.095534563064575,0.9757886081933975,-5.597492694854736,-5.839244842529297,1.0,8.058910977981096,8.058910888951356,True,,,,,,,False,NASA_CDAWEB_OMNI_HRO_1MIN,False
2024-11-24 15:08:00,,,,,,,,,,,False,False,4.162899732589722,-5.620676279067993,2.109469413757324,4.162899732589722,-4.889487028121948,3.464087963104248,1.0,7.280533149652255,7.280533031168594,True,6.07,-3.48,-1.66,,,,False,NASA_CDAWEB_OMNI_HRO_1MIN,False
2024-11-24 15:09:00,,,,,,,,,,,False,False,4.190241098403931,-4.052551507949829,4.225244760513306,4.190241098403931,-2.8211175203323364,5.130048036575317,1.0,7.294671416807903,7.294671474918161,True,6.47,-3.09,1.16,,,,False,NASA_CDAWEB_OMNI_HRO_1MIN,False
2024-11-24 15:10:00,,,,,,,,,,,False,False,3.564668655395508,-1.7118350863456726,5.5138139724731445,3.564668655395508,-0.2170306071639061,5.6493940353393555,1.0,6.806063576913559,6.8060637064009715,True,6.53,-2.91,0.23,398.9,7.84,115801.0,True,NASA_CDAWEB_OMNI_HRO_1MIN,False
2024-11-24 15:11:00,,,,,,,,,,,False,False,2.26181960105896,-0.5267055630683899,6.415462970733643,2.26181960105896,1.106888085603714,6.179969310760498,1.0,6.888645769675533,6.888645949778824,True,,,,398.9,7.78,115958.0,False,NASA_CDAWEB_OMNI_HRO_1MIN,False
2024-11-24 15:12:00,,,,,,,,,,,False,False,2.800182819366455,-2.543854594230652,5.669836759567261,2.800182819366455,-1.0169693231582642,6.038613557815552,1.0,6.7703493902273495,6.770349471193955,True,6.2,-3.6,1.22,399.5,6.39,119536.0,True,NASA_CDAWEB_OMNI_HRO_1MIN,False
2024-11-24 15:13:00,,,,,,,,,,,False,False,2.6021448373794556,-1.4748049974441528,6.438117742538452,2.6021448373794556,0.22045664489269257,6.601200819015503,1.0,7.0550493093380915,7.0550492673169884,True,,,,399.5,6.39,119536.0,False,NASA_CDAWEB_OMNI_HRO_1MIN,False
2024-11-24 15:14:00,,,,,,,,,,,False,False,2.8758814334869385,-1.2714229822158813,6.382450103759766,2.8758814334869385,0.3862461745738983,6.496177673339844,1.0,7.098247412392343,7.098247601830044,True,,,,,,,False,NASA_CDAWEB_OMNI_HRO_1MIN,False
2024-11-24 15:15:00,,,,,,,,,,,False,False,2.998700737953186,-1.3705075979232788,6.314537763595581,2.998700737953186,0.2878350615501404,6.442787170410156,1.0,7.134644993238215,7.134645156724632,True,4.84,-2.37,5.15,408.4,6.85,90381.0,True,NASA_CDAWEB_OMNI_HRO_1MIN,False
2024-11-24 15:16:00,,,,,,,,,,,False,False,2.96698796749115,-0.9328498840332031,6.427957773208618,2.96698796749115,0.7457532286643982,6.48083758354187,1.0,7.1635809554294845,7.16358102470053,True,5.01,-1.98,4.95,409.0,6.78,88709.0,True,NASA_CDAWEB_OMNI_HRO_1MIN,False
2024-11-24 15:17:00,,,,,,,,,,,False,False,2.665968894958496,-0.5337947458028793,6.538705825805664,2.665968894958496,1.1528789401054382,6.423830986022949,1.0,7.085484493859,7.0854847520476145,True,5.02,-1.33,5.47,412.8,6.21,81883.0,True,NASA_CDAWEB_OMNI_HRO_1MIN,False
2024-11-24 15:18:00,,,,,,,,,,,False,False,2.943196415901184,-1.4349822402000427,6.080729961395264,2.943196415901184,0.17232313379645348,6.271088361740112,1.0,6.939299024321456,6.939299106906915,True,4.84,-2.26,5.04,413.9,7.26,98641.0,True,NASA_CDAWEB_OMNI_HRO_1MIN,False
2024-11-24 15:19:00,,,,,,,,,,,False,False,3.118384838104248,-1.1332106590270996,6.199807405471802,3.118384838104248,0.4557879865169525,6.253690719604492,1.0,7.020600475205672,7.02060032090964,True,4.83,-2.04,4.99,410.6,6.7,87573.0,True,NASA_CDAWEB_OMNI_HRO_1MIN,False
2024-11-24 15:20:00,,,,,,,,,,,False,False,2.6674238443374634,-1.7670639753341675,6.206615686416626,2.6674238443374634,-0.11571005126461387,6.47791051864624,1.0,7.1417447187528404,7.141744968863201,True,4.96,-1.19,5.37,404.0,5.67,60048.0,True,NASA_CDAWEB_OMNI_HRO_1MIN,False
2024-11-24 15:21:00,,,,,,,,,,,False,False,5.137298822402954,-0.5939117074012756,4.811751127243042,5.137298822402954,0.6563135981559753,4.865252494812012,1.0,7.080463507730563,7.080463576679771,True,5.57,-1.73,4.25,406.7,6.49,85632.0,True,NASA_CDAWEB_OMNI_HRO_1MIN,False
2024-11-24 15:22:00,,,,,,,,,,,False,False,4.877879858016968,-1.9435631036758423,4.591649770736694,4.877879858016968,-0.7372133433818817,4.931258678436279,1.0,6.994131463240359,6.994131302218811,True,5.05,-1.74,4.84,409.1,6.75,82665.0,True,NASA_CDAWEB_OMNI_HRO_1MIN,False
2024-11-24 15:23:00,,,,,,,,,,,False,False,1.8266562819480896,-0.8603282570838928,6.49613094329834,1.8266562819480896,0.858964204788208,6.66915225982666,1.0,7.0123788395825155,7.012378703400843,True,5.28,-1.98,4.46,403.1,6.57,77871.0,True,NASA_CDAWEB_OMNI_HRO_1MIN,False
2024-11-24 15:24:00,,,,,,,,,,,False,False,2.6750935316085815,-2.248037815093994,6.1465935707092285,2.6750935316085815,-0.6542083919048309,6.475361347198486,1.0,7.079996872344471,7.079996929799815,True,5.39,-1.54,4.7,406.7,6.69,78595.0,True,NASA_CDAWEB_OMNI_HRO_1MIN,False
2024-11-24 15:25:00,,,,,,,,,,,False,False,2.2805110216140747,-2.310196042060852,6.040021181106567,2.2805110216140747,-0.7473459243774414,6.364243745803833,1.0,6.86649421754782,6.866493934898938,True,5.79,-1.59,3.81,404.5,6.79,85160.0,True,NASA_CDAWEB_OMNI_HRO_1MIN,False
2024-11-24 15:26:00,,,,,,,,,,,False,False,2.2158734798431396,0.39430491626262665,6.623130559921265,2.2158734798431396,2.0380601286888123,6.345770597457886,1.0,7.035041985677927,7.035042065016967,True,5.76,-2.39,3.47,404.4,7.44,102809.0,True,NASA_CDAWEB_OMNI_HRO_1MIN,False
2024-11-24 15:27:00,,,,,,,,,,,False,False,3.255548596382141,-0.5494362413883209,6.171992063522339,3.255548596382141,1.0292243659496307,6.0902063846588135,1.0,6.973265104208301,6.973265111859021,True,5.64,-2.38,3.77,403.6,7.2,98454.0,True,NASA_CDAWEB_OMNI_HRO_1MIN,False
2024-11-24 15:28:00,,,,,,,,,,,False,False,5.617846250534058,-3.6497132778167725,1.825596034526825,5.617846250534058,-3.0985782146453857,2.694200873374939,1.0,6.987002307178679,6.987002335102845,True,5.55,-2.23,3.83,402.9,7.08,89341.0,True,NASA_CDAWEB_OMNI_HRO_1MIN,False
2024-11-24 15:29:00,,,,,,,,,,,False,False,5.878000497817993,-3.723913550376892,1.5316879749298096,5.878000497817993,-3.271666407585144,2.4015140533447266,1.0,7.123666931241173,7.123666933003678,True,5.84,-2.18,3.73,401.5,6.91,90608.0,True,NASA_CDAWEB_OMNI_HRO_1MIN,False
2024-11-24 15:30:00,,,,,,,,,,,False,False,6.194926023483276,-3.153315305709839,0.717620462179184,6.194926023483276,-2.9768762588500977,1.6008825302124023,1.0,6.995674116547907,6.995674130324138,True,5.53,-1.95,4.41,400.4,6.88,99735.0,True,NASA_CDAWEB_OMNI_HRO_1MIN,False
2024-11-24 15:31:00,,,,,,,,,,,False,False,5.546003103256226,-4.579929828643799,0.21543710678815842,5.546003103256226,-4.313108921051025,1.241654396057129,1.0,7.203302994582513,7.203303079886502,True,5.82,-2.21,3.56,408.6,6.21,89072.0,True,NASA_CDAWEB_OMNI_HRO_1MIN,False
2024-11-24 15:32:00,,,,,,,,,,,False,False,5.730395555496216,-4.028250575065613,-1.9098559021949768,5.730395555496216,-4.1302125453948975,-0.9277854263782501,1.0,7.167238803173793,7.167238827944175,True,5.9,-1.81,4.04,401.4,6.37,80122.0,True,NASA_CDAWEB_OMNI_HRO_1MIN,False
2024-11-24 15:33:00,,,,,,,,,,,False,False,4.956101894378662,-4.77585244178772,-1.3778563737869263,4.956101894378662,-4.92632794380188,-0.19725602120161057,1.0,7.088608316134258,7.088608239086264,True,6.31,-2.03,2.47,394.5,6.53,71468.0,True,NASA_CDAWEB_OMNI_HRO_1MIN,False
2024-11-24 15:34:00,,,,,,,,,,,False,False,4.706648826599121,-4.628457546234131,-2.3042566776275635,4.706648826599121,-5.002602577209473,-1.0682293176651,1.0,7.112987093117213,7.112987158378031,True,5.58,-1.96,4.37,409.5,6.07,82756.0,True,NASA_CDAWEB_OMNI_HRO_1MIN,False
2024-11-24 15:35:00,,,,,,,,,,,False,False,2.0310333967208862,-4.986625671386719,-5.162103176116943,2.0310333967208862,-5.846908807754517,-3.8195289373397827,1.0,7.412758730925942,7.412758749569901,True,5.27,-2.25,4.55,406.4,6.33,86598.0,True,NASA_CDAWEB_OMNI_HRO_1MIN,False
2024-11-24 15:36:00,,,,,,,,,,,False,False,2.550377130508423,-6.047698259353638,-3.398547887802124,2.550377130508423,-6.71630334854126,-1.8683165311813354,1.0,7.410102977357919,7.410103174703936,True,5.76,-2.21,3.53,407.8,6.93,97363.0,True,NASA_CDAWEB_OMNI_HRO_1MIN,False
2024-11-24 15:37:00,,,,,,,,,,,False,False,3.389251232147217,-5.856882095336914,-3.0903388261795044,3.389251232147217,-6.4379799365997314,-1.5876919627189636,1.0,7.460301600091006,7.46030151161481,True,5.81,-1.9,3.96,404.4,7.46,96781.0,True,NASA_CDAWEB_OMNI_HRO_1MIN,False
2024-11-24 15:38:00,,,,,,,,,,,False,False,3.0565773248672485,-5.86737060546875,-3.4438847303390503,3.0565773248672485,-6.528195381164551,-2.0091428756713867,1.0,7.4817136176820815,7.4817136748571125,True,5.86,-2.13,3.93,395.4,7.05,86158.0,True,NASA_CDAWEB_OMNI_HRO_1MIN,False
2024-11-24 15:39:00,,,,,,,,,,,False,False,4.619368314743042,-5.232431888580322,-2.6558783054351807,4.619368314743042,-5.762016773223877,-1.3543300032615662,1.0,7.5483683707745435,7.548368635359301,True,5.16,-2.73,3.74,402.1,6.56,64353.0,True,NASA_CDAWEB_OMNI_HRO_1MIN,False
2024-11-24 15:40:00,,,,,,,,,,,False,False,5.028684854507446,-5.257543325424194,-2.2028422355651855,5.028684854507446,-5.592334270477295,-0.9229499101638794,1.0,7.57574870287422,7.575748740883995,True,4.71,-3.36,2.78,416.5,6.47,69232.0,True,NASA_CDAWEB_OMNI_HRO_1MIN,False
2024-11-24 15:41:00,,,,,,,,,,,False,False,4.709648370742798,-5.92354154586792,-0.36857835203409195,4.709648370742798,-5.751904726028442,1.0443630516529083,1.0,7.6157900829163365,7.615789882085062,True,4.82,-3.46,2.8,408.7,6.75,68508.0,True,NASA_CDAWEB_OMNI_HRO_1MIN,False
2024-11-24 15:42:00,,,,,,,,,,,False,False,4.210367679595947,-5.783725261688232,0.9888406693935394,4.210367679595947,-5.317403316497803,2.318351984024048,1.0,7.384440823518262,7.384440790422914,True,4.55,-4.13,2.25,404.5,6.86,91939.0,True,NASA_CDAWEB_OMNI_HRO_1MIN,False
2024-11-24 15:43:00,,,,,,,,,,,False,False,5.424106121063232,-5.098424434661865,-0.1449522078037262,5.424106121063232,-4.991907119750977,1.0468816757202148,1.0,7.427052602508195,7.427052613110604,True,4.73,-3.64,2.77,404.4,7.72,121786.0,True,NASA_CDAWEB_OMNI_HRO_1MIN,False
2024-11-24 15:44:00,,,,,,,,,,,False,False,6.05631947517395,-4.187093019485474,-0.5031243413686752,6.05631947517395,-4.196380853652954,0.5525750815868378,1.0,7.422931514863626,7.422931392177879,True,4.9,-4.09,1.55,400.6,6.78,88650.0,True,NASA_CDAWEB_OMNI_HRO_1MIN,False
2024-11-24 15:45:00,,,,,,,,,,,False,False,6.151973485946655,-4.1765642166137695,0.16924002021551132,6.151973485946655,-4.033244490623474,1.1373432874679565,1.0,7.434709706071646,7.43470967922332,True,4.42,-4.16,0.57,405.5,6.34,79443.0,True,NASA_CDAWEB_OMNI_HRO_1MIN,False
2024-11-24 15:46:00,,,,,,,,,,,False,False,6.093019008636475,-4.137286901473999,0.054035043343901634,6.093019008636475,-4.003481030464172,1.000262200832367,1.0,7.340450266359074,7.340450304682423,True,4.03,-4.58,-0.2,413.6,6.65,82090.0,True,NASA_CDAWEB_OMNI_HRO_1MIN,False
2024-11-24 15:47:00,,,,,,,,,,,False,False,6.12593412399292,-4.2831501960754395,-0.05824661813676357,6.12593412399292,-4.204244613647461,0.9887924790382385,1.0,7.434577618971748,7.43457764074045,True,4.37,-3.98,0.39,417.3,6.67,95931.0,True,NASA_CDAWEB_OMNI_HRO_1MIN,False
2024-11-24 15:48:00,,,,,,,,,,,False,False,6.235229015350342,-4.150956869125366,-0.04315916635096073,6.235229015350342,-4.076748847961426,0.9317338466644287,1.0,7.496664713595946,7.496664658419089,True,4.65,-3.16,1.43,412.0,6.54,97489.0,True,NASA_CDAWEB_OMNI_HRO_1MIN,False
2024-11-24 15:49:00,,,,,,,,,,,False,False,6.190991640090942,-4.309634685516357,0.17718739062547684,6.190991640090942,-4.1962220668792725,1.1502614617347717,1.0,7.563860976555903,7.563861041095416,True,5.8,-0.88,3.46,400.8,6.66,78360.0,True,NASA_CDAWEB_OMNI_HRO_1MIN,False
2024-11-24 15:50:00,,,,,,,,,,,False,False,6.13698935508728,-4.166248559951782,-0.5927104949951172,6.13698935508728,-4.340873718261719,0.421999916434288,1.0,7.520976619953094,7.520976821718816,True,5.6,-1.82,1.94,407.6,6.74,76762.0,True,NASA_CDAWEB_OMNI_HRO_1MIN,False
2024-11-24 15:51:00,,,,,,,,,,,False,False,5.250168085098267,-4.151959657669067,2.7314612865448,5.250168085098267,-3.6540600061416626,3.643383741378784,1.0,7.189774215065189,7.189774216068168,True,5.32,-0.91,4.24,403.4,6.45,59102.0,True,NASA_CDAWEB_OMNI_HRO_1MIN,False
2024-11-24 15:52:00,,,,,,,,,,,False,False,5.903156280517578,-3.9706557989120483,1.6467019319534302,5.903156280517578,-3.521648645401001,2.4809857606887817,1.0,7.194599547147893,7.194599616054596,True,5.41,-1.28,3.83,401.1,6.6,68871.0,True,NASA_CDAWEB_OMNI_HRO_1MIN,False
2024-11-24 15:53:00,,,,,,,,,,,False,False,6.341140270233154,-3.598772883415222,0.44732801616191864,6.341140270233154,-3.533522605895996,1.2793025374412537,1.0,7.362637533085017,7.362637568056638,True,5.67,-0.7,3.73,398.7,5.79,56492.0,True,NASA_CDAWEB_OMNI_HRO_1MIN,False
2024-11-24 15:54:00,,,,,,,,,,,False,False,6.1369407176971436,-3.834389328956604,0.39655205607414246,6.1369407176971436,-3.6761507987976074,1.2055713534355164,1.0,7.218155236700862,7.21815523393437,True,6.05,-0.29,3.12,401.5,5.69,52578.0,True,NASA_CDAWEB_OMNI_HRO_1MIN,False
2024-11-24 15:55:00,,,,,,,,,,,False,False,6.112797498703003,-3.808556914329529,-0.5505679249763489,6.112797498703003,-3.8236629962921143,0.25591467320919037,1.0,7.2818432329206235,7.281843243299859,True,5.39,-1.44,3.79,390.2,6.72,59271.0,True,NASA_CDAWEB_OMNI_HRO_1MIN,False
2024-11-24 15:56:00,,,,,,,,,,,False,False,6.088402032852173,-3.5617653131484985,-0.4536543469876051,6.088402032852173,-3.6753655672073364,0.3861518499907106,1.0,7.150908787257707,7.150908719794778,True,5.92,-0.8,3.64,390.6,6.67,58899.0,True,NASA_CDAWEB_OMNI_HRO_1MIN,False
2024-11-24 15:57:00,,,,,,,,,,,False,False,6.0792014598846436,-3.29783833026886,1.3902064561843872,6.0792014598846436,-2.9439430236816406,2.096921920776367,1.0,7.072105403964004,7.072105384959258,True,5.56,-1.89,3.21,401.3,6.03,56815.0,True,NASA_CDAWEB_OMNI_HRO_1MIN,False
2024-11-24 15:58:00,,,,,,,,,,,False,False,5.405290365219116,-4.199172258377075,-0.6660415828227997,5.405290365219116,-4.199107885360718,0.28020940721035004,1.0,6.869328576966199,6.869328685938786,True,5.39,-2.37,-1.43,410.5,6.36,68399.0,True,NASA_CDAWEB_OMNI_HRO_1MIN,False
2024-11-24 15:59:00,,,,,,,,,,,False,False,3.427091360092163,-4.990450859069824,-3.4167836904525757,3.427091360092163,-5.658079385757446,-2.231628954410553,1.0,7.069143427863963,7.0691434671059845,True,5.59,-1.3,-1.06,402.5,6.03,69686.0,True,NASA_CDAWEB_OMNI_HRO_1MIN,False
2024-11-24 16:00:00,,,,,,,,,,,False,False,3.293502449989319,-5.224626064300537,-3.4583611488342285,3.293502449989319,-5.8676862716674805,-2.2486461400985718,1.0,7.056194489589718,7.056194689004375,True,5.32,-2.24,-2.44,407.3,6.82,90578.0,True,NASA_CDAWEB_OMNI_HRO_1MIN,False
2024-11-24 16:01:00,,,,,,,,,,,False,False,4.26242208480835,-5.1574859619140625,-2.3862932920455933,4.26242208480835,-5.737106561660767,-1.1569037735462189,1.0,7.166702771721548,7.166702572628257,True,5.58,-2.18,-2.16,407.3,6.92,89408.0,True,NASA_CDAWEB_OMNI_HRO_1MIN,False
2024-11-24 16:02:00,,,,,,,,,,,False,False,5.461310625076294,-1.6049787402153015,4.259940147399902,5.461310625076294,-0.6320237517356873,4.502141237258911,1.0,7.0594196538053,7.059419753348555,True,6.4,-1.05,-0.68,391.5,6.1,59968.0,True,NASA_CDAWEB_OMNI_HRO_1MIN,False
2024-11-24 16:03:00,,,,,,,,,,,False,False,5.86205792427063,-1.7017937302589417,4.0136659145355225,5.86205792427063,-0.7778302431106567,4.287144184112549,1.0,7.234827258145838,7.234827252476773,True,6.08,-1.44,-1.44,399.7,6.41,53314.0,True,NASA_CDAWEB_OMNI_HRO_1MIN,False
2024-11-24 16:04:00,,,,,,,,,,,False,False,5.707403659820557,-1.582280695438385,4.110391020774841,5.707403659820557,-0.6689211428165436,4.317436695098877,1.0,7.207131272411999,7.207131220088917,True,5.9,-1.41,-0.54,414.4,6.88,94790.0,True,NASA_CDAWEB_OMNI_HRO_1MIN,False
2024-11-24 16:05:00,,,,,,,,,,,False,False,5.206472396850586,-1.5968575477600098,4.540997266769409,5.206472396850586,-0.537336140871048,4.778767824172974,1.0,7.153577632209743,7.153577566933769,True,5.87,-1.46,-0.95,415.6,6.86,99677.0,True,NASA_CDAWEB_OMNI_HRO_1MIN,False
2024-11-24 16:06:00,,,,,,,,,,,False,False,5.0341105461120605,-1.3945403099060059,4.765679359436035,5.0341105461120605,-0.3500250428915024,4.934123754501343,1.0,7.124876933416352,7.124876896797632,True,6.55,0.34,0.72,,,,False,NASA_CDAWEB_OMNI_HRO_1MIN,False
2024-11-24 16:07:00,,,,,,,,,,,False,False,5.06848406791687,-1.0255361795425415,5.146445274353027,5.06848406791687,0.0413588872179389,5.2124152183532715,1.0,7.243344638222952,7.2433445963586935,True,6.7,0.33,1.53,395.7,6.62,59315.0,True,NASA_CDAWEB_OMNI_HRO_1MIN,False
2024-11-24 16:08:00,,,,,,,,,,,False,False,5.398403644561768,-0.2807682007551193,4.618165493011475,5.398403644561768,0.686373770236969,4.540374755859375,1.0,7.197630119131281,7.197629951773692,True,6.76,-0.16,-0.07,394.9,6.92,69919.0,True,NASA_CDAWEB_OMNI_HRO_1MIN,False
2024-11-24 16:09:00,,,,,,,,,,,False,False,4.990612506866455,-0.23860624432563782,5.095357179641724,4.990612506866455,0.8640207052230835,5.045619010925293,1.0,7.117182962032524,7.1171830939717395,True,6.83,-1.73,-1.78,398.1,8.1,71823.0,True,NASA_CDAWEB_OMNI_HRO_1MIN,False
2024-11-24 16:10:00,,,,,,,,,,,False,False,4.154143333435059,-0.09048483148217201,5.937679290771484,4.154143333435059,1.1607475280761719,5.858500003814697,1.0,7.281742677552757,7.281742593259123,True,6.73,-0.08,3.01,396.5,7.81,69745.0,True,NASA_CDAWEB_OMNI_HRO_1MIN,False
2024-11-24 16:11:00,,,,,,,,,,,False,False,4.134521007537842,-0.8210572302341461,6.182331800460815,4.134521007537842,0.51864393055439,6.172362804412842,1.0,7.4412550209801385,7.441255088485345,True,6.51,-0.65,3.52,392.0,6.33,61199.0,True,NASA_CDAWEB_OMNI_HRO_1MIN,False
2024-11-24 16:12:00,,,,,,,,,,,False,False,4.130493640899658,-0.9236745834350586,5.998128890991211,4.130493640899658,0.3769267797470093,6.091394901275635,1.0,7.350595532856443,7.350595659947469,True,7.07,-0.85,1.06,396.6,6.26,54648.0,True,NASA_CDAWEB_OMNI_HRO_1MIN,False
2024-11-24 16:13:00,,,,,,,,,,,False,False,4.022383689880371,-0.9346806704998016,6.1833860874176025,4.022383689880371,0.3573535531759262,6.224446535110474,1.0,7.463369253353733,7.463369485086617,True,6.09,-3.51,0.17,400.6,7.62,50756.0,True,NASA_CDAWEB_OMNI_HRO_1MIN,False
2024-11-24 16:14:00,,,,,,,,,,,False,False,4.264461517333984,-1.192553460597992,6.035840749740601,4.264461517333984,0.0870257131755352,6.166260242462158,1.0,7.442989103510861,7.442989056888067,True,4.31,-6.3,0.38,405.8,7.01,57868.0,True,NASA_CDAWEB_OMNI_HRO_1MIN,False
2024-11-24 16:15:00,,,,,,,,,,,False,False,4.137032985687256,-1.209044873714447,5.877427816390991,4.137032985687256,0.05713862180709839,6.0003578662872314,1.0,7.302833846907818,7.302833628285304,True,5.18,-4.12,1.68,403.2,6.39,62156.0,True,NASA_CDAWEB_OMNI_HRO_1MIN,False
2024-11-24 16:16:00,,,,,,,,,,,False,False,4.257385969161987,-0.8401488065719604,5.911270380020142,4.257385969161987,0.4138708859682083,5.929357051849365,1.0,7.2917254466343575,7.291725492376971,True,5.67,-3.17,1.88,416.1,7.62,76848.0,True,NASA_CDAWEB_OMNI_HRO_1MIN,False
2024-11-24 16:17:00,,,,,,,,,,,False,False,4.832467794418335,0.9423894882202148,5.557966709136963,4.832467794418335,2.0678168535232544,5.250147104263306,1.0,7.366112118448941,7.366112104151808,True,5.63,-2.46,2.74,416.1,7.62,76848.0,True,NASA_CDAWEB_OMNI_HRO_1MIN,False
2024-11-24 16:18:00,,,,,,,,,,,False,False,4.525923013687134,1.477316677570343,5.622713327407837,4.525923013687134,2.5829778909683228,5.246361255645752,1.0,7.324395774243262,7.324395911548081,True,5.91,-2.6,2.38,394.0,6.22,56909.0,True,NASA_CDAWEB_OMNI_HRO_1MIN,False
2024-11-24 16:19:00,,,,,,,,,,,False,False,4.351217269897461,-0.2803347837179899,5.8414466381073,4.351217269897461,0.9697651267051697,5.807797908782959,1.0,7.33144392533346,7.331443860993232,True,6.22,-1.85,2.5,394.0,6.22,56909.0,True,NASA_CDAWEB_OMNI_HRO_1MIN,False
2024-11-24 16:20:00,,,,,,,,,,,False,False,4.024914503097534,-1.5300081968307495,5.74975061416626,4.024914503097534,-0.30925116688013077,5.947715520858765,1.0,7.186443602786527,7.186443498016661,True,5.37,-3.26,2.79,394.0,6.22,56909.0,True,NASA_CDAWEB_OMNI_HRO_1MIN,False
2024-11-24 16:21:00,,,,,,,,,,,False,False,3.8449429273605347,-1.8677144050598145,6.116008758544922,3.8449429273605347,-0.5986633598804474,6.3460986614227295,1.0,7.4039485679637105,7.403948460645497,True,5.08,-5.99,0.55,,,,False,NASA_CDAWEB_OMNI_HRO_1MIN,False
2024-11-24 16:22:00,,,,,,,,,,,False,False,3.5462088584899902,-1.9966543912887573,6.164920091629028,3.5462088584899902,-0.7068480551242828,6.4415435791015625,1.0,7.360238077076844,7.360238026200598,True,5.53,-3.19,2.69,,,,False,NASA_CDAWEB_OMNI_HRO_1MIN,False
2024-11-24 16:23:00,,,,,,,,,,,False,False,4.033886790275574,-1.627339482307434,5.812733888626099,4.033886790275574,-0.4138196427375078,6.026321649551392,1.0,7.3064020315007845,7.306401870224734,True,5.89,-2.49,2.96,406.2,7.19,66801.0,True,NASA_CDAWEB_OMNI_HRO_1MIN,False
2024-11-24 16:24:00,,,,,,,,,,,False,False,3.5298320055007935,-1.4222677946090698,6.077632188796997,3.5298320055007935,-0.1294894479215145,6.3103859424591064,1.0,7.234975818785437,7.23497593313553,True,5.89,-3.92,2.02,404.3,7.03,68244.0,True,NASA_CDAWEB_OMNI_HRO_1MIN,False
2024-11-24 16:25:00,,,,,,,,,,,False,False,3.8802101612091064,-1.8018080592155457,5.798599481582642,3.8802101612091064,-0.6052753329277039,6.027503490447998,1.0,7.241631366312299,7.24163141730269,True,5.77,-2.51,3.11,399.1,6.6,72094.0,True,NASA_CDAWEB_OMNI_HRO_1MIN,False
2024-11-24 16:26:00,,,,,,,,,,,False,False,3.8544178009033203,-1.3412736058235168,6.109201908111572,3.8544178009033203,-0.13023008033633232,6.212406635284424,1.0,7.3786373290545395,7.3786375365331605,True,6.47,-3.17,2.39,391.8,6.32,55618.0,True,NASA_CDAWEB_OMNI_HRO_1MIN,False
2024-11-24 16:27:00,,,,,,,,,,,False,False,4.044348478317261,-0.9544818699359894,6.021310567855835,4.044348478317261,0.25686168670654297,6.05848240852356,1.0,7.299508058897938,7.29950802983678,True,5.88,-2.17,3.26,391.8,6.32,55618.0,True,NASA_CDAWEB_OMNI_HRO_1MIN,False
2024-11-24 16:28:00,,,,,,,,,,,False,False,4.353378057479858,-1.3906105756759644,5.835730314254761,4.353378057479858,-0.2521839886903763,5.866595268249512,1.0,7.303646958206476,7.3036467747936795,True,6.62,-3.04,2.1,,,,False,NASA_CDAWEB_OMNI_HRO_1MIN,False
2024-11-24 16:29:00,,,,,,,,,,,False,False,4.054987668991089,-1.3442964553833008,5.9712090492248535,4.054987668991089,-0.12563406676054,6.1089794635772705,1.0,7.327077090516784,7.327077099375977,True,6.31,-2.11,3.03,395.4,7.13,51408.0,True,NASA_CDAWEB_OMNI_HRO_1MIN,False
2024-11-24 16:30:00,,,,,,,,,,,False,False,3.824111580848694,-1.5439084768295288,5.983942031860352,3.824111580848694,-0.3505246937274933,6.1727354526519775,1.0,7.360192054227902,7.36019212248943,True,7.16,-1.76,2.44,396.3,7.18,53767.0,True,NASA_CDAWEB_OMNI_HRO_1MIN,False
2024-11-24 16:31:00,,,,,,,,,,,False,False,-0.36747223883867264,-2.9498202800750732,6.329662799835205,-0.36747223883867264,-1.686493992805481,6.839002370834351,1.0,7.311507098120908,7.311507127309582,True,7.27,-0.44,3.04,402.9,7.52,71046.0,True,NASA_CDAWEB_OMNI_HRO_1MIN,False
2024-11-24 16:32:00,,,,,,,,,,,False,False,1.4614128470420837,-2.7135894298553467,6.732985973358154,1.4614128470420837,-1.3686120510101318,7.121993541717529,1.0,7.33311037717466,7.333110545089998,True,7.39,-0.54,3.02,393.0,6.65,66172.0,True,NASA_CDAWEB_OMNI_HRO_1MIN,False
2024-11-24 16:33:00,,,,,,,,,,,False,False,0.7195419371128082,-3.079036235809326,6.6534833908081055,0.7195419371128082,-1.738400638103485,7.10828709602356,1.0,7.353084544734095,7.353084601822655,True,7.08,-0.87,3.24,394.4,6.31,59617.0,True,NASA_CDAWEB_OMNI_HRO_1MIN,False
2024-11-24 16:34:00,,,,,,,,,,,False,False,1.0620962977409363,-3.3437154293060303,6.540598392486572,1.0620962977409363,-1.9987211227416992,7.1173415184021,1.0,7.502660777370991,7.502660571203754,True,7.17,-0.18,3.41,395.4,6.39,52049.0,True,NASA_CDAWEB_OMNI_HRO_1MIN,False
2024-11-24 16:35:00,,,,,,,,,,,False,False,1.0637643039226532,-3.3243513107299805,6.611332654953003,1.0637643039226532,-2.009450674057007,7.122984170913696,1.0,7.474613838818913,7.47461373007467,True,7.22,-0.94,3.18,393.0,6.59,51430.0,True,NASA_CDAWEB_OMNI_HRO_1MIN,False
2024-11-24 16:36:00,,,,,,,,,,,False,False,1.4567975401878357,-3.2771456241607666,6.648447513580322,1.4567975401878357,-1.9581411480903625,7.203466415405273,1.0,7.6683087522715745,7.668308838649879,True,7.18,-0.63,3.17,395.4,6.96,63542.0,True,NASA_CDAWEB_OMNI_HRO_1MIN,False
2024-11-24 16:37:00,,,,,,,,,,,False,False,0.9402397871017456,-3.3167104721069336,6.8166656494140625,0.9402397871017456,-1.9427785873413086,7.341672658920288,1.0,7.728264763626202,7.728264720268179,True,6.72,-0.47,3.71,394.5,7.18,55197.0,True,NASA_CDAWEB_OMNI_HRO_1MIN,False
2024-11-24 16:38:00,,,,,,,,,,,False,False,1.5732646584510803,-3.1798667907714844,6.667020797729492,1.5732646584510803,-1.8597161173820496,7.154259920120239,1.0,7.721311644221519,7.721311511699621,True,6.78,0.71,3.67,393.8,7.25,50600.0,True,NASA_CDAWEB_OMNI_HRO_1MIN,False
2024-11-24 16:39:00,,,,,,,,,,,False,False,1.2059254050254822,-2.9816924333572388,6.978055953979492,1.2059254050254822,-1.5909048318862915,7.4086315631866455,1.0,7.704673266289406,7.704673049443475,True,6.56,0.13,3.79,,,,False,NASA_CDAWEB_OMNI_HRO_1MIN,False
2024-11-24 16:40:00,,,,,,,,,,,False,False,0.8142644912004471,-2.6023718118667603,7.208117246627808,0.8142644912004471,-1.1936709880828857,7.548749923706055,1.0,7.683140779943971,7.683140673171524,True,6.62,0.22,3.82,397.1,8.05,90891.0,True,NASA_CDAWEB_OMNI_HRO_1MIN,False
2024-11-24 16:41:00,,,,,,,,,,,False,False,0.8593321740627289,-2.9302926063537598,7.020778656005859,0.8593321740627289,-1.5694772601127625,7.47720193862915,1.0,7.711093680533816,7.711093848315111,True,6.33,0.14,3.93,397.1,8.05,90891.0,True,NASA_CDAWEB_OMNI_HRO_1MIN,False
2024-11-24 16:42:00,,,,,,,,,,,False,False,1.286896526813507,-2.592521548271179,7.0554070472717285,1.286896526813507,-1.2287083864212036,7.415539026260376,1.0,7.629700643920013,7.629700831291917,True,6.32,0.28,3.9,395.6,7.14,94603.0,True,NASA_CDAWEB_OMNI_HRO_1MIN,False
2024-11-24 16:43:00,,,,,,,,,,,False,False,2.520309329032898,-2.4477481842041016,6.841097354888916,2.520309329032898,-1.147025227546692,7.195951223373413,1.0,7.781022692127351,7.781022761554446,True,6.24,-1.05,4.11,394.3,6.37,97722.0,True,NASA_CDAWEB_OMNI_HRO_1MIN,False
2024-11-24 16:44:00,,,,,,,,,,,False,False,2.664044737815857,-2.4051700830459595,6.779061555862427,2.664044737815857,-1.1018620133399963,7.16810154914856,1.0,7.6844451945187515,7.684445224039815,True,6.25,-0.57,4.07,397.9,6.71,58990.0,True,NASA_CDAWEB_OMNI_HRO_1MIN,False
2024-11-24 16:45:00,,,,,,,,,,,False,False,2.836229085922241,-2.7243062257766724,6.6530938148498535,2.836229085922241,-1.5106128454208374,7.062180042266846,1.0,7.637102423525969,7.637102645678866,True,,,,398.2,6.74,55178.0,False,NASA_CDAWEB_OMNI_HRO_1MIN,False
2024-11-24 16:46:00,,,,,,,,,,,False,False,1.7177767157554626,-2.026828169822693,7.187029123306274,1.7177767157554626,-0.6932837665081024,7.458868026733398,1.0,7.662390517227978,7.662390330513016,True,6.2,-1.13,4.2,,,,False,NASA_CDAWEB_OMNI_HRO_1MIN,False
2024-11-24 16:47:00,,,,,,,,,,,False,False,2.1058796644210815,-2.841004967689514,6.792795658111572,2.1058796644210815,-1.5524755716323853,7.150270938873291,1.0,7.690527856028728,7.690527754057026,True,6.96,-0.33,3.06,,,,False,NASA_CDAWEB_OMNI_HRO_1MIN,False
2024-11-24 16:48:00,,,,,,,,,,,False,False,2.3487383127212524,-3.0466227531433105,6.734469175338745,2.3487383127212524,-1.7545918822288513,7.132085084915161,1.0,7.727895861220643,7.727895882726886,True,6.36,-0.02,4.01,,,,False,NASA_CDAWEB_OMNI_HRO_1MIN,False
2024-11-24 16:49:00,,,,,,,,,,,False,False,2.355096697807312,-3.2002012729644775,6.559601783752441,2.355096697807312,-1.9167776107788086,7.061746835708618,1.0,7.716535737840515,7.716535810672637,True,7.02,-0.6,2.76,,,,False,NASA_CDAWEB_OMNI_HRO_1MIN,False
2024-11-24 16:50:00,,,,,,,,,,,False,False,2.4296247959136963,-3.384325623512268,6.597809791564941,2.4296247959136963,-2.130429744720459,7.143461227416992,1.0,7.848794253722644,7.84879433993157,True,6.05,-2.29,3.88,,,,False,NASA_CDAWEB_OMNI_HRO_1MIN,False
2024-11-24 16:51:00,,,,,,,,,,,False,False,2.617851495742798,-3.1707197427749634,6.598042726516724,2.617851495742798,-1.925305187702179,7.079779386520386,1.0,7.835838484044924,7.835838439892596,True,6.82,-0.91,3.05,,,,False,NASA_CDAWEB_OMNI_HRO_1MIN,False
2024-11-24 16:52:00,,,,,,,,,,,False,False,3.0224887132644653,-3.1473742723464966,6.358549356460571,3.0224887132644653,-1.9582422971725464,6.819262742996216,1.0,7.715151203284769,7.715151285825025,True,6.47,-1.24,3.78,,,,False,NASA_CDAWEB_OMNI_HRO_1MIN,False
2024-11-24 16:53:00,,,,,,,,,,,False,False,3.853756904602051,-1.9923712611198425,6.273696660995483,3.853756904602051,-0.8079526722431183,6.571399211883545,1.0,7.651970876767015,7.651971115279502,True,,,,,,,False,NASA_CDAWEB_OMNI_HRO_1MIN,False
2024-11-24 16:54:00,,,,,,,,,,,False,False,3.538956046104431,-1.3677148222923279,6.594931602478027,3.538956046104431,-0.1349610760807991,6.759258508682251,1.0,7.726687580353975,7.726687479257422,True,6.51,-1.04,3.83,,,,False,NASA_CDAWEB_OMNI_HRO_1MIN,False
2024-11-24 16:55:00,,,,,,,,,,,False,False,3.646651029586792,-1.8941863179206848,6.652246713638306,3.646651029586792,-0.6726875007152557,6.8112547397613525,1.0,7.74251969175577,7.742519624529422,True,6.29,-1.35,4.17,390.7,5.93,53726.0,True,NASA_CDAWEB_OMNI_HRO_1MIN,False
2024-11-24 16:56:00,,,,,,,,,,,False,False,3.7476956844329834,-1.9145110845565796,6.307218313217163,3.7476956844329834,-0.7666000425815582,6.481424331665039,1.0,7.6974235095496555,7.697423543627833,True,6.42,-0.65,3.84,390.6,6.35,59572.0,True,NASA_CDAWEB_OMNI_HRO_1MIN,False
2024-11-24 16:57:00,,,,,,,,,,,False,False,3.164176821708679,-0.8307615518569946,6.761232614517212,3.164176821708679,0.4029625207185745,6.861026048660278,1.0,7.602287469064464,7.602287504480865,True,6.62,-0.4,3.55,390.5,6.96,67823.0,True,NASA_CDAWEB_OMNI_HRO_1MIN,False
2024-11-24 16:58:00,,,,,,,,,,,False,False,2.9574486017227173,0.43248333036899567,6.912915945053101,2.9574486017227173,1.6421714425086975,6.862249135971069,1.0,7.714303070524849,7.714303009874817,True,6.23,-1.14,4.03,,,,False,NASA_CDAWEB_OMNI_HRO_1MIN,False
2024-11-24 16:59:00,,,,,,,,,,,False,False,3.144676923751831,-0.6993876099586487,6.8880839347839355,3.144676923751831,0.48159538954496384,6.935376882553101,1.0,7.549425063486364,7.549424967093088,True,5.89,-1.32,4.64,,,,False,NASA_CDAWEB_OMNI_HRO_1MIN,False
2024-11-24 17:00:00,,,,,,,,,,,False,False,3.03053617477417,-0.09410183876752853,6.885235786437988,3.03053617477417,1.0714932680130005,6.7900919914245605,1.0,7.555711796463022,7.555711821575662,True,6.0,-0.92,4.35,,,,False,NASA_CDAWEB_OMNI_HRO_1MIN,False
2024-11-24 17:01:00,,,,,,,,,,,False,False,2.4160252809524536,0.17435479164123535,7.309565305709839,2.4160252809524536,1.3925405740737915,7.1727354526519775,1.0,7.701028842551245,7.701028895677837,True,5.71,-1.3,4.79,,,,False,NASA_CDAWEB_OMNI_HRO_1MIN,False
2024-11-24 17:02:00,,,,,,,,,,,False,False,2.0552141666412354,0.04549805819988251,7.140493392944336,2.0552141666412354,1.280687153339386,7.053504705429077,1.0,7.494395061559926,7.494395008398523,True,6.09,-1.32,4.12,402.2,6.59,64890.0,True,NASA_CDAWEB_OMNI_HRO_1MIN,False
2024-11-24 17:03:00,,,,,,,,,,,False,False,2.2419422268867493,0.0161366518586874,7.050516843795776,2.2419422268867493,1.2339820861816406,6.9391021728515625,1.0,7.460185951898488,7.460185943932325,True,6.62,-0.05,3.42,402.2,6.59,64890.0,True,NASA_CDAWEB_OMNI_HRO_1MIN,False
2024-11-24 17:04:00,,,,,,,,,,,False,False,1.824059784412384,0.10032984986901283,7.346566677093506,1.824059784412384,1.347183883190155,7.233397960662842,1.0,7.5397173759803335,7.539717351260633,True,6.02,-0.88,4.59,402.2,6.59,64890.0,True,NASA_CDAWEB_OMNI_HRO_1MIN,False
2024-11-24 17:05:00,,,,,,,,,,,False,False,1.6405779123306274,0.4119192361831665,7.338260889053345,1.6405779123306274,1.6426230669021606,7.163905620574951,1.0,7.5455829198984485,7.5455830843004374,True,6.18,-0.81,4.14,,,,False,NASA_CDAWEB_OMNI_HRO_1MIN,False
2024-11-24 17:06:00,,,,,,,,,,,False,False,1.5028303861618042,0.49210070073604584,7.29635214805603,1.5028303861618042,1.7079514265060425,7.114709377288818,1.0,7.472522260505549,7.4725226270969305,True,6.65,0.93,3.25,,,,False,NASA_CDAWEB_OMNI_HRO_1MIN,False
2024-11-24 17:07:00,,,,,,,,,,,False,False,1.8716301321983337,0.2851032018661499,7.292990446090698,1.8716301321983337,1.4917876720428467,7.136422395706177,1.0,7.573476197322477,7.573476088182598,True,5.76,-1.28,4.72,,,,False,NASA_CDAWEB_OMNI_HRO_1MIN,False
2024-11-24 17:08:00,,,,,,,,,,,False,False,1.9649376273155212,0.20911529660224915,7.235716819763184,1.9649376273155212,1.4010635018348694,7.1018829345703125,1.0,7.4557925097735485,7.455792396158569,True,6.05,-1.35,4.01,,,,False,NASA_CDAWEB_OMNI_HRO_1MIN,False
2024-11-24 17:09:00,,,,,,,,,,,False,False,1.7817044258117676,-0.1726452372968197,7.183660984039307,1.7817044258117676,1.0224709212779999,7.134384393692017,1.0,7.511905241727243,7.51190529415696,True,5.76,-0.83,4.93,393.4,5.25,42070.0,True,NASA_CDAWEB_OMNI_HRO_1MIN,False
2024-11-24 17:10:00,,,,,,,,,,,False,False,1.4637619256973267,-0.4421885348856449,7.39070200920105,1.4637619256973267,0.7539234161376953,7.311444997787476,1.0,7.592699323386357,7.592699258117602,True,6.24,-0.72,3.57,391.2,6.17,56990.0,True,NASA_CDAWEB_OMNI_HRO_1MIN,False
2024-11-24 17:11:00,,,,,,,,,,,False,False,1.1288669109344482,-0.6577511131763458,7.378386735916138,1.1288669109344482,0.5725174248218536,7.39876127243042,1.0,7.48632496683082,7.486324771177522,True,6.02,-2.39,3.96,389.2,7.03,70969.0,True,NASA_CDAWEB_OMNI_HRO_1MIN,False
2024-11-24 17:12:00,,,,,,,,,,,False,False,0.7700260579586029,-0.04574289219453931,7.5573484897613525,0.7700260579586029,1.1970582604408264,7.495763778686523,1.0,7.610926741875035,7.610926456991518,True,6.13,-0.77,3.88,398.6,7.15,85897.0,True,NASA_CDAWEB_OMNI_HRO_1MIN,False
2024-11-24 17:13:00,,,,,,,,,,,False,False,1.3995692133903503,-0.05532057583332062,7.6062538623809814,1.3995692133903503,1.1636286973953247,7.534614562988281,1.0,7.721416707618792,7.7214165668777985,True,5.82,-2.98,3.96,398.6,7.15,85897.0,True,NASA_CDAWEB_OMNI_HRO_1MIN,False
2024-11-24 17:14:00,,,,,,,,,,,False,False,1.981579601764679,0.24024713784456253,7.465257883071899,1.981579601764679,1.4196233749389648,7.324412822723389,1.0,7.6488579215906665,7.64885788554514,True,5.72,-2.4,4.36,398.6,7.15,85897.0,True,NASA_CDAWEB_OMNI_HRO_1MIN,False
2024-11-24 17:15:00,,,,,,,,,,,False,False,1.507929503917694,-0.11510768719017506,7.53166389465332,1.507929503917694,1.0911495089530945,7.453912019729614,1.0,7.695138600700291,7.695138735045271,True,6.74,0.3,2.29,,,,False,NASA_CDAWEB_OMNI_HRO_1MIN,False
2024-11-24 17:16:00,,,,,,,,,,,False,False,0.9386471509933472,-0.9399855136871338,7.609592914581299,0.9386471509933472,0.2959573492407799,7.721369504928589,1.0,7.7540680557703014,7.7540681429749085,True,5.26,-3.74,3.99,,,,False,NASA_CDAWEB_OMNI_HRO_1MIN,False
2024-11-24 17:17:00,,,,,,,,,,,False,False,0.3796517997980118,-0.9719344079494476,7.6869056224823,0.3796517997980118,0.2624831795692444,7.743661642074585,1.0,7.762348692470297,7.762348778657426,True,5.38,-2.89,4.43,,,,False,NASA_CDAWEB_OMNI_HRO_1MIN,False
2024-11-24 17:18:00,,,,,,,,,,,False,False,0.024211133597418666,-1.1111625730991364,7.558394193649292,0.024211133597418666,0.09496751707047224,7.681717157363892,1.0,7.704097359269838,7.704097453073591,True,6.43,0.04,3.27,,,,False,NASA_CDAWEB_OMNI_HRO_1MIN,False
2024-11-24 17:19:00,,,,,,,,,,,False,False,4.5356526374816895,1.522899329662323,5.772732496261597,4.5356526374816895,2.4154800176620483,5.428582429885864,1.0,7.5558145136806605,7.555814640778055,True,6.09,-2.07,3.62,,,,False,NASA_CDAWEB_OMNI_HRO_1MIN,False
2024-11-24 17:20:00,,,,,,,,,,,False,False,4.140203952789307,1.525396466255188,5.925212860107422,4.140203952789307,2.4851036071777344,5.583969831466675,1.0,7.511063701148429,7.511063595221685,True,6.54,-1.48,2.94,,,,False,NASA_CDAWEB_OMNI_HRO_1MIN,False
2024-11-24 17:21:00,,,,,,,,,,,False,False,4.123294353485107,1.9163236618041992,5.834630966186523,4.123294353485107,2.812230110168457,5.536669492721558,1.0,7.344489267239168,7.344489318205202,True,6.15,-1.39,3.85,,,,False,NASA_CDAWEB_OMNI_HRO_1MIN,False
2024-11-24 17:22:00,,,,,,,,,,,False,False,4.1444573402404785,1.5511645674705505,5.840244293212891,4.1444573402404785,2.4523749351501465,5.515912055969238,1.0,7.333773284369757,7.333773417280016,True,7.2,-2.54,1.42,,,,False,NASA_CDAWEB_OMNI_HRO_1MIN,False
2024-11-24 17:23:00,,,,,,,,,,,False,False,4.077060222625732,2.961607575416565,5.329993009567261,4.077060222625732,3.7490686178207397,4.808809995651245,1.0,7.410354733715313,7.410354607994186,True,6.13,-0.72,4.21,388.4,7.05,51302.0,True,NASA_CDAWEB_OMNI_HRO_1MIN,False
2024-11-24 17:24:00,,,,,,,,,,,False,False,4.47929048538208,0.6384476721286774,6.031464099884033,4.47929048538208,1.5531485080718994,5.8613104820251465,1.0,7.544702146777047,7.5447021704566595,True,6.91,0.59,2.91,388.4,7.05,51302.0,True,NASA_CDAWEB_OMNI_HRO_1MIN,False
2024-11-24 17:25:00,,,,,,,,,,,False,False,4.665485143661499,1.1512371897697449,5.723082780838013,4.665485143661499,2.011285126209259,5.48030686378479,1.0,7.524410709166936,7.524410529619485,True,6.03,-0.22,3.79,396.5,6.09,52892.0,True,NASA_CDAWEB_OMNI_HRO_1MIN,False
2024-11-24 17:26:00,,,,,,,,,,,False,False,4.38205885887146,1.100493311882019,5.917707681655884,4.38205885887146,2.033132553100586,5.65118408203125,1.0,7.49448009652036,7.49448013258718,True,7.0,1.38,2.24,395.3,6.16,54101.0,True,NASA_CDAWEB_OMNI_HRO_1MIN,False
2024-11-24 17:27:00,,,,,,,,,,,False,False,4.391555070877075,0.9509140253067017,5.988841772079468,4.391555070877075,1.8427287340164185,5.760574579238892,1.0,7.480572190630745,7.480572181237206,True,6.21,0.44,3.64,385.6,6.87,59917.0,True,NASA_CDAWEB_OMNI_HRO_1MIN,False
2024-11-24 17:28:00,,,,,,,,,,,False,False,4.399919271469116,1.365321397781372,5.751191854476929,4.399919271469116,2.2194039821624756,5.509076118469238,1.0,7.479906280499975,7.479906155836241,True,6.96,1.59,2.4,385.6,6.87,59917.0,True,NASA_CDAWEB_OMNI_HRO_1MIN,False
2024-11-24 17:29:00,,,,,,,,,,,False,False,4.350021123886108,1.6384138464927673,5.9406914710998535,4.350021123886108,2.4424723386764526,5.603191375732422,1.0,7.508580568348581,7.508580655873388,True,5.3,0.4,5.22,,,,False,NASA_CDAWEB_OMNI_HRO_1MIN,False
2024-11-24 17:30:00,,,,,,,,,,,False,False,3.5397127866744995,0.7510296702384949,6.6133503913879395,3.5397127866744995,1.748799741268158,6.443532705307007,1.0,7.530598459753244,7.530598429654528,True,6.82,-0.11,2.85,402.5,6.6,86491.0,True,NASA_CDAWEB_OMNI_HRO_1MIN,False
2024-11-24 17:31:00,,,,,,,,,,,False,False,3.8807002305984497,0.8408088088035583,6.294506788253784,3.8807002305984497,1.7227582335472107,6.080816984176636,1.0,7.523862306330935,7.523862201834444,True,4.67,-0.2,5.55,402.5,6.6,86491.0,True,NASA_CDAWEB_OMNI_HRO_1MIN,False
2024-11-24 17:32:00,,,,,,,,,,,False,False,3.6919113397598267,0.5867616832256317,6.3166844844818115,3.6919113397598267,1.524604082107544,6.162787437438965,1.0,7.356872666654613,7.356872743488909,True,6.13,0.82,3.84,402.5,6.6,86491.0,True,NASA_CDAWEB_OMNI_HRO_1MIN,False
2024-11-24 17:33:00,,,,,,,,,,,False,False,2.783482074737549,-0.03226591646671295,6.905662298202515,2.783482074737549,0.9861834347248077,6.871614456176758,1.0,7.518799231312888,7.518799089990534,True,5.29,-1.21,4.22,,,,False,NASA_CDAWEB_OMNI_HRO_1MIN,False
2024-11-24 17:34:00,,,,,,,,,,,False,False,3.1251479387283325,-0.2569887787103653,6.795629262924194,3.1251479387283325,0.7448613345623016,6.765398740768433,1.0,7.463209914689585,7.463210051426765,True,7.08,-0.69,1.99,,,,False,NASA_CDAWEB_OMNI_HRO_1MIN,False
2024-11-24 17:35:00,,,,,,,,,,,False,False,3.415191650390625,-0.33638742566108704,6.594639539718628,3.415191650390625,0.6142025291919708,6.578571081161499,1.0,7.394989662105374,7.394989841606661,True,5.75,-0.45,4.39,,,,False,NASA_CDAWEB_OMNI_HRO_1MIN,False
2024-11-24 17:36:00,,,,,,,,,,,False,False,3.692691445350647,-0.19348658621311188,6.52992057800293,3.692691445350647,0.7283415794372559,6.487626075744629,1.0,7.451019106656736,7.451019105168842,True,5.62,-0.64,4.1,,,,False,NASA_CDAWEB_OMNI_HRO_1MIN,False
2024-11-24 17:37:00,,,,,,,,,,,False,False,4.022952556610107,-0.25310247391462326,6.290225028991699,4.022952556610107,0.671228677034378,6.276990652084351,1.0,7.44380967172868,7.443809629811712,True,5.57,1.41,4.33,,,,False,NASA_CDAWEB_OMNI_HRO_1MIN,False
2024-11-24 17:38:00,,,,,,,,,,,False,False,4.143144130706787,0.014506736770272255,6.079768419265747,4.143144130706787,0.8402393758296967,6.029839754104614,1.0,7.343055912996048,7.3430558374944646,True,5.43,-0.84,4.3,403.9,5.83,51549.0,True,NASA_CDAWEB_OMNI_HRO_1MIN,False
2024-11-24 17:39:00,,,,,,,,,,,False,False,3.7226122617721558,0.1693911924958229,6.268527507781982,3.7226122617721558,1.1099044680595398,6.1888368129730225,1.0,7.346879111080988,7.346879309962503,True,6.81,-0.85,2.95,403.9,5.83,51549.0,True,NASA_CDAWEB_OMNI_HRO_1MIN,False
2024-11-24 17:40:00,,,,,,,,,,,False,False,4.520804166793823,-0.0005379058420658112,5.784832239151001,4.520804166793823,0.7937431633472443,5.733608722686768,1.0,7.390239733457777,7.390239733917946,True,4.96,-4.31,3.78,403.9,5.83,51549.0,True,NASA_CDAWEB_OMNI_HRO_1MIN,False
2024-11-24 17:41:00,,,,,,,,,,,False,False,4.50422477722168,0.12243329361081123,6.072636604309082,4.50422477722168,0.9757907688617706,5.98723030090332,1.0,7.565057934269918,7.5650578928179,True,5.88,-1.2,3.17,391.5,6.95,71095.0,True,NASA_CDAWEB_OMNI_HRO_1MIN,False
2024-11-24 17:42:00,,,,,,,,,,,False,False,4.533915758132935,-0.05443877726793289,5.935516119003296,4.533915758132935,0.7794720232486725,5.849315881729126,1.0,7.491356401236976,7.49135643427682,True,,,,391.5,6.95,71095.0,False,NASA_CDAWEB_OMNI_HRO_1MIN,False
2024-11-24 17:43:00,,,,,,,,,,,False,False,4.26439094543457,-0.4042632728815079,6.121748208999634,4.26439094543457,0.4729704260826111,6.163175582885742,1.0,7.384314820435682,7.384314753556854,True,6.07,-1.58,2.83,,,,False,NASA_CDAWEB_OMNI_HRO_1MIN,False
2024-11-24 17:44:00,,,,,,,,,,,False,False,5.118697881698608,-0.04169510677456856,5.340454816818237,5.118697881698608,0.7392624616622925,5.286961555480957,1.0,7.355504596554821,7.355504528571353,True,6.61,-0.76,3.23,,,,False,NASA_CDAWEB_OMNI_HRO_1MIN,False
2024-11-24 17:45:00,,,,,,,,,,,False,False,5.142044305801392,-0.09239400178194046,5.48905348777771,5.142044305801392,0.6458471417427063,5.433016061782837,1.0,7.477063032826969,7.477062958751262,True,4.63,-4.41,3.59,,,,False,NASA_CDAWEB_OMNI_HRO_1MIN,False
2024-11-24 17:46:00,,,,,,,,,,,False,False,5.260058403015137,-0.015132368542253971,5.119829177856445,5.260058403015137,0.6661044061183929,5.066968202590942,1.0,7.359445173490508,7.3594450485016045,True,6.5,-0.05,3.55,,,,False,NASA_CDAWEB_OMNI_HRO_1MIN,False
2024-11-24 17:47:00,,,,,,,,,,,False,False,5.070373058319092,-0.5901487469673157,5.385313034057617,5.070373058319092,0.16832856833934784,5.410349130630493,1.0,7.42949111749086,7.429491207795847,True,4.98,-4.03,3.66,,,,False,NASA_CDAWEB_OMNI_HRO_1MIN,False
2024-11-24 17:48:00,,,,,,,,,,,False,False,5.0124311447143555,-0.6901697367429733,5.566530227661133,5.0124311447143555,0.08447974920272827,5.640891075134277,1.0,7.408983488084896,7.408983625948282,True,6.0,0.54,4.16,,,,False,NASA_CDAWEB_OMNI_HRO_1MIN,False
2024-11-24 17:49:00,,,,,,,,,,,False,False,5.128734111785889,-0.1604638397693634,5.337059020996094,5.128734111785889,0.5555188357830048,5.3595709800720215,1.0,7.410372723846317,7.410372669095482,True,5.73,-2.54,2.79,,,,False,NASA_CDAWEB_OMNI_HRO_1MIN,False
2024-11-24 17:50:00,,,,,,,,,,,False,False,5.5049989223480225,-1.0270403623580933,4.836056232452393,5.5049989223480225,-0.3769771009683609,4.899691820144653,1.0,7.407912214779506,7.407912179089291,True,4.86,-4.24,3.31,,,,False,NASA_CDAWEB_OMNI_HRO_1MIN,False
2024-11-24 17:51:00,,,,,,,,,,,False,False,5.848703384399414,-0.19518893957138062,4.6768858432769775,5.848703384399414,0.42612457275390625,4.661510705947876,1.0,7.531286290170241,7.53128637468092,True,6.28,-0.32,3.58,,,,False,NASA_CDAWEB_OMNI_HRO_1MIN,False
2024-11-24 17:52:00,,,,,,,,,,,False,False,5.6549928188323975,-0.629668653011322,4.969273090362549,5.6549928188323975,0.01634296402335167,5.029107570648193,1.0,7.618388997755137,7.618388997184702,True,5.37,-3.18,4.05,,,,False,NASA_CDAWEB_OMNI_HRO_1MIN,False
2024-11-24 17:53:00,,,,,,,,,,,False,False,5.829352378845215,-0.6684795022010803,4.630268573760986,5.829352378845215,-0.056377268105279654,4.677945375442505,1.0,7.497780161733212,7.497780115573471,True,5.37,-3.18,4.05,,,,False,NASA_CDAWEB_OMNI_HRO_1MIN,False
2024-11-24 17:54:00,,,,,,,,,,,False,False,5.595430612564087,-0.7724058032035828,4.940725803375244,5.595430612564087,-0.13285170122981071,4.9972100257873535,1.0,7.567713245778725,7.567713221150711,True,6.02,-0.65,3.99,,,,False,NASA_CDAWEB_OMNI_HRO_1MIN,False
2024-11-24 17:55:00,,,,,,,,,,,False,False,5.5952842235565186,-1.9372625350952148,4.5458996295928955,5.5952842235565186,-1.3871390223503113,4.727469205856323,1.0,7.377592136206883,7.377592098023305,True,,,,,,,False,NASA_CDAWEB_OMNI_HRO_1MIN,False
2024-11-24 17:56:00,,,,,,,,,,,False,False,4.758437395095825,-2.357721447944641,5.067168951034546,4.758437395095825,-1.7531080842018127,5.398126125335693,1.0,7.502106468080871,7.502106282455721,True,6.38,0.11,3.57,399.5,6.68,66887.0,True,NASA_CDAWEB_OMNI_HRO_1MIN,False
2024-11-24 17:57:00,,,,,,,,,,,False,False,5.443130731582642,-1.9104148149490356,4.5055625438690186,5.443130731582642,-1.2554246187210083,4.71306848526001,1.0,7.330735606684547,7.330735660408202,True,5.53,-1.16,5.02,399.5,6.68,66887.0,True,NASA_CDAWEB_OMNI_HRO_1MIN,False
2024-11-24 17:58:00,,,,,,,,,,,False,False,5.533052682876587,-1.0491165220737457,4.597357988357544,5.533052682876587,-0.4251398295164108,4.668499708175659,1.0,7.300435224668005,7.3004351695312675,True,6.99,-1.01,2.34,386.8,6.55,52294.0,True,NASA_CDAWEB_OMNI_HRO_1MIN,False
2024-11-24 17:59:00,,,,,,,,,,,False,False,5.5188822746276855,-1.6063308119773865,4.478994131088257,5.5188822746276855,-1.0351987481117249,4.614960432052612,1.0,7.293975559025497,7.293975375704711,True,6.22,-0.49,3.59,387.3,7.33,65857.0,True,NASA_CDAWEB_OMNI_HRO_1MIN,False
2024-11-24 18:00:00,,,,,,,,,,,False,False,5.91504430770874,-2.268773078918457,3.5955235958099365,5.91504430770874,-1.8061829805374146,3.8717023134231567,1.0,7.270041582898935,7.270041545946404,True,6.83,-1.09,2.57,388.0,8.61,88163.0,True,NASA_CDAWEB_OMNI_HRO_1MIN,False
2024-11-24 18:01:00,,,,,,,,,,,False,False,4.691302537918091,-2.5159149169921875,5.235080003738403,4.691302537918091,-1.8620862364768982,5.491235971450806,1.0,7.414780065173888,7.414780024790916,True,6.31,-0.21,3.42,,,,False,NASA_CDAWEB_OMNI_HRO_1MIN,False
2024-11-24 18:02:00,,,,,,,,,,,False,False,4.98341965675354,-3.4753127098083496,4.079448699951172,4.98341965675354,-2.942536234855652,4.478984355926514,1.0,7.464727618642982,7.464727660055467,True,4.46,-2.07,5.49,405.4,5.02,41150.0,True,NASA_CDAWEB_OMNI_HRO_1MIN,False
2024-11-24 18:03:00,,,,,,,,,,,False,False,5.591953992843628,-3.312908172607422,3.8568594455718994,5.591953992843628,-2.798884153366089,4.249938726425171,1.0,7.544707674178172,7.544707797507281,True,5.11,-1.06,4.52,405.4,5.02,41150.0,True,NASA_CDAWEB_OMNI_HRO_1MIN,False
2024-11-24 18:04:00,,,,,,,,,,,False,False,5.344274282455444,-3.0405795574188232,3.9781692028045654,5.344274282455444,-2.516131043434143,4.322956800460815,1.0,7.310268512049007,7.310268541770666,True,4.98,-1.08,4.78,405.4,5.02,41150.0,True,NASA_CDAWEB_OMNI_HRO_1MIN,False
2024-11-24 18:05:00,,,,,,,,,,,False,False,5.859252691268921,-3.401816725730896,3.0344104766845703,5.859252691268921,-2.970704197883606,3.4214471578598022,1.0,7.4443757879609525,7.444375767554234,True,5.0,0.61,4.74,,,,False,NASA_CDAWEB_OMNI_HRO_1MIN,False
2024-11-24 18:06:00,,,,,,,,,,,False,False,5.8570945262908936,-4.073621511459351,1.8891032338142395,5.8570945262908936,-3.7469279766082764,2.334925651550293,1.0,7.330784610274934,7.330784648821464,True,2.77,0.87,6.87,,,,False,NASA_CDAWEB_OMNI_HRO_1MIN,False
2024-11-24 18:07:00,,,,,,,,,,,False,False,5.533914566040039,-4.859718084335327,0.8431655764579773,5.533914566040039,-4.782182693481445,1.4344149827957153,1.0,7.41217070933447,7.412170696868152,True,4.68,-0.4,5.16,416.4,5.97,53762.0,True,NASA_CDAWEB_OMNI_HRO_1MIN,False
2024-11-24 18:08:00,,,,,,,,,,,False,False,5.764730453491211,-3.9691452980041504,1.67471581697464,5.764730453491211,-3.720488667488098,2.124824643135071,1.0,7.309976192367066,7.309976209791934,True,4.19,-1.41,5.66,416.1,5.98,53881.0,True,NASA_CDAWEB_OMNI_HRO_1MIN,False
2024-11-24 18:09:00,,,,,,,,,,,False,False,6.038108587265015,-3.118564248085022,2.836067795753479,6.038108587265015,-2.7794309854507446,3.2212196588516235,1.0,7.43359597868142,7.433595959886972,True,3.78,-3.13,5.48,405.6,6.32,57954.0,True,NASA_CDAWEB_OMNI_HRO_1MIN,False
2024-11-24 18:10:00,,,,,,,,,,,False,False,6.383865594863892,-1.4711551666259766,2.9756182432174683,6.383865594863892,-1.0965537130832672,3.1745764017105103,1.0,7.169409850588483,7.169409869811079,True,4.3,-3.05,4.24,405.5,6.32,57991.0,True,NASA_CDAWEB_OMNI_HRO_1MIN,False
2024-11-24 18:11:00,,,,,,,,,,,False,False,6.1073644161224365,-2.4975756406784058,2.9366443157196045,6.1073644161224365,-2.125209331512451,3.206210136413574,1.0,7.192635115083254,7.192635073680432,True,3.03,-1.25,5.61,,,,False,NASA_CDAWEB_OMNI_HRO_1MIN,False
2024-11-24 18:12:00,,,,,,,,,,,False,False,6.342101097106934,-2.8404531478881836,2.0652058124542236,6.342101097106934,-2.599200487136841,2.3322304487228394,1.0,7.342151409905423,7.342151410213607,True,3.57,-2.58,4.24,405.8,7.2,86399.0,True,NASA_CDAWEB_OMNI_HRO_1MIN,False
2024-11-24 18:13:00,,,,,,,,,,,False,False,5.42918586730957,-3.518846273422241,3.114037036895752,5.42918586730957,-3.1342333555221558,3.5008580684661865,1.0,7.2294754736929345,7.229475570345417,True,1.64,1.48,5.62,409.9,7.18,82206.0,True,NASA_CDAWEB_OMNI_HRO_1MIN,False
2024-11-24 18:14:00,,,,,,,,,,,False,False,5.04032564163208,-3.8502568006515503,2.868547797203064,5.04032564163208,-3.5360188484191895,3.3255698680877686,1.0,7.14915784852632,7.149157774796035,True,2.2,2.04,5.76,420.4,7.4,72789.0,True,NASA_CDAWEB_OMNI_HRO_1MIN,False
2024-11-24 18:15:00,,,,,,,,,,,False,False,5.19015645980835,-3.240359663963318,3.6473002433776855,5.19015645980835,-2.8009912967681885,3.99459445476532,1.0,7.227237892990827,7.227238149487144,True,3.29,1.37,5.53,414.0,7.67,80369.0,True,NASA_CDAWEB_OMNI_HRO_1MIN,False
2024-11-24 18:16:00,,,,,,,,,,,False,False,4.579571008682251,-2.0143617391586304,4.658423662185669,4.579571008682251,-1.4720001816749573,4.857115983963013,1.0,7.220304793858075,7.220304747284844,True,3.51,1.32,5.6,425.1,7.13,65339.0,True,NASA_CDAWEB_OMNI_HRO_1MIN,False
2024-11-24 18:17:00,,,,,,,,,,,False,False,5.395233154296875,-2.877448320388794,3.9828914403915405,5.395233154296875,-2.3965619802474976,4.251491546630859,1.0,7.281205386123013,7.28120540470492,True,4.02,-0.44,5.14,415.0,7.84,81119.0,True,NASA_CDAWEB_OMNI_HRO_1MIN,False
2024-11-24 18:18:00,,,,,,,,,,,False,False,5.353334903717041,-3.1197491884231567,3.5482507944107056,5.353334903717041,-2.7005906105041504,3.8587292432785034,1.0,7.289840090189578,7.289840161030458,True,2.08,0.86,6.39,403.2,8.38,97722.0,True,NASA_CDAWEB_OMNI_HRO_1MIN,False
2024-11-24 18:19:00,,,,,,,,,,,False,False,5.491139650344849,-4.07182240486145,2.282220959663391,5.491139650344849,-3.7854117155075073,2.723094940185547,1.0,7.269442123126184,7.269442057609821,True,3.43,-0.65,5.4,425.9,7.63,79019.0,True,NASA_CDAWEB_OMNI_HRO_1MIN,False
2024-11-24 18:20:00,,,,,,,,,,,False,False,5.791469573974609,-3.325167417526245,2.671706795692444,5.791469573974609,-2.9691832065582275,3.044736623764038,1.0,7.325210352721822,7.325210347583415,True,5.39,0.25,3.79,425.9,7.63,79019.0,True,NASA_CDAWEB_OMNI_HRO_1MIN,False
2024-11-24 18:21:00,,,,,,,,,,,False,False,5.741633892059326,-3.5799394845962524,2.7045421600341797,5.741633892059326,-3.215957999229431,3.0444087982177734,1.0,7.3284398781795606,7.3284398261776795,True,5.1,-0.07,4.52,390.2,6.15,57697.0,True,NASA_CDAWEB_OMNI_HRO_1MIN,False
2024-11-24 18:22:00,,,,,,,,,,,False,False,6.221057176589966,-2.766716718673706,2.021916389465332,6.221057176589966,-2.491872191429138,2.3219666481018066,1.0,7.254293577150474,7.254293552293047,True,4.16,-2.52,4.6,390.1,6.15,57654.0,True,NASA_CDAWEB_OMNI_HRO_1MIN,False
2024-11-24 18:23:00,,,,,,,,,,,False,False,4.760859727859497,-0.946068286895752,4.885242700576782,4.760859727859497,-0.4254186898469925,4.93896222114563,1.0,6.987484192052895,6.98748421908534,True,2.72,0.51,5.55,,,,False,NASA_CDAWEB_OMNI_HRO_1MIN,False
2024-11-24 18:24:00,,,,,,,,,,,False,False,3.5486055612564087,-0.18006601557135582,5.939636945724487,3.5486055612564087,0.5065694749355316,5.976644992828369,1.0,6.928157620496339,6.928157430008904,True,5.05,-2.71,4.01,396.5,8.67,117981.0,True,NASA_CDAWEB_OMNI_HRO_1MIN,False
2024-11-24 18:25:00,,,,,,,,,,,False,False,3.7738118171691895,-0.7736815810203552,5.80637001991272,3.7738118171691895,-0.149977408349514,5.855398654937744,1.0,7.05181516225918,7.051815078405858,True,4.92,-1.94,4.24,396.5,8.67,117981.0,True,NASA_CDAWEB_OMNI_HRO_1MIN,False
2024-11-24 18:26:00,,,,,,,,,,,False,False,4.356703281402588,-0.9561428427696228,5.431102752685547,4.356703281402588,-0.3620905578136444,5.517522096633911,1.0,6.98440624524297,6.98440609403621,True,2.55,-1.8,5.82,,,,False,NASA_CDAWEB_OMNI_HRO_1MIN,False
2024-11-24 18:27:00,,,,,,,,,,,False,False,2.9312740564346313,-1.0137581527233124,6.411312580108643,2.9312740564346313,-0.33288590610027313,6.49627685546875,1.0,7.161594241997841,7.161594271486033,True,2.85,-0.55,6.01,399.1,7.85,69036.0,True,NASA_CDAWEB_OMNI_HRO_1MIN,False
2024-11-24 18:28:00,,,,,,,,,,,False,False,2.751227855682373,-0.651959627866745,6.6094324588775635,2.751227855682373,0.041451490484178066,6.648256063461304,1.0,7.176642074416943,7.176642169613865,True,1.81,-0.66,6.54,403.1,8.12,83727.0,True,NASA_CDAWEB_OMNI_HRO_1MIN,False
2024-11-24 18:29:00,,,,,,,,,,,False,False,3.0108423233032227,-0.677748441696167,6.408567428588867,3.0108423233032227,0.011468772776424885,6.426866769790649,1.0,7.087661855217272,7.087662035669414,True,3.27,-0.09,6.13,410.0,8.59,109274.0,True,NASA_CDAWEB_OMNI_HRO_1MIN,False
2024-11-24 18:30:00,,,,,,,,,,,False,False,4.2187230587005615,-1.03855362534523,5.6961071491241455,4.2187230587005615,-0.4364056885242462,5.775914430618286,1.0,7.1693299768891805,7.169329996695897,True,4.15,-1.17,4.62,421.8,6.83,67491.0,True,NASA_CDAWEB_OMNI_HRO_1MIN,False
2024-11-24 18:31:00,,,,,,,,,,,False,False,4.267158389091492,-0.4275154024362564,5.557656288146973,4.267158389091492,0.12697843089699745,5.625739812850952,1.0,7.046763346537359,7.046763308830425,True,3.78,0.06,6.05,421.8,6.83,67491.0,True,NASA_CDAWEB_OMNI_HRO_1MIN,False
2024-11-24 18:32:00,,,,,,,,,,,False,False,5.222672939300537,-1.370449721813202,4.4403722286224365,5.222672939300537,-0.9140989184379578,4.5613181591033936,1.0,6.965667013728461,6.9656670323480245,True,3.9,0.24,5.7,,,,False,NASA_CDAWEB_OMNI_HRO_1MIN,False
2024-11-24 18:33:00,,,,,,,,,,,False,False,4.945807933807373,-0.09417898440733552,5.152151346206665,4.945807933807373,0.44640570878982544,5.111879110336304,1.0,7.0435099360806745,7.043509990576182,True,5.01,0.09,5.12,,,,False,NASA_CDAWEB_OMNI_HRO_1MIN,False
2024-11-24 18:34:00,,,,,,,,,,,False,False,5.340363502502441,-0.6605626940727234,4.720216751098633,5.340363502502441,-0.1783670410513878,4.748738050460815,1.0,7.143906533655377,7.143906438762134,True,3.52,0.11,6.02,,,,False,NASA_CDAWEB_OMNI_HRO_1MIN,False
2024-11-24 18:35:00,,,,,,,,,,,False,False,5.441055536270142,-0.7536386847496033,4.722485303878784,5.441055536270142,-0.28756183385849,4.7784929275512695,1.0,7.172846799915096,7.1728468433973,True,1.21,1.55,6.71,,,,False,NASA_CDAWEB_OMNI_HRO_1MIN,False
2024-11-24 18:36:00,,,,,,,,,,,False,False,5.466813087463379,-1.3939212560653687,4.325543642044067,5.466813087463379,-0.963197648525238,4.432058095932007,1.0,7.0583516897757175,7.058351646668948,True,4.54,-0.12,5.37,,,,False,NASA_CDAWEB_OMNI_HRO_1MIN,False
2024-11-24 18:37:00,,,,,,,,,,,False,False,5.259531736373901,-1.4327126741409302,4.293540954589844,5.259531736373901,-0.9941278696060181,4.420687913894653,1.0,7.002094508675819,7.002094541830351,True,,,,,,,False,NASA_CDAWEB_OMNI_HRO_1MIN,False
2024-11-24 18:38:00,,,,,,,,,,,False,False,5.386139631271362,-1.6596596837043762,4.19583797454834,5.386139631271362,-1.2413818836212158,4.338023900985718,1.0,7.12611589368844,7.126115915611834,True,4.28,0.55,5.58,417.2,7.29,55801.0,True,NASA_CDAWEB_OMNI_HRO_1MIN,False
2024-11-24 18:39:00,,,,,,,,,,,False,False,5.404928207397461,-1.7458986043930054,4.301175117492676,5.404928207397461,-1.308105230331421,4.45965838432312,1.0,7.0749242966099155,7.0749243074311154,True,3.86,-0.78,5.68,417.2,7.29,55801.0,True,NASA_CDAWEB_OMNI_HRO_1MIN,False
2024-11-24 18:40:00,,,,,,,,,,,False,False,5.10737156867981,-1.3431049585342407,4.493532419204712,5.10737156867981,-0.9113859534263611,4.580611705780029,1.0,6.977407034646275,6.9774069586024545,True,3.99,0.79,5.79,413.9,7.38,64866.0,True,NASA_CDAWEB_OMNI_HRO_1MIN,False
2024-11-24 18:41:00,,,,,,,,,,,False,False,5.195735216140747,-1.4433067440986633,4.486178874969482,5.195735216140747,-1.0123884081840515,4.550943613052368,1.0,6.909359172300755,6.909359275260695,True,,,,411.0,7.44,72763.0,False,NASA_CDAWEB_OMNI_HRO_1MIN,False
2024-11-24 18:42:00,,,,,,,,,,,False,False,5.206236124038696,-1.5194645524024963,4.376379013061523,5.206236124038696,-1.0777505338191986,4.4911017417907715,1.0,7.034158114600405,7.0341581222303216,True,5.04,-0.13,4.74,411.0,7.44,72763.0,True,NASA_CDAWEB_OMNI_HRO_1MIN,False
2024-11-24 18:43:00,,,,,,,,,,,False,False,4.729760646820068,-0.5966750122606754,4.650043964385986,4.729760646820068,-0.14991772174835205,4.677347421646118,1.0,6.693496977256692,6.69349692483573,True,4.25,0.07,5.23,399.4,8.3,100711.0,True,NASA_CDAWEB_OMNI_HRO_1MIN,False
2024-11-24 18:44:00,,,,,,,,,,,False,False,5.153085231781006,-0.722031831741333,4.217223167419434,5.153085231781006,-0.2962556928396225,4.250078439712524,1.0,6.735325687279131,6.7353257675357465,True,2.83,1.02,6.04,399.4,8.3,100711.0,True,NASA_CDAWEB_OMNI_HRO_1MIN,False
2024-11-24 18:45:00,,,,,,,,,,,False,False,5.291718244552612,-0.6371349990367889,4.109598875045776,5.291718244552612,-0.2649623230099678,4.153447151184082,1.0,6.63785144561024,6.637851386207176,True,4.14,0.06,5.55,399.4,8.3,100711.0,True,NASA_CDAWEB_OMNI_HRO_1MIN,False
2024-11-24 18:46:00,,,,,,,,,,,False,False,4.166147470474243,0.4866557866334915,5.01263952255249,4.166147470474243,0.9573264718055725,4.942460298538208,1.0,6.453841598331401,6.45384139599582,True,3.9,0.06,5.6,,,,False,NASA_CDAWEB_OMNI_HRO_1MIN,False
2024-11-24 18:47:00,,,,,,,,,,,False,False,5.1617889404296875,-0.5987738743424416,3.7675387859344482,5.1617889404296875,-0.25845867395401,3.819435477256775,1.0,6.54160822892057,6.541608239710335,True,3.75,0.31,5.82,,,,False,NASA_CDAWEB_OMNI_HRO_1MIN,False
2024-11-24 18:48:00,,,,,,,,,,,False,False,5.492517948150635,-1.418150544166565,3.1665972471237183,5.492517948150635,-1.1433722972869873,3.307713031768799,1.0,6.539357363673554,6.5393573528600015,True,4.05,0.41,5.72,,,,False,NASA_CDAWEB_OMNI_HRO_1MIN,False
2024-11-24 18:49:00,,,,,,,,,,,False,False,5.845216751098633,-1.903263807296753,2.336978793144226,5.845216751098633,-1.6842536926269531,2.4994254112243652,1.0,6.588753791318461,6.588753807364894,True,4.43,-0.72,5.37,,,,False,NASA_CDAWEB_OMNI_HRO_1MIN,False
2024-11-24 18:50:00,,,,,,,,,,,False,False,6.004282712936401,-2.849674701690674,-0.2985343486070633,6.004282712936401,-2.839073657989502,-0.04203877504914999,1.0,6.6958043463730945,6.695804400367303,True,3.79,0.5,5.65,,,,False,NASA_CDAWEB_OMNI_HRO_1MIN,False
2024-11-24 18:51:00,,,,,,,,,,,False,False,5.9082252979278564,-3.158180832862854,-1.991027057170868,5.9082252979278564,-3.338531017303467,-1.6946865916252136,1.0,6.968604272915167,6.968604248775868,True,2.94,1.27,6.41,,,,False,NASA_CDAWEB_OMNI_HRO_1MIN,False
2024-11-24 18:52:00,,,,,,,,,,,False,False,5.9573633670806885,-3.223647117614746,-1.7309992909431458,5.9573633670806885,-3.3397518396377563,-1.3903854489326477,1.0,7.050847808227738,7.050847781497081,True,4.52,0.06,5.33,414.6,6.94,72094.0,True,NASA_CDAWEB_OMNI_HRO_1MIN,False
2024-11-24 18:53:00,,,,,,,,,,,False,False,6.391315221786499,-2.606582999229431,-0.7040352709591389,6.391315221786499,-2.659380316734314,-0.4682800732553005,1.0,6.967835860521296,6.967835838356223,True,4.02,0.15,5.37,414.4,6.97,72863.0,True,NASA_CDAWEB_OMNI_HRO_1MIN,False
2024-11-24 18:54:00,,,,,,,,,,,False,False,6.660950183868408,-1.8087292909622192,-0.7589212954044342,6.660950183868408,-1.8568677306175232,-0.599166989326477,1.0,6.946488507625636,6.946488502510878,True,3.35,0.76,5.97,403.5,9.31,127774.0,True,NASA_CDAWEB_OMNI_HRO_1MIN,False
2024-11-24 18:55:00,,,,,,,,,,,False,False,6.628870248794556,-1.8061853051185608,-0.19758592545986176,6.628870248794556,-1.7924225330352783,-0.03486474268720485,1.0,6.941396913197033,6.941396895368298,True,3.43,-0.87,5.81,407.5,8.11,95613.0,True,NASA_CDAWEB_OMNI_HRO_1MIN,False
2024-11-24 18:56:00,,,,,,,,,,,False,False,6.615154027938843,-2.13461697101593,0.39408592879772186,6.615154027938843,-2.142150640487671,0.564493328332901,1.0,6.99612573977554,6.996125757995859,True,1.76,-1.21,5.5,415.7,7.72,83125.0,True,NASA_CDAWEB_OMNI_HRO_1MIN,False
2024-11-24 18:57:00,,,,,,,,,,,False,False,6.528130769729614,-2.397716760635376,-0.5928585380315781,6.528130769729614,-2.4327402114868164,-0.3964949697256088,1.0,7.035143729649369,7.035143736736031,True,3.8,-0.95,5.47,432.7,7.54,72177.0,True,NASA_CDAWEB_OMNI_HRO_1MIN,False
2024-11-24 18:58:00,,,,,,,,,,,False,False,6.54150390625,-2.8673245906829834,-0.4591841846704483,6.54150390625,-2.8961766958236694,-0.22444874048233032,1.0,7.1730512445968975,7.173051255366131,True,2.98,0.73,5.71,432.7,7.54,72177.0,True,NASA_CDAWEB_OMNI_HRO_1MIN,False
2024-11-24 18:59:00,,,,,,,,,,,False,False,6.559369325637817,-2.510986328125,-0.2750217020511627,6.559369325637817,-2.5178723335266113,-0.04612732399255037,1.0,7.031160753159929,7.031160763397306,True,1.58,-2.73,3.38,411.6,7.76,77453.0,True,NASA_CDAWEB_OMNI_HRO_1MIN,False
2024-11-24 19:00:00,,,,,,,,,,,False,False,6.682255744934082,-2.5013924837112427,-0.30725425481796265,6.682255744934082,-2.499407410621643,-0.10252645611763,1.0,7.12657975781942,7.126579745031661,True,-0.67,-4.29,2.84,411.6,7.76,77453.0,True,NASA_CDAWEB_OMNI_HRO_1MIN,False
2024-11-24 19:01:00,,,,,,,,,,,False,False,6.6574931144714355,-2.5228400230407715,0.21601134538650513,6.6574931144714355,-2.4772021770477295,0.4029737710952759,1.0,7.149154605293928,7.149154615893805,True,4.79,-0.31,4.94,401.3,7.65,81097.0,True,NASA_CDAWEB_OMNI_HRO_1MIN,False
2024-11-24 19:02:00,,,,,,,,,,,False,False,6.680078983306885,-2.113302230834961,1.2936830520629883,6.680078983306885,-1.9935972690582275,1.448941171169281,1.0,7.116981382965358,7.1169813671171305,True,0.93,-5.84,3.33,402.6,7.39,71905.0,True,NASA_CDAWEB_OMNI_HRO_1MIN,False
2024-11-24 19:03:00,,,,,,,,,,,False,False,6.60456395149231,-1.7254955172538757,1.7435539364814758,6.60456395149231,-1.5855812430381775,1.8915741443634033,1.0,7.093811159242399,7.093811178239703,True,2.08,-1.49,5.3,417.2,7.73,61875.0,True,NASA_CDAWEB_OMNI_HRO_1MIN,False
2024-11-24 19:04:00,,,,,,,,,,,False,False,6.628809452056885,-1.835354506969452,1.6351673603057861,6.628809452056885,-1.69113689661026,1.7671735882759094,1.0,7.083412953879537,7.083412954867187,True,2.84,0.72,6.34,412.1,7.47,62646.0,True,NASA_CDAWEB_OMNI_HRO_1MIN,False
2024-11-24 19:05:00,,,,,,,,,,,False,False,6.77320671081543,-1.7664348483085632,1.2528044283390045,6.77320671081543,-1.6611073017120361,1.3944688439369202,1.0,7.081582556178332,7.081582550355827,True,3.74,-0.7,4.74,409.8,7.36,63002.0,True,NASA_CDAWEB_OMNI_HRO_1MIN,False
2024-11-24 19:06:00,,,,,,,,,,,False,False,6.7491371631622314,-1.9398266673088074,0.9174353778362274,6.7491371631622314,-1.8621786832809448,1.0848551988601685,1.0,7.109490752169797,7.10949073461178,True,3.7,0.14,5.73,406.0,7.92,70948.0,True,NASA_CDAWEB_OMNI_HRO_1MIN,False
2024-11-24 19:07:00,,,,,,,,,,,False,False,6.5965588092803955,-2.3223613500595093,1.042698323726654,6.5965588092803955,-2.239239454269409,1.2249506711959839,1.0,7.081255288941112,7.081255277732,True,4.11,-0.34,4.81,412.5,7.74,69817.0,True,NASA_CDAWEB_OMNI_HRO_1MIN,False
2024-11-24 19:08:00,,,,,,,,,,,False,False,6.698917865753174,-2.156901478767395,0.9570911526679993,6.698917865753174,-2.0816041231155396,1.1110811233520508,1.0,7.090731375972915,7.090731368756733,True,5.15,-3.06,2.8,399.6,8.24,72307.0,True,NASA_CDAWEB_OMNI_HRO_1MIN,False
2024-11-24 19:09:00,,,,,,,,,,,False,False,6.862748384475708,-1.4898009300231934,0.12305327411741018,6.862748384475708,-1.4759464859962463,0.23709257692098618,1.0,7.045881626870708,7.045881626413058,True,4.9,-2.18,3.7,395.7,8.23,93733.0,True,NASA_CDAWEB_OMNI_HRO_1MIN,False
2024-11-24 19:10:00,,,,,,,,,,,False,False,6.90347695350647,-1.219583809375763,0.3154140114784241,6.90347695350647,-1.1956153512001038,0.4056188613176346,1.0,7.02142917255148,7.021429163145674,True,3.34,-0.96,5.53,408.2,7.49,80833.0,True,NASA_CDAWEB_OMNI_HRO_1MIN,False
2024-11-24 19:11:00,,,,,,,,,,,False,False,7.027939796447754,-0.6562462151050568,0.03930458426475525,7.027939796447754,-0.7297885417938232,0.0955122709274292,1.0,7.0859578382799135,7.0859578389247595,True,4.31,-1.74,4.21,406.7,6.73,64707.0,True,NASA_CDAWEB_OMNI_HRO_1MIN,False
2024-11-24 19:12:00,,,,,,,,,,,False,False,7.120285749435425,-0.6725107133388519,-0.6318736672401428,7.120285749435425,-0.7124688923358917,-0.5928145945072174,1.0,7.172344396462119,7.17234439524923,True,4.63,-2.23,3.59,395.5,7.22,73153.0,True,NASA_CDAWEB_OMNI_HRO_1MIN,False
2024-11-24 19:13:00,,,,,,,,,,,False,False,6.942453622817993,-0.8166464269161224,-0.9005885422229767,6.942453622817993,-0.891690582036972,-0.8357982039451599,1.0,7.05710477359378,7.0571047699978635,True,4.45,-1.14,4.68,405.0,8.0,76223.0,True,NASA_CDAWEB_OMNI_HRO_1MIN,False
2024-11-24 19:14:00,,,,,,,,,,,False,False,6.988356113433838,-0.5380963087081909,-0.8223126232624054,6.988356113433838,-0.5813659727573395,-0.7722472846508026,1.0,7.046728804341397,7.046728805586286,True,3.68,-1.84,4.54,410.4,7.5,64733.0,True,NASA_CDAWEB_OMNI_HRO_1MIN,False
2024-11-24 19:15:00,,,,,,,,,,,False,False,6.928075551986694,-0.624040812253952,-1.1018343567848206,6.928075551986694,-0.6978979706764221,-1.038620948791504,1.0,7.024320671039302,7.024320663957438,True,4.53,-1.88,3.97,400.6,8.24,81776.0,True,NASA_CDAWEB_OMNI_HRO_1MIN,False
2024-11-24 19:16:00,,,,,,,,,,,False,False,6.899775266647339,-0.7413119673728943,-1.0629412233829498,6.899775266647339,-0.8278165757656097,-1.0153782963752747,1.0,7.005613470548647,7.005613469080148,True,3.6,-1.95,3.47,398.9,8.27,91414.0,True,NASA_CDAWEB_OMNI_HRO_1MIN,False
2024-11-24 19:17:00,,,,,,,,,,,False,False,6.8508594036102295,-1.4227301478385925,-0.9797001779079437,6.8508594036102295,-1.484271764755249,-0.8683813512325287,1.0,7.036524578854051,7.03652457456211,True,4.67,-4.04,1.21,,,,False,NASA_CDAWEB_OMNI_HRO_1MIN,False
2024-11-24 19:18:00,,,,,,,,,,,False,False,6.911326169967651,-0.9127768874168396,-0.592187225818634,6.911326169967651,-0.9706863462924957,-0.5129929333925247,1.0,7.0051475744186735,7.0051475756908355,True,4.0,-2.25,2.46,406.0,7.09,80557.0,True,NASA_CDAWEB_OMNI_HRO_1MIN,False
2024-11-24 19:19:00,,,,,,,,,,,False,False,6.892334461212158,-1.070059359073639,-0.38138480484485626,6.892334461212158,-1.1027258038520813,-0.300721675157547,1.0,7.007632248613023,7.007632251311048,True,3.86,-2.48,2.96,406.0,7.09,80557.0,True,NASA_CDAWEB_OMNI_HRO_1MIN,False
2024-11-24 19:20:00,,,,,,,,,,,False,False,6.912219762802124,-0.8853775560855865,-0.47417235374450684,6.912219762802124,-0.9126568734645844,-0.4074554294347763,1.0,6.99993307278023,6.999933072423289,True,4.33,-2.63,2.48,404.2,8.07,88381.0,True,NASA_CDAWEB_OMNI_HRO_1MIN,False
2024-11-24 19:21:00,,,,,,,,,,,False,False,6.892703294754028,-0.8979636132717133,-0.3454195708036423,6.892703294754028,-0.9186502397060394,-0.28628144413232803,1.0,6.954501143269397,6.954501146502372,True,4.45,-3.37,1.67,402.9,8.16,87030.0,True,NASA_CDAWEB_OMNI_HRO_1MIN,False
2024-11-24 19:22:00,,,,,,,,,,,False,False,6.8998191356658936,-0.7580043077468872,-0.34084518253803253,6.8998191356658936,-0.7738901078701019,-0.2871517986059189,1.0,6.9597407460441465,6.959740747186036,True,4.13,-3.85,0.71,403.3,9.0,112138.0,True,NASA_CDAWEB_OMNI_HRO_1MIN,False
2024-11-24 19:23:00,,,,,,,,,,,False,False,6.901186227798462,-0.6898519396781921,-0.3024287670850754,6.901186227798462,-0.7028888165950775,-0.2601640522480011,1.0,6.931293355970993,6.931293356592242,True,4.49,-4.01,-0.2,409.0,7.4,74405.0,True,NASA_CDAWEB_OMNI_HRO_1MIN,False
2024-11-24 19:24:00,,,,,,,,,,,False,False,6.912837505340576,-1.1629119515419006,-0.3069052994251251,6.912837505340576,-1.1600672006607056,-0.22250767052173615,1.0,7.000918570126799,7.000918575701094,True,4.2,-3.35,1.32,403.3,7.59,78310.0,True,NASA_CDAWEB_OMNI_HRO_1MIN,False
2024-11-24 19:25:00,,,,,,,,,,,False,False,6.8163487911224365,-1.4382341504096985,0.0024811802431941032,6.8163487911224365,-1.4484077095985413,0.09791846200823784,1.0,6.9648344671050175,6.964834462466847,True,4.43,-3.31,1.95,394.4,8.18,76779.0,True,NASA_CDAWEB_OMNI_HRO_1MIN,False
2024-11-24 19:26:00,,,,,,,,,,,False,False,6.752155542373657,-1.2830855250358582,0.1830430030822754,6.752155542373657,-1.2746034264564514,0.2641603350639343,1.0,6.890094831450723,6.8900948338993695,True,4.65,-3.9,0.5,391.9,8.16,71968.0,True,NASA_CDAWEB_OMNI_HRO_1MIN,False
2024-11-24 19:27:00,,,,,,,,,,,False,False,6.738281011581421,-1.3702780604362488,-0.0037246234714984894,6.738281011581421,-1.3672186732292175,0.08689829986542463,1.0,6.860738137876828,6.86073814561875,True,5.12,-3.16,1.5,391.6,8.24,78844.0,True,NASA_CDAWEB_OMNI_HRO_1MIN,False
2024-11-24 19:28:00,,,,,,,,,,,False,False,6.758361339569092,-1.4282537698745728,-0.2762630432844162,6.758361339569092,-1.4420666098594666,-0.1830384097993374,1.0,6.91641978518852,6.9164197835492445,True,4.0,-3.87,1.27,398.3,8.33,108708.0,True,NASA_CDAWEB_OMNI_HRO_1MIN,False
2024-11-24 19:29:00,,,,,,,,,,,False,False,6.699093818664551,-1.3916088938713074,-0.5606493055820465,6.699093818664551,-1.4264046549797058,-0.4724907726049423,1.0,6.853057821375917,6.85305782460193,True,3.6,-3.69,0.89,403.1,8.07,110162.0,True,NASA_CDAWEB_OMNI_HRO_1MIN,False
2024-11-24 19:30:00,,,,,,,,,,,False,False,6.698259115219116,-1.230921447277069,-0.4354372173547745,6.698259115219116,-1.254028856754303,-0.3594765365123749,1.0,6.8278285116003286,6.827828513798011,True,3.84,-1.81,3.31,411.2,7.05,56360.0,True,NASA_CDAWEB_OMNI_HRO_1MIN,False
2024-11-24 19:31:00,,,,,,,,,,,False,False,6.892583847045898,-1.1724791526794434,-0.7199440598487854,6.892583847045898,-1.2131145596504211,-0.6415957510471344,1.0,7.019194942697397,7.019194942523596,True,2.41,-3.9,-0.02,410.7,7.49,60580.0,True,NASA_CDAWEB_OMNI_HRO_1MIN,False
2024-11-24 19:32:00,,,,,,,,,,,False,False,6.664513111114502,-1.3263345956802368,-0.7204361259937286,6.664513111114502,-1.3616854548454285,-0.6495230793952942,1.0,6.864009352418686,6.864009343241743,True,2.87,-3.84,-0.25,416.8,7.09,64901.0,True,NASA_CDAWEB_OMNI_HRO_1MIN,False
2024-11-24 19:33:00,,,,,,,,,,,False,False,6.6809704303741455,-1.1478307843208313,-1.2838436961174011,6.6809704303741455,-1.2323048114776611,-1.2111825942993164,1.0,6.92884784841931,6.928847857617857,True,3.02,-1.21,5.09,415.6,7.78,82812.0,True,NASA_CDAWEB_OMNI_HRO_1MIN,False
2024-11-24 19:34:00,,,,,,,,,,,False,False,6.613883018493652,-1.2849790453910828,-1.2014193534851074,6.613883018493652,-1.3569151163101196,-1.1154544353485107,1.0,6.868844798756215,6.868844802124748,True,2.17,-5.18,-3.76,416.7,8.32,93107.0,True,NASA_CDAWEB_OMNI_HRO_1MIN,False
2024-11-24 19:35:00,,,,,,,,,,,False,False,6.589789867401123,-1.199933648109436,-1.674869179725647,6.589789867401123,-1.3030729293823242,-1.5999581813812256,1.0,6.901501892218003,6.901501893053879,True,3.67,-1.03,4.64,421.9,8.35,89490.0,True,NASA_CDAWEB_OMNI_HRO_1MIN,False
2024-11-24 19:36:00,,,,,,,,,,,False,False,6.45733380317688,-1.8051955103874207,-1.7361257076263428,6.45733380317688,-1.908452570438385,-1.6255481243133545,1.0,6.935695061051209,6.935695044930939,True,2.54,-0.33,6.72,409.4,8.13,82303.0,True,NASA_CDAWEB_OMNI_HRO_1MIN,False
2024-11-24 19:37:00,,,,,,,,,,,False,False,6.269369125366211,-1.973917543888092,-1.625918209552765,6.269369125366211,-2.0616040229797363,-1.5062564611434937,1.0,6.839204695018932,6.839204736997006,True,3.39,-1.1,5.9,408.0,8.1,81487.0,True,NASA_CDAWEB_OMNI_HRO_1MIN,False
2024-11-24 19:38:00,,,,,,,,,,,False,False,6.469542741775513,-1.7398688793182373,-1.3491626381874084,6.469542741775513,-1.8190409541130066,-1.2506110668182373,1.0,6.839675699591876,6.839675705502179,True,2.47,-0.29,6.65,,,,False,NASA_CDAWEB_OMNI_HRO_1MIN,False
2024-11-24 19:39:00,,,,,,,,,,,False,False,6.484414577484131,-1.8776705861091614,-1.3721752762794495,6.484414577484131,-1.9496288299560547,-1.2583160400390625,1.0,6.90142916629577,6.901429160916813,True,2.11,1.0,6.87,,,,False,NASA_CDAWEB_OMNI_HRO_1MIN,False
2024-11-24 19:40:00,,,,,,,,,,,False,False,6.517022132873535,-1.896600067615509,-1.2240861654281616,6.517022132873535,-1.9635153412818909,-1.1142832040786743,1.0,6.871730798216296,6.8717308233019825,True,3.92,-0.38,5.57,402.8,8.1,70124.0,True,NASA_CDAWEB_OMNI_HRO_1MIN,False
2024-11-24 19:41:00,,,,,,,,,,,False,False,6.59592342376709,-1.9045610427856445,-1.0116848647594452,6.59592342376709,-1.9537990093231201,-0.8926698267459869,1.0,6.945399096701561,6.945399094301087,True,2.88,-1.26,6.38,403.5,7.98,68822.0,True,NASA_CDAWEB_OMNI_HRO_1MIN,False
2024-11-24 19:42:00,,,,,,,,,,,False,False,6.509260416030884,-1.9402915835380554,-1.301249623298645,6.509260416030884,-2.0142874717712402,-1.1854789853096008,1.0,6.926578788906705,6.926578778942719,True,2.85,-4.15,4.31,,,,False,NASA_CDAWEB_OMNI_HRO_1MIN,False
2024-11-24 19:43:00,,,,,,,,,,,False,False,6.513743877410889,-1.982511818408966,-1.1813003420829773,6.513743877410889,-2.040838360786438,-1.0651296377182007,1.0,6.923171459056595,6.923171485414827,True,3.26,-2.99,4.77,412.2,7.09,62107.0,True,NASA_CDAWEB_OMNI_HRO_1MIN,False
2024-11-24 19:44:00,,,,,,,,,,,False,False,6.490318775177002,-2.1431467533111572,-1.0165706276893616,6.490318775177002,-2.1944291591644287,-0.8905450701713562,1.0,6.923092007725391,6.9230920433739875,True,2.23,-1.89,6.42,413.2,7.34,64382.0,True,NASA_CDAWEB_OMNI_HRO_1MIN,False
2024-11-24 19:45:00,,,,,,,,,,,False,False,6.495415687561035,-1.8345348834991455,-1.6585702896118164,6.495415687561035,-1.9341522455215454,-1.5525594353675842,1.0,6.9389869627209775,6.938986973779314,True,3.29,-0.76,6.04,414.0,7.55,66325.0,True,NASA_CDAWEB_OMNI_HRO_1MIN,False
2024-11-24 19:46:00,,,,,,,,,,,False,False,6.153597354888916,-1.6101613640785217,-2.575665831565857,6.153597354888916,-1.7475606203079224,-2.4844971895217896,1.0,6.83721660954025,6.837216593953768,True,2.85,0.18,6.58,418.8,6.84,52972.0,True,NASA_CDAWEB_OMNI_HRO_1MIN,False
2024-11-24 19:47:00,,,,,,,,,,,False,False,6.092744588851929,-1.989576518535614,-2.5619935989379883,6.092744588851929,-2.146205186843872,-2.446810722351074,1.0,6.934692507029998,6.934692495240583,True,1.95,0.66,6.89,418.8,6.84,52972.0,True,NASA_CDAWEB_OMNI_HRO_1MIN,False
2024-11-24 19:48:00,,,,,,,,,,,False,False,6.202459335327148,-2.0943061113357544,-2.293896436691284,6.202459335327148,-2.2111560106277466,-2.1841174364089966,1.0,6.974311232926102,6.9743112068389514,True,2.36,0.18,6.62,416.9,7.07,63589.0,True,NASA_CDAWEB_OMNI_HRO_1MIN,False
2024-11-24 19:49:00,,,,,,,,,,,False,False,6.031282901763916,-2.474970817565918,-2.457046389579773,6.031282901763916,-2.604942798614502,-2.3260178565979004,1.0,6.981261697444985,6.981261644263506,True,1.91,0.39,6.94,416.9,7.07,63824.0,True,NASA_CDAWEB_OMNI_HRO_1MIN,False
2024-11-24 19:50:00,,,,,,,,,,,False,False,5.980239629745483,-2.2536981105804443,-2.42891263961792,5.980239629745483,-2.379975199699402,-2.304113030433655,1.0,6.856838102050169,6.856838087518239,True,4.2,0.73,5.45,,,,False,NASA_CDAWEB_OMNI_HRO_1MIN,False
2024-11-24 19:51:00,,,,,,,,,,,False,False,6.122674942016602,-2.7301716804504395,-1.9978756308555603,6.122674942016602,-2.8289434909820557,-1.8589532971382141,1.0,6.978155975897662,6.978155990350082,True,,,,,,,False,NASA_CDAWEB_OMNI_HRO_1MIN,False
2024-11-24 19:52:00,,,,,,,,,,,False,False,5.6547768115997314,-2.5838992595672607,-3.2439048290252686,5.6547768115997314,-2.7454618215560913,-3.1083552837371826,1.0,6.999194698604564,6.999194712155626,True,5.01,-0.23,4.63,,,,False,NASA_CDAWEB_OMNI_HRO_1MIN,False
2024-11-24 19:53:00,,,,,,,,,,,False,False,5.642881631851196,-2.8085349798202515,-2.8061248064041138,5.642881631851196,-2.9563379287719727,-2.6645599603652954,1.0,6.991147025730188,6.991147107101005,True,5.01,-0.23,4.63,,,,False,NASA_CDAWEB_OMNI_HRO_1MIN,False
2024-11-24 19:54:00,,,,,,,,,,,False,False,5.601037979125977,-3.1400641202926636,-2.5996919870376587,5.601037979125977,-3.2660176753997803,-2.4309996366500854,1.0,6.920973655203241,6.9209736134225155,True,,,,,,,False,NASA_CDAWEB_OMNI_HRO_1MIN,False
2024-11-24 19:55:00,,,,,,,,,,,False,False,5.921139717102051,-2.8203907012939453,-2.1174838542938232,5.921139717102051,-2.932525396347046,-1.9825410842895508,1.0,7.0075581274919845,7.007558137701185,True,6.01,-0.34,3.43,,,,False,NASA_CDAWEB_OMNI_HRO_1MIN,False
2024-11-24 19:56:00,,,,,,,,,,,False,False,5.995163440704346,-2.686907649040222,-2.694687008857727,5.995163440704346,-2.815123677253723,-2.5604554414749146,1.0,7.089359280276653,7.089359262827853,True,5.65,-1.49,3.56,392.2,8.33,53835.0,True,NASA_CDAWEB_OMNI_HRO_1MIN,False
2024-11-24 19:57:00,,,,,,,,,,,False,False,6.1140947341918945,-2.3441256284713745,-2.461601734161377,6.1140947341918945,-2.437530517578125,-2.3394949436187744,1.0,7.046742321979938,7.046742320456372,True,5.03,-0.42,4.66,392.2,8.33,53835.0,True,NASA_CDAWEB_OMNI_HRO_1MIN,False
2024-11-24 19:58:00,,,,,,,,,,,False,False,5.753881454467773,-2.7599642276763916,-3.2806657552719116,5.753881454467773,-2.9112144708633423,-3.1707180738449097,1.0,7.18781602926043,7.187816083788682,True,5.03,-0.42,4.66,392.2,8.33,53835.0,True,NASA_CDAWEB_OMNI_HRO_1MIN,False
2024-11-24 19:59:00,,,,,,,,,,,False,False,5.772005796432495,-2.9055755138397217,-3.4544456005096436,5.772005796432495,-3.0517956018447876,-3.321135997772217,1.0,7.277740510976127,7.277740468770995,True,4.76,0.37,4.99,,,,False,NASA_CDAWEB_OMNI_HRO_1MIN,False
2024-11-24 20:00:00,,,,,,,,,,,False,False,4.089727759361267,-4.057597994804382,-4.35824179649353,4.089727759361267,-4.255815744400024,-4.1729416847229,1.0,7.198873081717274,7.198873276173126,True,4.71,0.8,5.07,,,,False,NASA_CDAWEB_OMNI_HRO_1MIN,False
2024-11-24 20:01:00,,,,,,,,,,,False,False,5.407705783843994,-3.0082966089248657,-3.5409343242645264,5.407705783843994,-3.170406937599182,-3.3979068994522095,1.0,7.231389735939896,7.231389856280566,True,4.48,1.32,5.06,,,,False,NASA_CDAWEB_OMNI_HRO_1MIN,False
2024-11-24 20:02:00,,,,,,,,,,,False,False,5.473127603530884,-2.9068760871887207,-3.680316686630249,5.473127603530884,-3.06844699382782,-3.5341176986694336,1.0,7.257366427849805,7.257366434541915,True,,,,,,,False,NASA_CDAWEB_OMNI_HRO_1MIN,False
2024-11-24 20:03:00,,,,,,,,,,,False,False,5.092078685760498,-3.209788203239441,-3.867978096008301,5.092078685760498,-3.3812206983566284,-3.719050884246826,1.0,7.192180499551427,7.192180472483997,True,,,,,,,False,NASA_CDAWEB_OMNI_HRO_1MIN,False
2024-11-24 20:04:00,,,,,,,,,,,False,False,5.324547529220581,-3.2653119564056396,-3.740658164024353,5.324547529220581,-3.4263899326324463,-3.586082935333252,1.0,7.237897463249914,7.237897482786861,True,4.7,1.42,4.84,,,,False,NASA_CDAWEB_OMNI_HRO_1MIN,False
2024-11-24 20:05:00,,,,,,,,,,,False,False,5.471391439437866,-3.129447102546692,-3.3536198139190674,5.471391439437866,-3.296465754508972,-3.203263759613037,1.0,7.214850271555902,7.214850272617037,True,,,,,,,False,NASA_CDAWEB_OMNI_HRO_1MIN,False
2024-11-24 20:06:00,,,,,,,,,,,False,False,5.832808256149292,-2.7905519008636475,-3.199874758720398,5.832808256149292,-2.9275741577148438,-3.073496699333191,1.0,7.214451583313519,7.214451635103432,True,,,,,,,False,NASA_CDAWEB_OMNI_HRO_1MIN,False
2024-11-24 20:07:00,,,,,,,,,,,False,False,5.796064376831055,-2.7944698333740234,-3.152163505554199,5.796064376831055,-2.9271130561828613,-3.0294063091278076,1.0,7.110854183877238,7.1108542167637605,True,,,,,,,False,NASA_CDAWEB_OMNI_HRO_1MIN,False
2024-11-24 20:08:00,,,,,,,,,,,False,False,5.891866683959961,-2.8292359113693237,-2.9165706634521484,5.891866683959961,-2.9478588104248047,-2.7992215156555176,1.0,7.19507302864506,7.195073007302135,True,4.25,1.38,5.37,,,,False,NASA_CDAWEB_OMNI_HRO_1MIN,False
2024-11-24 20:09:00,,,,,,,,,,,False,False,5.778453826904297,-3.109453558921814,-3.0152828693389893,5.778453826904297,-3.237319588661194,-2.885858178138733,1.0,7.240613113646254,7.240613096095539,True,,,,,,,False,NASA_CDAWEB_OMNI_HRO_1MIN,False
2024-11-24 20:10:00,,,,,,,,,,,False,False,5.727043867111206,-3.095857858657837,-2.9603261947631836,5.727043867111206,-3.220020294189453,-2.8282177448272705,1.0,7.173862671442297,7.173862660283236,True,,,,,,,False,NASA_CDAWEB_OMNI_HRO_1MIN,False
2024-11-24 20:11:00,,,,,,,,,,,False,False,5.994964599609375,-3.0393214225769043,-2.5550262928009033,5.994964599609375,-3.1439919471740723,-2.4328378438949585,1.0,7.192666144670849,7.192666207628157,True,,,,,,,False,NASA_CDAWEB_OMNI_HRO_1MIN,False
2024-11-24 20:12:00,,,,,,,,,,,False,False,6.1316914558410645,-2.7733755111694336,-2.556143045425415,6.1316914558410645,-2.8744884729385376,-2.4418766498565674,1.0,7.197810760658441,7.1978107929118424,True,,,,,,,False,NASA_CDAWEB_OMNI_HRO_1MIN,False
2024-11-24 20:13:00,,,,,,,,,,,False,False,6.158839702606201,-2.605595588684082,-2.5237454175949097,6.158839702606201,-2.7129374742507935,-2.4213496446609497,1.0,7.218724453916193,7.218724482791646,True,4.17,1.71,5.33,403.3,8.16,84173.0,True,NASA_CDAWEB_OMNI_HRO_1MIN,False
2024-11-24 20:14:00,,,,,,,,,,,False,False,5.966996192932129,-2.948343873023987,-2.6197620630264282,5.966996192932129,-3.0486327409744263,-2.502346992492676,1.0,7.148835231906745,7.148835199242878,True,,,,403.3,8.16,84173.0,False,NASA_CDAWEB_OMNI_HRO_1MIN,False
2024-11-24 20:15:00,,,,,,,,,,,False,False,5.8772993087768555,-2.864829421043396,-3.002224922180176,5.8772993087768555,-2.979567766189575,-2.8854992389678955,1.0,7.180827215333579,7.1808271738980505,True,,,,403.3,8.16,84173.0,False,NASA_CDAWEB_OMNI_HRO_1MIN,False
2024-11-24 20:16:00,,,,,,,,,,,False,False,5.904357671737671,-2.7043768167495728,-2.847096800804138,5.904357671737671,-2.8136948347091675,-2.745386838912964,1.0,7.1273676983471645,7.12736769458214,True,,,,,,,False,NASA_CDAWEB_OMNI_HRO_1MIN,False
2024-11-24 20:17:00,,,,,,,,,,,False,False,5.64548659324646,-2.6548126935958862,-3.2479939460754395,5.64548659324646,-2.780597448348999,-3.1395208835601807,1.0,7.0350697962360655,7.035069771154031,True,,,,,,,False,NASA_CDAWEB_OMNI_HRO_1MIN,False
2024-11-24 20:18:00,,,,,,,,,,,False,False,5.985087156295776,-2.2053364515304565,-3.1324658393859863,5.985087156295776,-2.320916175842285,-3.0479912757873535,1.0,7.0845850195014926,7.084584968566817,True,,,,,,,False,NASA_CDAWEB_OMNI_HRO_1MIN,False
2024-11-24 20:19:00,,,,,,,,,,,False,False,5.828486680984497,-2.12963604927063,-3.2187552452087402,5.828486680984497,-2.2483537197113037,-3.136946678161621,1.0,6.993179798336726,6.993179845364999,True,4.06,1.95,5.34,,,,False,NASA_CDAWEB_OMNI_HRO_1MIN,False
2024-11-24 20:20:00,,,,,,,,,,,False,False,5.735644578933716,-2.2345030307769775,-3.4579540491104126,5.735644578933716,-2.359848380088806,-3.3743070363998413,1.0,7.080403136358635,7.080403154039285,True,3.14,2.32,5.74,,,,False,NASA_CDAWEB_OMNI_HRO_1MIN,False
2024-11-24 20:21:00,,,,,,,,,,,False,False,5.309609413146973,-2.2932382822036743,-3.9036067724227905,5.309609413146973,-2.4304683208465576,-3.818706750869751,1.0,6.93865397187532,6.938653960798217,True,3.19,2.39,5.7,,,,False,NASA_CDAWEB_OMNI_HRO_1MIN,False
2024-11-24 20:22:00,,,,,,,,,,,False,False,5.38090443611145,-2.265196204185486,-3.901633143424988,5.38090443611145,-2.40111243724823,-3.8178367614746094,1.0,7.00951852082266,7.00951859153866,True,3.37,2.67,5.56,,,,False,NASA_CDAWEB_OMNI_HRO_1MIN,False
2024-11-24 20:23:00,,,,,,,,,,,False,False,5.536392450332642,-1.8909521102905273,-3.93393337726593,5.536392450332642,-2.0270779132843018,-3.8655409812927246,1.0,7.064464048910768,7.064463992011214,True,3.19,2.55,5.65,,,,False,NASA_CDAWEB_OMNI_HRO_1MIN,False
2024-11-24 20:24:00,,,,,,,,,,,False,False,5.423650026321411,-1.7449439764022827,-4.262677431106567,5.423650026321411,-1.892268419265747,-4.200174808502197,1.0,7.158609828332331,7.158609945378561,True,3.97,2.15,5.37,406.2,7.76,73352.0,True,NASA_CDAWEB_OMNI_HRO_1MIN,False
2024-11-24 20:25:00,,,,,,,,,,,False,False,5.293928861618042,-2.0010008215904236,-4.177817344665527,5.293928861618042,-2.1420047283172607,-4.107306718826294,1.0,7.035175776591403,7.035175844990887,True,3.76,2.34,5.42,406.3,7.77,72971.0,True,NASA_CDAWEB_OMNI_HRO_1MIN,False
2024-11-24 20:26:00,,,,,,,,,,,False,False,5.538732528686523,-1.5056968927383423,-4.180294752120972,5.538732528686523,-1.6476442217826843,-4.129538536071777,1.0,7.083077124296077,7.083077215884566,True,3.75,2.42,5.39,409.3,8.06,64629.0,True,NASA_CDAWEB_OMNI_HRO_1MIN,False
2024-11-24 20:27:00,,,,,,,,,,,False,False,5.073909282684326,-1.7968462109565735,-4.611531972885132,5.073909282684326,-1.9425678253173828,-4.554802179336548,1.0,6.986259755700152,6.9862597517801,True,4.24,1.48,5.33,409.3,8.05,64197.0,True,NASA_CDAWEB_OMNI_HRO_1MIN,False
2024-11-24 20:28:00,,,,,,,,,,,False,False,4.663995265960693,-1.8266268968582153,-5.078898906707764,4.663995265960693,-1.993362307548523,-5.0150299072265625,1.0,7.163697512822942,7.1636975311484115,True,4.52,1.44,5.13,400.4,5.98,48078.0,True,NASA_CDAWEB_OMNI_HRO_1MIN,False
2024-11-24 20:29:00,,,,,,,,,,,False,False,4.926523208618164,-1.6440905928611755,-4.680791854858398,4.926523208618164,-1.793099820613861,-4.626821041107178,1.0,7.071765337849387,7.071765486710141,True,,,,400.4,5.98,48078.0,False,NASA_CDAWEB_OMNI_HRO_1MIN,False
2024-11-24 20:30:00,,,,,,,,,,,False,False,5.089221000671387,-1.652119219303131,-4.710986137390137,5.089221000671387,-1.8008514046669006,-4.655854940414429,1.0,7.127134969698763,7.127134910616725,True,4.59,1.38,5.13,,,,False,NASA_CDAWEB_OMNI_HRO_1MIN,False
2024-11-24 20:31:00,,,,,,,,,,,False,False,4.82280158996582,-1.7609538435935974,-4.9075047969818115,4.82280158996582,-1.913386046886444,-4.8501152992248535,1.0,7.103025191411559,7.103025113218813,True,,,,,,,False,NASA_CDAWEB_OMNI_HRO_1MIN,False
2024-11-24 20:32:00,,,,,,,,,,,False,False,4.801990985870361,-1.400840401649475,-4.9601829051971436,4.801990985870361,-1.5557357668876648,-4.909905433654785,1.0,7.010668373629898,7.010668374819984,True,4.81,1.97,4.74,,,,False,NASA_CDAWEB_OMNI_HRO_1MIN,False
2024-11-24 20:33:00,,,,,,,,,,,False,False,4.694113254547119,-1.9271663427352905,-4.989974021911621,4.694113254547119,-2.088969349861145,-4.93293309211731,1.0,7.084768661313156,7.084768633528973,True,4.81,1.97,4.74,,,,False,NASA_CDAWEB_OMNI_HRO_1MIN,False
2024-11-24 20:34:00,,,,,,,,,,,False,False,3.9430136680603027,-1.4581026434898376,-5.3061957359313965,3.9430136680603027,-1.6241003274917603,-5.2677836418151855,1.0,7.065232946332241,7.065232934520413,True,,,,,,,False,NASA_CDAWEB_OMNI_HRO_1MIN,False
2024-11-24 20:35:00,,,,,,,,,,,False,False,4.747740268707275,-1.8882961869239807,-4.751644611358643,4.747740268707275,-2.0238133668899536,-4.6973371505737305,1.0,6.936011433792268,6.936011479773336,True,4.86,1.87,4.75,,,,False,NASA_CDAWEB_OMNI_HRO_1MIN,False
2024-11-24 20:36:00,,,,,,,,,,,False,False,5.147279977798462,-1.658018946647644,-4.308615207672119,5.147279977798462,-1.782600224018097,-4.26675820350647,1.0,6.8752234959741045,6.875223483177312,True,,,,,,,False,NASA_CDAWEB_OMNI_HRO_1MIN,False
2024-11-24 20:37:00,,,,,,,,,,,False,False,4.702981233596802,-2.278160810470581,-4.833173513412476,4.702981233596802,-2.4209665060043335,-4.761725425720215,1.0,7.127782064449583,7.12778202677228,True,4.8,1.54,4.9,,,,False,NASA_CDAWEB_OMNI_HRO_1MIN,False
2024-11-24 20:38:00,,,,,,,,,,,False,False,5.114331483840942,-1.935805320739746,-4.355153560638428,5.114331483840942,-2.0473905205726624,-4.299924373626709,1.0,6.91432713299757,6.914327116382789,True,,,,,,,False,NASA_CDAWEB_OMNI_HRO_1MIN,False
2024-11-24 20:39:00,,,,,,,,,,,False,False,5.090773820877075,-2.743650436401367,-4.320899486541748,5.090773820877075,-2.8542059659957886,-4.288475036621094,1.0,7.077416183134666,7.0774162722152685,True,4.54,1.59,5.08,,,,False,NASA_CDAWEB_OMNI_HRO_1MIN,False
2024-11-24 20:40:00,,,,,,,,,,,False,False,5.1813764572143555,-2.6858925819396973,-4.345776796340942,5.1813764572143555,-2.8011358976364136,-4.270730495452881,1.0,7.157639582552216,7.157639625282689,True,4.34,1.64,5.28,,,,False,NASA_CDAWEB_OMNI_HRO_1MIN,False
2024-11-24 20:41:00,,,,,,,,,,,False,False,5.349085569381714,-3.1652508974075317,-3.4257562160491943,5.349085569381714,-3.2553014755249023,-3.342349410057068,1.0,7.095413460789844,7.095413418165268,True,4.56,1.67,5.03,400.9,7.77,66084.0,True,NASA_CDAWEB_OMNI_HRO_1MIN,False
2024-11-24 20:42:00,,,,,,,,,,,False,False,5.570256948471069,-3.1917059421539307,-3.478697419166565,5.570256948471069,-3.2655967473983765,-3.3910012245178223,1.0,7.22525007448586,7.225250161587832,True,3.89,2.18,5.21,400.9,7.77,66084.0,True,NASA_CDAWEB_OMNI_HRO_1MIN,False
2024-11-24 20:43:00,,,,,,,,,,,False,False,5.45609188079834,-4.026662707328796,-2.6183910369873047,5.45609188079834,-4.0819761753082275,-2.506967067718506,1.0,7.1807014355904695,7.180701312683229,True,2.76,2.72,5.68,400.9,7.77,66084.0,True,NASA_CDAWEB_OMNI_HRO_1MIN,False
2024-11-24 20:44:00,,,,,,,,,,,False,False,6.279575824737549,-3.3585708141326904,-1.5006576180458069,6.279575824737549,-3.3944507837295532,-1.4139478206634521,1.0,7.325607708142793,7.325607743956294,True,3.04,3.1,5.41,415.3,7.47,58253.0,True,NASA_CDAWEB_OMNI_HRO_1MIN,False
2024-11-24 20:45:00,,,,,,,,,,,False,False,5.640495538711548,-3.829284906387329,-2.75950026512146,5.640495538711548,-3.8949519395828247,-2.6622763872146606,1.0,7.29524151923305,7.295241475388431,True,3.69,2.11,5.36,414.2,7.44,58584.0,True,NASA_CDAWEB_OMNI_HRO_1MIN,False
2024-11-24 20:46:00,,,,,,,,,,,False,False,6.178819417953491,-1.5723742246627808,-3.2545385360717773,6.178819417953491,-1.6583723425865173,-3.2046934366226196,1.0,7.308780194942152,7.308780169815403,True,2.94,3.24,5.39,403.7,7.12,61857.0,True,NASA_CDAWEB_OMNI_HRO_1MIN,False
2024-11-24 20:47:00,,,,,,,,,,,False,False,6.030749559402466,-1.4244118928909302,-3.750718832015991,6.030749559402466,-1.5129252076148987,-3.7146894931793213,1.0,7.255683319909619,7.255683400381654,True,2.84,2.34,5.56,413.9,6.25,40692.0,True,NASA_CDAWEB_OMNI_HRO_1MIN,False
2024-11-24 20:48:00,,,,,,,,,,,False,False,6.1460700035095215,-1.4037455320358276,-3.620211601257324,6.1460700035095215,-1.4799020886421204,-3.588709235191345,1.0,7.242734489872132,7.242734484414784,True,2.16,4.04,5.11,414.9,6.19,38940.0,True,NASA_CDAWEB_OMNI_HRO_1MIN,False
2024-11-24 20:49:00,,,,,,,,,,,False,False,4.692575693130493,-1.101942777633667,-5.308864593505859,4.692575693130493,-1.2266579568386078,-5.27453351020813,1.0,7.237268536238981,7.237268460560987,True,2.35,2.61,6.03,,,,False,NASA_CDAWEB_OMNI_HRO_1MIN,False
2024-11-24 20:50:00,,,,,,,,,,,False,False,5.242712736129761,-1.373352825641632,-4.827266693115234,5.242712736129761,-1.4812834858894348,-4.792252540588379,1.0,7.282885864772732,7.282885944440355,True,,,,419.6,6.95,55178.0,False,NASA_CDAWEB_OMNI_HRO_1MIN,False
2024-11-24 20:51:00,,,,,,,,,,,False,False,6.669370651245117,-1.860076129436493,-2.3231919407844543,6.669370651245117,-1.9059054851531982,-2.2790833115577698,1.0,7.350015888932931,7.3500158598463985,True,2.46,3.5,5.53,419.6,6.95,55178.0,True,NASA_CDAWEB_OMNI_HRO_1MIN,False
2024-11-24 20:52:00,,,,,,,,,,,False,False,6.922758102416992,-2.4503800868988037,-0.9595840871334076,6.922758102416992,-2.4770431518554688,-0.9010203778743744,1.0,7.342936073645151,7.342936054803111,True,3.37,1.91,5.84,419.6,6.95,55178.0,True,NASA_CDAWEB_OMNI_HRO_1MIN,False
2024-11-24 20:53:00,,,,,,,,,,,False,False,6.930385589599609,-1.7381342053413391,-1.212300717830658,6.930385589599609,-1.760383665561676,-1.166214942932129,1.0,7.286733122454805,7.286733126475443,True,2.93,2.35,5.84,,,,False,NASA_CDAWEB_OMNI_HRO_1MIN,False
2024-11-24 20:54:00,,,,,,,,,,,False,False,6.679945945739746,-2.0387545228004456,-1.4145410060882568,6.679945945739746,-2.066426992416382,-1.3631598353385925,1.0,7.285735980679105,7.285735982558599,True,3.72,1.07,5.75,403.7,7.4,58328.0,True,NASA_CDAWEB_OMNI_HRO_1MIN,False
2024-11-24 20:55:00,,,,,,,,,,,False,False,6.542720794677734,-2.693068742752075,-2.2310678362846375,6.542720794677734,-2.737392783164978,-2.1754207015037537,1.0,7.433732520771731,7.433732547931074,True,3.56,0.9,5.87,403.8,7.37,57986.0,True,NASA_CDAWEB_OMNI_HRO_1MIN,False
2024-11-24 20:56:00,,,,,,,,,,,False,False,6.104070663452148,-3.3368358612060547,-3.128184199333191,6.104070663452148,-3.3910348415374756,-3.059958577156067,1.0,7.5557514191010355,7.55575132804539,True,3.05,1.93,5.75,406.5,6.24,45255.0,True,NASA_CDAWEB_OMNI_HRO_1MIN,False
2024-11-24 20:57:00,,,,,,,,,,,False,False,5.471531629562378,-3.756032705307007,-3.2119961977005005,5.471531629562378,-3.8198814392089844,-3.1381510496139526,1.0,7.429481659002575,7.429481687049778,True,4.09,1.5,5.13,406.5,6.24,45255.0,True,NASA_CDAWEB_OMNI_HRO_1MIN,False
2024-11-24 20:58:00,,,,,,,,,,,False,False,5.292804956436157,-4.3175060749053955,-3.3699475526809692,5.292804956436157,-4.385675668716431,-3.285046339035034,1.0,7.55310465785889,7.553104553693933,True,5.94,-3.29,1.45,,,,False,NASA_CDAWEB_OMNI_HRO_1MIN,False
2024-11-24 20:59:00,,,,,,,,,,,False,False,6.649035453796387,-1.4990494847297668,-3.147355794906616,6.649035453796387,-1.5564789772033691,-3.129368305206299,1.0,7.537056868187774,7.537056803274487,True,4.62,-1.37,2.69,392.0,8.83,76245.0,True,NASA_CDAWEB_OMNI_HRO_1MIN,False
2024-11-24 21:00:00,,,,,,,,,,,False,False,6.808206558227539,-0.709487795829773,-2.743967890739441,6.808206558227539,-0.7626788020133972,-2.727123975753784,1.0,7.376187970448667,7.37618802621137,True,6.02,-3.05,1.82,391.5,8.85,74416.0,True,NASA_CDAWEB_OMNI_HRO_1MIN,False
2024-11-24 21:01:00,,,,,,,,,,,False,False,6.850683212280273,-2.320463538169861,-2.6300662755966187,6.850683212280273,-2.364531993865967,-2.5794970989227295,1.0,7.6591215011453215,7.659121510214506,True,5.86,-3.39,1.14,391.1,8.86,72680.0,True,NASA_CDAWEB_OMNI_HRO_1MIN,False
2024-11-24 21:02:00,,,,,,,,,,,False,False,6.92054557800293,-1.9798085689544678,-2.713611602783203,6.92054557800293,-2.0344430208206177,-2.670016050338745,1.0,7.740249346075267,7.74024930214426,True,4.99,-1.0,3.27,,,,False,NASA_CDAWEB_OMNI_HRO_1MIN,False
2024-11-24 21:03:00,,,,,,,,,,,False,False,6.925312042236328,-2.343902826309204,-2.43781840801239,6.925312042236328,-2.3858206272125244,-2.387722134590149,1.0,7.768997963234627,7.7689979740482205,True,5.72,-2.31,2.32,390.2,8.3,64061.0,True,NASA_CDAWEB_OMNI_HRO_1MIN,False
2024-11-24 21:04:00,,,,,,,,,,,False,False,6.807924509048462,-2.264564037322998,-2.530006527900696,6.807924509048462,-2.313005208969116,-2.487926483154297,1.0,7.644039281576507,7.644039318238754,True,5.15,-0.98,3.99,390.2,8.3,64061.0,True,NASA_CDAWEB_OMNI_HRO_1MIN,False
2024-11-24 21:05:00,,,,,,,,,,,False,False,6.839193820953369,-2.0256871581077576,-2.8768556118011475,6.839193820953369,-2.0708810091018677,-2.841402292251587,1.0,7.62130743694558,7.62130745852638,True,4.95,-0.38,3.74,388.1,7.71,74579.0,True,NASA_CDAWEB_OMNI_HRO_1MIN,False
2024-11-24 21:06:00,,,,,,,,,,,False,False,6.968824625015259,-1.6691300868988037,-2.227539539337158,6.968824625015259,-1.7149699330329895,-2.200424551963806,1.0,7.593362667078413,7.593362660385251,True,4.96,-0.95,3.26,397.5,7.38,71442.0,True,NASA_CDAWEB_OMNI_HRO_1MIN,False
2024-11-24 21:07:00,,,,,,,,,,,False,False,7.258370876312256,-0.23163392208516598,-1.6666465997695923,7.258370876312256,-0.25343705527484417,-1.6645482778549194,1.0,7.5021739450602345,7.5021739473105535,True,5.48,-1.48,3.51,413.2,6.82,66164.0,True,NASA_CDAWEB_OMNI_HRO_1MIN,False
2024-11-24 21:08:00,,,,,,,,,,,False,False,6.933685302734375,0.12686944007873535,-2.7041141986846924,6.933685302734375,0.08257320523262024,-2.7024871110916138,1.0,7.47366720441533,7.4736671580232725,True,4.96,-1.36,3.13,,,,False,NASA_CDAWEB_OMNI_HRO_1MIN,False
2024-11-24 21:09:00,,,,,,,,,,,False,False,6.435792446136475,-1.5480977296829224,-3.7332494258880615,6.435792446136475,-1.6072115302085876,-3.7081987857818604,1.0,7.659739565800892,7.659739566308281,True,4.21,0.84,4.92,402.0,7.37,58818.0,True,NASA_CDAWEB_OMNI_HRO_1MIN,False
2024-11-24 21:10:00,,,,,,,,,,,False,False,6.087621450424194,-2.4966931343078613,-3.9281883239746094,6.087621450424194,-2.5550358295440674,-3.889420747756958,1.0,7.696258589953865,7.696258576630279,True,5.33,-2.93,1.75,402.0,7.37,58818.0,True,NASA_CDAWEB_OMNI_HRO_1MIN,False
2024-11-24 21:11:00,,,,,,,,,,,False,False,5.991779327392578,-2.333798885345459,-3.909940719604492,5.991779327392578,-2.3934943675994873,-3.8730374574661255,1.0,7.497350772122319,7.49735068038329,True,5.25,-0.68,4.31,,,,False,NASA_CDAWEB_OMNI_HRO_1MIN,False
2024-11-24 21:12:00,,,,,,,,,,,False,False,6.5157389640808105,-2.008902847766876,-3.157375693321228,6.5157389640808105,-2.054684638977051,-3.128196358680725,1.0,7.457622634869878,7.457622644273672,True,5.32,-0.66,4.28,395.8,8.31,98892.0,True,NASA_CDAWEB_OMNI_HRO_1MIN,False
2024-11-24 21:13:00,,,,,,,,,,,False,False,6.450921535491943,-2.173916459083557,-2.6455243825912476,6.450921535491943,-2.2151496410369873,-2.611468553543091,1.0,7.387201048122224,7.38720105152151,True,3.21,-5.28,-1.99,402.7,8.03,83046.0,True,NASA_CDAWEB_OMNI_HRO_1MIN,False
2024-11-24 21:14:00,,,,,,,,,,,False,False,6.792469024658203,0.19261589273810387,-1.3621415197849274,6.792469024658203,0.1580735445022583,-1.3733793497085571,1.0,7.163360360809505,7.163360393451451,True,2.82,-5.83,-2.74,407.6,7.38,56396.0,True,NASA_CDAWEB_OMNI_HRO_1MIN,False
2024-11-24 21:15:00,,,,,,,,,,,False,False,5.58015513420105,-2.8159297704696655,2.2188755869865417,5.58015513420105,-2.8075212240219116,2.2551223635673523,1.0,7.105147657667633,7.105147652834509,True,3.29,-5.08,-3.28,405.2,7.56,57903.0,True,NASA_CDAWEB_OMNI_HRO_1MIN,False
2024-11-24 21:16:00,,,,,,,,,,,False,False,4.579922437667847,-4.951390743255615,2.31264328956604,4.579922437667847,-4.9198009967803955,2.3792176842689514,1.0,7.353243369560014,7.35324344452991,True,3.65,-4.51,-2.22,397.2,8.16,73443.0,True,NASA_CDAWEB_OMNI_HRO_1MIN,False
2024-11-24 21:17:00,,,,,,,,,,,False,False,5.360785961151123,-4.676210880279541,-0.25695234537124634,5.360785961151123,-4.693851709365845,-0.1919519454240799,1.0,7.320531417317715,7.320531437977913,True,3.78,-5.03,-2.99,400.9,7.58,61008.0,True,NASA_CDAWEB_OMNI_HRO_1MIN,False
2024-11-24 21:18:00,,,,,,,,,,,False,False,5.269637823104858,-4.974008321762085,-3.3595759868621826,5.269637823104858,-5.016696929931641,-3.295501708984375,1.0,7.784669337268255,7.784669423163682,True,3.18,-4.81,-4.08,401.2,7.4,57520.0,True,NASA_CDAWEB_OMNI_HRO_1MIN,False
2024-11-24 21:19:00,,,,,,,,,,,False,False,5.196383953094482,-5.182931423187256,-2.5893359184265137,5.196383953094482,-5.218095064163208,-2.522813081741333,1.0,7.864719778942188,7.864719808730953,True,3.92,-4.38,-3.15,404.2,7.5,57858.0,True,NASA_CDAWEB_OMNI_HRO_1MIN,False
2024-11-24 21:20:00,,,,,,,,,,,False,False,5.618520975112915,-5.033508539199829,-2.6994248628616333,5.618520975112915,-5.06627345085144,-2.6374224424362183,1.0,8.00641065562369,8.006410729573702,True,4.58,-4.16,-2.53,398.8,7.9,69857.0,True,NASA_CDAWEB_OMNI_HRO_1MIN,False
2024-11-24 21:21:00,,,,,,,,,,,False,False,6.180850028991699,-4.505674362182617,-2.354785442352295,6.180850028991699,-4.5332396030426025,-2.301977753639221,1.0,7.977695186788225,7.977695228831614,True,4.91,-4.33,-1.91,396.1,7.52,70077.0,True,NASA_CDAWEB_OMNI_HRO_1MIN,False
2024-11-24 21:22:00,,,,,,,,,,,False,False,5.805196523666382,-4.8272106647491455,-2.662426233291626,5.805196523666382,-4.859679698944092,-2.607567071914673,1.0,8.047169910176628,8.047169943944745,True,4.28,-4.41,-3.09,398.0,7.56,67134.0,True,NASA_CDAWEB_OMNI_HRO_1MIN,False
2024-11-24 21:23:00,,,,,,,,,,,False,False,6.010857105255127,-4.86944317817688,-2.305287003517151,6.010857105255127,-4.892562627792358,-2.252427577972412,1.0,8.04696087474688,8.046960898152111,True,3.98,-4.6,-3.26,397.0,7.5,66321.0,True,NASA_CDAWEB_OMNI_HRO_1MIN,False
2024-11-24 21:24:00,,,,,,,,,,,False,False,6.073338985443115,-4.8761889934539795,-2.194994568824768,6.073338985443115,-4.900262117385864,-2.140562057495117,1.0,8.103306238804544,8.103306277660174,True,3.92,-4.41,-3.8,398.1,7.21,64617.0,True,NASA_CDAWEB_OMNI_HRO_1MIN,False
2024-11-24 21:25:00,,,,,,,,,,,False,False,5.919708013534546,-5.092422008514404,-2.2054775953292847,5.919708013534546,-5.112471342086792,-2.150409460067749,1.0,8.05206548926586,8.052065432884557,True,3.88,-4.53,-3.71,398.9,7.31,60813.0,True,NASA_CDAWEB_OMNI_HRO_1MIN,False
2024-11-24 21:26:00,,,,,,,,,,,False,False,6.269145488739014,-4.789336204528809,-1.067258596420288,6.269145488739014,-4.797687292098999,-1.017194241285324,1.0,7.955166626825308,7.955166635617548,True,3.19,-5.1,-3.75,400.4,7.53,62263.0,True,NASA_CDAWEB_OMNI_HRO_1MIN,False
2024-11-24 21:27:00,,,,,,,,,,,False,False,6.4160308837890625,-4.64021635055542,-1.195885419845581,6.4160308837890625,-4.649292945861816,-1.1513993740081787,1.0,7.973003870396034,7.973003938387322,True,3.63,-4.85,-3.67,398.0,7.8,61883.0,True,NASA_CDAWEB_OMNI_HRO_1MIN,False
2024-11-24 21:28:00,,,,,,,,,,,False,False,5.256047010421753,-5.226893186569214,-2.4315826892852783,5.256047010421753,-5.256140470504761,-2.378310441970825,1.0,7.927318929763149,7.927318991428848,True,4.88,-4.25,-2.71,395.7,7.14,61219.0,True,NASA_CDAWEB_OMNI_HRO_1MIN,False
2024-11-24 21:29:00,,,,,,,,,,,False,False,4.5932700634002686,-5.445053577423096,-3.616428017616272,4.5932700634002686,-5.4796411991119385,-3.5637776851654053,1.0,7.955894786987976,7.955894805981884,True,4.18,-4.43,-3.88,396.9,7.03,58559.0,True,NASA_CDAWEB_OMNI_HRO_1MIN,False
2024-11-24 21:30:00,,,,,,,,,,,False,False,4.994676351547241,-5.575159072875977,-3.3941115140914917,4.994676351547241,-5.6062304973602295,-3.348160147666931,1.0,8.195338438843752,8.195338454557398,True,3.78,-3.58,-5.13,402.4,6.82,51223.0,True,NASA_CDAWEB_OMNI_HRO_1MIN,False
2024-11-24 21:31:00,,,,,,,,,,,False,False,5.658380746841431,-4.215498208999634,-3.7632687091827393,5.658380746841431,-4.250410795211792,-3.724095582962036,1.0,8.017002331119649,8.01700240912746,True,2.32,-3.77,-5.8,411.1,7.4,58187.0,True,NASA_CDAWEB_OMNI_HRO_1MIN,False
2024-11-24 21:32:00,,,,,,,,,,,False,False,5.795698881149292,-3.5553563833236694,-4.478106260299683,5.795698881149292,-3.5882277488708496,-4.448723077774048,1.0,8.073163190437059,8.073163184409776,True,2.47,-3.13,-6.06,411.5,7.78,59033.0,True,NASA_CDAWEB_OMNI_HRO_1MIN,False
2024-11-24 21:33:00,,,,,,,,,,,False,False,6.065573215484619,-2.5485645532608032,-4.546955823898315,6.065573215484619,-2.5908901691436768,-4.523796558380127,1.0,8.067762670270751,8.067762734847236,True,3.23,-3.6,-5.08,413.9,6.7,46781.0,True,NASA_CDAWEB_OMNI_HRO_1MIN,False
2024-11-24 21:34:00,,,,,,,,,,,False,False,5.619722604751587,-2.9004979133605957,-4.318893671035767,5.619722604751587,-2.940348744392395,-4.291220426559448,1.0,8.175864520278385,8.175864429102095,True,4.29,-3.93,-3.94,397.8,7.27,62717.0,True,NASA_CDAWEB_OMNI_HRO_1MIN,False
2024-11-24 21:35:00,,,,,,,,,,,False,False,5.866963624954224,-3.617218017578125,-4.087091088294983,5.866963624954224,-3.6498780250549316,-4.058486104011536,1.0,8.055868676099536,8.055868708911255,True,3.73,-3.39,-4.85,406.3,7.12,55473.0,True,NASA_CDAWEB_OMNI_HRO_1MIN,False
2024-11-24 21:36:00,,,,,,,,,,,False,False,5.930539608001709,-3.8057843446731567,-3.8898801803588867,5.930539608001709,-3.834838628768921,-3.861981987953186,1.0,7.946531555453465,7.946531428065028,True,3.7,-3.04,-4.98,408.8,7.01,55223.0,True,NASA_CDAWEB_OMNI_HRO_1MIN,False
2024-11-24 21:37:00,,,,,,,,,,,False,False,5.9384706020355225,-4.31344199180603,-3.278201460838318,5.9384706020355225,-4.338463306427002,-3.2464438676834106,1.0,7.963330180631321,7.9633301466341635,True,4.31,-3.61,-4.13,397.8,7.0,59309.0,True,NASA_CDAWEB_OMNI_HRO_1MIN,False
2024-11-24 21:38:00,,,,,,,,,,,False,False,5.669755935668945,-4.373159408569336,-3.289207100868225,5.669755935668945,-4.396888494491577,-3.257452964782715,1.0,8.07584447405749,8.075844499903965,True,1.79,-3.22,-6.46,421.8,7.4,50390.0,True,NASA_CDAWEB_OMNI_HRO_1MIN,False
2024-11-24 21:39:00,,,,,,,,,,,False,False,5.4765777587890625,-4.076918601989746,-4.316894054412842,5.4765777587890625,-4.106824636459351,-4.288450241088867,1.0,8.149705772010897,8.149705896790609,True,1.96,-2.81,-6.44,421.7,7.4,50313.0,True,NASA_CDAWEB_OMNI_HRO_1MIN,False
2024-11-24 21:40:00,,,,,,,,,,,False,False,5.553847551345825,-4.272288799285889,-4.513772964477539,5.553847551345825,-4.301651239395142,-4.485291004180908,1.0,8.274145247379625,8.274145158188574,True,2.93,-1.75,-6.67,414.5,6.3,40271.0,True,NASA_CDAWEB_OMNI_HRO_1MIN,False
2024-11-24 21:41:00,,,,,,,,,,,False,False,4.058539867401123,-4.339197874069214,-5.818718194961548,4.058539867401123,-4.377649784088135,-5.789703130722046,1.0,8.475518898685436,8.47551879361292,True,1.88,-4.09,-6.31,414.5,6.3,40271.0,True,NASA_CDAWEB_OMNI_HRO_1MIN,False
2024-11-24 21:42:00,,,,,,,,,,,False,False,4.283061146736145,-4.57476544380188,-5.396020174026489,4.283061146736145,-4.608820676803589,-5.368470668792725,1.0,8.311688279670907,8.311688523235539,True,0.05,-5.07,-6.18,,,,False,NASA_CDAWEB_OMNI_HRO_1MIN,False
2024-11-24 21:43:00,,,,,,,,,,,False,False,4.967714786529541,-5.048623085021973,-4.454288959503174,4.967714786529541,-5.077469110488892,-4.425071716308594,1.0,8.342784694427712,8.342784778928216,True,1.16,-3.95,-6.82,428.3,6.45,33696.0,True,NASA_CDAWEB_OMNI_HRO_1MIN,False
2024-11-24 21:44:00,,,,,,,,,,,False,False,5.864298105239868,-3.788117527961731,-4.486810207366943,5.864298105239868,-3.8137784004211426,-4.462135314941406,1.0,8.277044920562453,8.277044906327092,True,0.85,-5.1,-5.34,428.3,6.45,33696.0,True,NASA_CDAWEB_OMNI_HRO_1MIN,False
2024-11-24 21:45:00,,,,,,,,,,,False,False,5.44771146774292,-3.5681155920028687,-5.262206792831421,5.44771146774292,-3.5970089435577393,-5.241922378540039,1.0,8.407308959695449,8.40730890735679,True,0.39,-5.26,-5.46,433.0,8.63,50251.0,True,NASA_CDAWEB_OMNI_HRO_1MIN,False
2024-11-24 21:46:00,,,,,,,,,,,False,False,5.075212240219116,-4.0548107624053955,-4.61380410194397,5.075212240219116,-4.078675746917725,-4.588759183883667,1.0,8.163752512623805,8.163752705625074,True,-0.1,-5.68,-4.62,432.8,8.6,50145.0,True,NASA_CDAWEB_OMNI_HRO_1MIN,False
2024-11-24 21:47:00,,,,,,,,,,,False,False,5.8250298500061035,-3.5338507890701294,-4.56949520111084,5.8250298500061035,-3.557747721672058,-4.553588151931763,1.0,8.265014578479285,8.2650145614898,True,-0.08,-5.13,-5.97,425.1,7.64,46574.0,True,NASA_CDAWEB_OMNI_HRO_1MIN,False
2024-11-24 21:48:00,,,,,,,,,,,False,False,5.689246416091919,-1.9094197154045105,-5.1686787605285645,5.689246416091919,-1.9346879720687866,-5.159269332885742,1.0,8.23319708013264,8.23319705794911,True,0.37,-5.3,-5.91,424.5,7.67,47411.0,True,NASA_CDAWEB_OMNI_HRO_1MIN,False
2024-11-24 21:49:00,,,,,,,,,,,False,False,0.8189270794391632,-6.903111457824707,0.8487444669008255,0.8189270794391632,-6.892885446548462,0.8834172189235687,1.0,7.958339634006842,7.958339573324815,True,1.17,-5.68,-5.51,421.2,8.12,55875.0,True,NASA_CDAWEB_OMNI_HRO_1MIN,False
2024-11-24 21:50:00,,,,,,,,,,,False,False,-1.1627485156059265,-8.068626403808594,2.5517126321792603,-1.1627485156059265,-8.059279203414917,2.587307572364807,1.0,8.597331684485994,8.597331702216538,True,1.36,-5.81,-5.38,420.5,8.14,56248.0,True,NASA_CDAWEB_OMNI_HRO_1MIN,False
2024-11-24 21:51:00,,,,,,,,,,,False,False,0.8836453557014465,-6.045068264007568,1.3134840726852417,0.8836453557014465,-6.038288116455078,1.3477725982666016,1.0,8.261465191073242,8.261465332324814,True,1.37,-5.89,-5.38,415.1,8.24,59082.0,True,NASA_CDAWEB_OMNI_HRO_1MIN,False
2024-11-24 21:52:00,,,,,,,,,,,False,False,3.5132596492767334,-7.785268306732178,1.5142641067504883,3.5132596492767334,-7.7822136878967285,1.5444712042808533,1.0,8.633189368056343,8.633189693027806,True,1.31,-5.65,-5.74,415.1,8.24,59082.0,True,NASA_CDAWEB_OMNI_HRO_1MIN,False
2024-11-24 21:53:00,,,,,,,,,,,False,False,2.0922871828079224,-7.9277801513671875,-2.357817053794861,2.0922871828079224,-7.936791896820068,-2.3272761702537537,1.0,8.718369704289163,8.718369563689574,True,1.47,-5.21,-6.18,416.4,7.78,54741.0,True,NASA_CDAWEB_OMNI_HRO_1MIN,False
2024-11-24 21:54:00,,,,,,,,,,,False,False,-0.3450429365038872,-8.688019275665283,-1.3264138102531433,-0.3450429365038872,-8.691126346588135,-1.2948384284973145,1.0,8.94868724432536,8.948687310983939,True,1.17,-4.5,-6.6,419.1,7.91,51054.0,True,NASA_CDAWEB_OMNI_HRO_1MIN,False
2024-11-24 21:55:00,,,,,,,,,,,False,False,3.325562000274658,-8.23891830444336,-1.7898375988006592,3.325562000274658,-8.24470853805542,-1.7615857124328613,1.0,9.000148999408879,9.00014917240403,True,-0.52,-4.2,-7.27,429.1,8.47,49644.0,True,NASA_CDAWEB_OMNI_HRO_1MIN,False
2024-11-24 21:56:00,,,,,,,,,,,False,False,3.2664250135421753,-8.00991940498352,-2.352779507637024,3.2664250135421753,-8.017348051071167,-2.32737135887146,1.0,9.014567343797196,9.014567293539063,True,1.01,-3.6,-7.44,422.1,8.66,52545.0,True,NASA_CDAWEB_OMNI_HRO_1MIN,False
2024-11-24 21:57:00,,,,,,,,,,,False,False,3.188594937324524,-7.679180145263672,-3.5600215196609497,3.188594937324524,-7.689788579940796,-3.537986636161804,1.0,9.162624628018378,9.162624596275126,True,1.53,-2.67,-7.66,419.5,8.41,54617.0,True,NASA_CDAWEB_OMNI_HRO_1MIN,False
2024-11-24 21:58:00,,,,,,,,,,,False,False,3.1262810230255127,-7.230577707290649,-4.491316556930542,3.1262810230255127,-7.242985248565674,-4.4710493087768555,1.0,9.281708925587953,9.281708898055586,True,1.0,-3.74,-7.19,421.5,8.13,58053.0,True,NASA_CDAWEB_OMNI_HRO_1MIN,False
2024-11-24 21:59:00,,,,,,,,,,,False,False,2.023852825164795,-6.228450298309326,-6.303325891494751,2.023852825164795,-6.245368957519531,-6.286562919616699,1.0,9.206260564424248,9.206260504036848,True,1.23,-4.4,-6.9,418.1,9.45,64135.0,True,NASA_CDAWEB_OMNI_HRO_1MIN,False
2024-11-24 22:00:00,,,,,,,,,,,False,False,2.037273406982422,-6.6175477504730225,-6.148976564407349,2.037273406982422,-6.6329474449157715,-6.1333253383636475,1.0,9.217934897731539,9.217935109326351,True,1.11,-4.62,-6.83,426.9,8.17,50467.0,True,NASA_CDAWEB_OMNI_HRO_1MIN,False
2024-11-24 22:01:00,,,,,,,,,,,False,False,3.159854531288147,-6.793208599090576,-5.627954721450806,3.159854531288147,-6.8067097663879395,-5.612576007843018,1.0,9.385812252288297,9.385812075522146,True,0.69,-4.58,-6.79,426.8,8.13,51001.0,True,NASA_CDAWEB_OMNI_HRO_1MIN,False
2024-11-24 22:02:00,,,,,,,,,,,False,False,2.264687418937683,-6.846784353256226,-5.909592390060425,2.264687418937683,-6.859075307846069,-5.8949878215789795,1.0,9.427617557430633,9.427617643338131,True,0.54,-5.08,-6.71,426.0,7.99,51650.0,True,NASA_CDAWEB_OMNI_HRO_1MIN,False
2024-11-24 22:03:00,,,,,,,,,,,False,False,1.9884050488471985,-6.080195426940918,-6.649579763412476,1.9884050488471985,-6.093379497528076,-6.637949466705322,1.0,9.344878863032175,9.344878911388694,True,-1.25,-5.16,-6.34,427.2,7.66,47373.0,True,NASA_CDAWEB_OMNI_HRO_1MIN,False
2024-11-24 22:04:00,,,,,,,,,,,False,False,4.035944104194641,-4.924093008041382,-6.897113084793091,4.035944104194641,-4.936413288116455,-6.888415575027466,1.0,9.44903814103108,9.44903800156359,True,0.33,-1.39,-6.97,436.1,7.46,39234.0,True,NASA_CDAWEB_OMNI_HRO_1MIN,False
2024-11-24 22:05:00,,,,,,,,,,,False,False,4.4669904708862305,-3.800512671470642,-7.450690984725952,4.4669904708862305,-3.81209659576416,-7.444591045379639,1.0,9.46966416222056,9.469664008734929,True,1.87,-2.8,-7.32,433.0,7.61,41307.0,True,NASA_CDAWEB_OMNI_HRO_1MIN,False
2024-11-24 22:06:00,,,,,,,,,,,False,False,5.2370898723602295,-2.9026055335998535,-7.060746669769287,5.2370898723602295,-2.913254737854004,-7.056784629821777,1.0,9.226308966324737,9.226308884063723,True,1.73,-3.02,-7.15,416.7,8.26,49215.0,True,NASA_CDAWEB_OMNI_HRO_1MIN,False
2024-11-24 22:07:00,,,,,,,,,,,False,False,6.308594465255737,-4.643096208572388,-4.315088748931885,6.308594465255737,-4.648580312728882,-4.309580564498901,1.0,8.909911872230193,8.909911878131044,True,1.91,-3.07,-7.12,418.8,7.84,49439.0,True,NASA_CDAWEB_OMNI_HRO_1MIN,False
2024-11-24 22:08:00,,,,,,,,,,,False,False,5.833228826522827,-2.8681620359420776,-6.469582796096802,5.833228826522827,-2.875386953353882,-6.466507434844971,1.0,9.055690670071503,9.055690553690535,True,1.53,-2.5,-7.28,413.3,7.31,47828.0,True,NASA_CDAWEB_OMNI_HRO_1MIN,False
2024-11-24 22:09:00,,,,,,,,,,,False,False,6.72710108757019,-2.7678062915802,-5.193143844604492,6.72710108757019,-2.7726927995681763,-5.19048547744751,1.0,8.962566075608994,8.962566152600044,True,1.3,-3.95,-7.03,425.1,9.2,64692.0,True,NASA_CDAWEB_OMNI_HRO_1MIN,False
2024-11-24 22:10:00,,,,,,,,,,,False,False,6.928738117218018,-1.3546952605247498,-5.8834228515625,6.928738117218018,-1.3598113059997559,-5.8829286098480225,1.0,9.03415440577756,9.034154349516974,True,-0.23,-4.59,-6.82,425.1,9.2,64692.0,True,NASA_CDAWEB_OMNI_HRO_1MIN,False
2024-11-24 22:11:00,,,,,,,,,,,False,False,6.952652215957642,-1.0640495717525482,-5.98886513710022,6.952652215957642,-1.068150818347931,-5.988133192062378,1.0,9.180545896696644,9.180545975064383,True,-1.23,-5.37,-6.76,422.7,8.46,56436.0,True,NASA_CDAWEB_OMNI_HRO_1MIN,False
2024-11-24 22:12:00,,,,,,,,,,,False,False,6.155131816864014,-1.3819169998168945,-6.450719356536865,6.155131816864014,-1.38569575548172,-6.45041561126709,1.0,9.0614345907181,9.061434527969315,True,0.68,-4.45,-7.05,426.0,7.16,40454.0,True,NASA_CDAWEB_OMNI_HRO_1MIN,False
2024-11-24 22:13:00,,,,,,,,,,,False,False,5.852132081985474,0.9255353212356567,-6.731046915054321,5.852132081985474,0.922842413187027,-6.731442213058472,1.0,9.045345170183763,9.045345255856706,True,0.81,-5.08,-7.1,432.9,7.23,40207.0,True,NASA_CDAWEB_OMNI_HRO_1MIN,False
2024-11-24 22:14:00,,,,,,,,,,,False,False,5.449162483215332,1.4236633758991957,-6.081719875335693,5.449162483215332,1.4218366425484419,-6.0819761753082275,1.0,8.78913629445692,8.789136271382635,True,0.26,-5.08,-7.12,,,,False,NASA_CDAWEB_OMNI_HRO_1MIN,False
2024-11-24 22:15:00,,,,,,,,,,,False,False,4.613300085067749,0.1754027884453535,-6.953972101211548,4.613300085067749,0.17438900470733643,-6.9540746212005615,1.0,8.482628244351204,8.482628127201483,True,0.18,-5.37,-6.98,428.3,8.42,59879.0,True,NASA_CDAWEB_OMNI_HRO_1MIN,False
2024-11-24 22:16:00,,,,,,,,,,,False,False,4.5125648975372314,-1.5111879110336304,-7.075844764709473,4.5125648975372314,-1.5114893317222595,-7.07585334777832,1.0,8.501577079519503,8.501577004002483,True,0.46,-5.05,-7.19,428.3,8.42,59879.0,True,NASA_CDAWEB_OMNI_HRO_1MIN,False
2024-11-24 22:17:00,,,,,,,,,,,False,False,6.1138739585876465,-0.5179005116224289,-5.590837001800537,6.1138739585876465,-0.5173876583576202,-5.590903997421265,1.0,8.47571454776028,8.475714466784964,True,0.02,-5.51,-6.74,428.3,8.42,59879.0,True,NASA_CDAWEB_OMNI_HRO_1MIN,False
2024-11-24 22:18:00,,,,,,,,,,,False,False,6.115988254547119,-1.0380987226963043,-5.99235463142395,6.115988254547119,-1.0369024574756622,-5.992461204528809,1.0,8.608562641803854,8.60856262511304,True,-0.72,-6.25,-6.03,433.5,8.33,49072.0,True,NASA_CDAWEB_OMNI_HRO_1MIN,False
2024-11-24 22:19:00,,,,,,,,,,,False,False,3.674277663230896,-5.945815801620483,-5.503431558609009,3.674277663230896,-5.944021940231323,-5.505611181259155,1.0,8.856472325320539,8.85647235096482,True,-1.31,-6.86,-5.25,433.5,8.33,49072.0,True,NASA_CDAWEB_OMNI_HRO_1MIN,False
2024-11-24 22:20:00,,,,,,,,,,,False,False,3.2269257307052612,-6.417117118835449,-5.194507837295532,3.2269257307052612,-6.414731979370117,-5.197321891784668,1.0,8.963984044587718,8.963984140540209,True,-1.64,-7.21,-4.58,,,,False,NASA_CDAWEB_OMNI_HRO_1MIN,False
2024-11-24 22:21:00,,,,,,,,,,,False,False,4.955021619796753,-5.393839597702026,-5.18502140045166,4.955021619796753,-5.390879392623901,-5.188042402267456,1.0,8.996335616141106,8.996335540435602,True,-0.26,-6.44,-4.88,422.3,8.09,49615.0,True,NASA_CDAWEB_OMNI_HRO_1MIN,False
2024-11-24 22:22:00,,,,,,,,,,,False,False,5.310766220092773,-4.995987415313721,-5.314677715301514,5.310766220092773,-4.992416143417358,-5.317883491516113,1.0,8.981701125395146,8.981701123386317,True,-1.33,-6.62,-4.77,427.9,8.39,52732.0,True,NASA_CDAWEB_OMNI_HRO_1MIN,False
2024-11-24 22:23:00,,,,,,,,,,,False,False,4.951503276824951,-4.943774461746216,-5.502951383590698,4.951503276824951,-4.939592123031616,-5.506505012512207,1.0,8.908082341001734,8.908082371773016,True,0.63,-4.07,-7.08,429.8,10.46,66124.0,True,NASA_CDAWEB_OMNI_HRO_1MIN,False
2024-11-24 22:24:00,,,,,,,,,,,False,False,4.886608600616455,-5.412546396255493,-4.998466968536377,4.886608600616455,-5.4082417488098145,-5.003125905990601,1.0,8.86253424287634,8.862534430452886,True,1.52,-4.19,-7.32,429.8,10.46,66124.0,True,NASA_CDAWEB_OMNI_HRO_1MIN,False
2024-11-24 22:25:00,,,,,,,,,,,False,False,4.341216087341309,-5.638530969619751,-5.17168116569519,4.341216087341309,-5.633699178695679,-5.177273273468018,1.0,8.866224673989139,8.86622463763613,True,1.27,-5.53,-6.59,,,,False,NASA_CDAWEB_OMNI_HRO_1MIN,False
2024-11-24 22:26:00,,,,,,,,,,,False,False,4.337329268455505,-5.771073579788208,-5.160542011260986,4.337329268455505,-5.765778064727783,-5.166781663894653,1.0,8.8985311072935,8.898531224838308,True,0.96,-5.86,-6.53,421.2,8.74,57393.0,True,NASA_CDAWEB_OMNI_HRO_1MIN,False
2024-11-24 22:27:00,,,,,,,,,,,False,False,3.5418448448181152,-6.807767868041992,-4.55888819694519,3.5418448448181152,-6.802458047866821,-4.56638240814209,1.0,8.97106822646201,8.971068022218002,True,0.84,-6.14,-6.22,422.3,8.47,53005.0,True,NASA_CDAWEB_OMNI_HRO_1MIN,False
2024-11-24 22:28:00,,,,,,,,,,,False,False,3.133062958717346,-7.296422243118286,-4.362307071685791,3.133062958717346,-7.291073322296143,-4.37075138092041,1.0,9.091479184594228,9.091479341378996,True,-0.11,-4.94,-7.25,424.3,7.99,45070.0,True,NASA_CDAWEB_OMNI_HRO_1MIN,False
2024-11-24 22:29:00,,,,,,,,,,,False,False,3.0712708234786987,-7.216846227645874,-4.747718811035156,3.0712708234786987,-7.210443735122681,-4.756828308105469,1.0,9.190345737370855,9.19034569970351,True,0.21,-5.84,-6.58,,,,False,NASA_CDAWEB_OMNI_HRO_1MIN,False
2024-11-24 22:30:00,,,,,,,,,,,False,False,3.355615735054016,-7.0762550830841064,-4.633784055709839,3.355615735054016,-7.06965184211731,-4.643651962280273,1.0,9.21949414821097,9.219494303236392,True,0.33,-6.7,-5.81,,,,False,NASA_CDAWEB_OMNI_HRO_1MIN,False
2024-11-24 22:31:00,,,,,,,,,,,False,False,2.351160407066345,-8.360479354858398,-3.3057862520217896,2.351160407066345,-8.355819702148438,-3.318054676055908,1.0,9.247814081678445,9.247814027200258,True,0.78,-6.34,-6.19,,,,False,NASA_CDAWEB_OMNI_HRO_1MIN,False
2024-11-24 22:32:00,,,,,,,,,,,False,False,1.810584008693695,-8.523212909698486,-3.2107726335525513,1.810584008693695,-8.518295288085938,-3.2234389781951904,1.0,9.324530777698765,9.324530861157395,True,0.56,-6.52,-6.06,417.7,7.72,46388.0,True,NASA_CDAWEB_OMNI_HRO_1MIN,False
2024-11-24 22:33:00,,,,,,,,,,,False,False,1.6997129917144775,-7.908246040344238,-3.664025068283081,1.6997129917144775,-7.903779029846191,-3.67709219455719,1.0,8.941267186501765,8.941267131920025,True,0.64,-6.66,-5.86,417.7,7.72,46388.0,True,NASA_CDAWEB_OMNI_HRO_1MIN,False
2024-11-24 22:34:00,,,,,,,,,,,False,False,2.3581656217575073,-7.040534257888794,-4.4576966762542725,2.3581656217575073,-7.032517194747925,-4.468190670013428,1.0,8.612468948847745,8.612469162746494,True,0.32,-6.28,-6.2,420.5,7.66,42050.0,True,NASA_CDAWEB_OMNI_HRO_1MIN,False
2024-11-24 22:35:00,,,,,,,,,,,False,False,0.5576278120279312,-8.174763202667236,-3.234526753425598,0.5576278120279312,-8.169338703155518,-3.2482945919036865,1.0,8.760800257880573,8.76080030337236,True,-0.96,-7.42,-4.63,422.8,7.61,38603.0,True,NASA_CDAWEB_OMNI_HRO_1MIN,False
2024-11-24 22:36:00,,,,,,,,,,,False,False,1.3778250217437744,-7.148694276809692,-5.054947376251221,1.3778250217437744,-7.139888525009155,-5.067396640777588,1.0,8.838529668065298,8.83852972293966,True,-3.22,-8.01,-2.03,442.8,7.98,43555.0,True,NASA_CDAWEB_OMNI_HRO_1MIN,False
2024-11-24 22:37:00,,,,,,,,,,,False,False,2.1877224445343018,-6.740271091461182,-5.227952241897583,2.1877224445343018,-6.730887174606323,-5.2400290966033936,1.0,8.722820012414868,8.722819999162896,True,-2.27,-8.24,-1.94,440.2,8.15,45644.0,True,NASA_CDAWEB_OMNI_HRO_1MIN,False
2024-11-24 22:38:00,,,,,,,,,,,False,False,2.0048088431358337,-4.846863031387329,-6.743810176849365,2.0048088431358337,-4.834494352340698,-6.752673864364624,1.0,8.760333084255047,8.760333123167506,True,-1.99,-8.23,-2.06,438.7,8.23,46690.0,True,NASA_CDAWEB_OMNI_HRO_1MIN,False
2024-11-24 22:39:00,,,,,,,,,,,False,False,0.9722174406051636,-2.7285834550857544,-8.490401268005371,0.9722174406051636,-2.7126376628875732,-8.495611667633057,1.0,8.947460649704173,8.947461047949808,True,-1.29,-8.37,-1.99,433.4,7.61,40867.0,True,NASA_CDAWEB_OMNI_HRO_1MIN,False
2024-11-24 22:40:00,,,,,,,,,,,False,False,2.6666648387908936,-4.912522554397583,-6.440074920654297,2.6666648387908936,-4.9002416133880615,-6.4497480392456055,1.0,8.715265990891686,8.715265995183227,True,-1.27,-8.23,-2.33,433.4,7.61,40867.0,True,NASA_CDAWEB_OMNI_HRO_1MIN,False
2024-11-24 22:41:00,,,,,,,,,,,False,False,2.6767457723617554,-5.99816107749939,-5.6127095222473145,2.6767457723617554,-5.986401557922363,-5.623897314071655,1.0,8.779385106180873,8.779385022276204,True,-0.46,-8.3,-2.23,433.4,7.61,40867.0,True,NASA_CDAWEB_OMNI_HRO_1MIN,False
2024-11-24 22:42:00,,,,,,,,,,,False,False,1.6030696630477905,-5.966440439224243,-6.31035852432251,1.6030696630477905,-5.954021215438843,-6.322357654571533,1.0,8.821769172869136,8.82176929254539,True,-0.46,-8.16,-3.08,,,,False,NASA_CDAWEB_OMNI_HRO_1MIN,False
2024-11-24 22:43:00,,,,,,,,,,,False,False,2.214761108160019,-6.806160926818848,-3.6935653686523438,2.214761108160019,-6.798279762268066,-3.7057770490646362,1.0,8.45633605336351,8.45633596240722,True,-0.51,-8.22,-2.4,,,,False,NASA_CDAWEB_OMNI_HRO_1MIN,False
2024-11-24 22:44:00,,,,,,,,,,,False,False,4.33071231842041,-5.88137149810791,-3.7462698221206665,4.33071231842041,-5.873389720916748,-3.7578916549682617,1.0,8.402302690430421,8.402302555161953,True,-0.25,-7.55,-4.26,431.1,7.82,52543.0,True,NASA_CDAWEB_OMNI_HRO_1MIN,False
2024-11-24 22:45:00,,,,,,,,,,,False,False,-1.2129573822021484,-7.69986367225647,-2.9335122108459473,-1.2129573822021484,-7.69348669052124,-2.9489740133285522,1.0,8.485735074977793,8.48573521886998,True,-0.23,-7.35,-4.9,431.1,7.82,52543.0,True,NASA_CDAWEB_OMNI_HRO_1MIN,False
2024-11-24 22:46:00,,,,,,,,,,,False,False,-0.9032165110111237,-7.704967021942139,-3.934244155883789,-0.9032165110111237,-7.697261810302734,-3.950401782989502,1.0,8.739623239658464,8.73962309713456,True,-0.12,-7.47,-4.8,431.1,7.82,52543.0,True,NASA_CDAWEB_OMNI_HRO_1MIN,False
2024-11-24 22:47:00,,,,,,,,,,,False,False,0.5547021329402924,-6.621800422668457,-5.68207859992981,0.5547021329402924,-6.610027551651001,-5.696025371551514,1.0,8.664622409173603,8.664622382262648,True,-1.28,-7.05,-5.02,,,,False,NASA_CDAWEB_OMNI_HRO_1MIN,False
2024-11-24 22:48:00,,,,,,,,,,,False,False,1.1142893433570862,-5.8381805419921875,-6.145734786987305,1.1142893433570862,-5.825353145599365,-6.158036231994629,1.0,8.63193489770936,8.631935044897048,True,-1.09,-7.57,-4.23,434.3,7.92,48625.0,True,NASA_CDAWEB_OMNI_HRO_1MIN,False
2024-11-24 22:49:00,,,,,,,,,,,False,False,1.9529070258140564,-5.497859954833984,-6.313455820083618,1.9529070258140564,-5.484269618988037,-6.325517892837524,1.0,8.573092637704871,8.573092492309392,True,-1.44,-7.28,-4.64,434.3,7.92,48625.0,True,NASA_CDAWEB_OMNI_HRO_1MIN,False
2024-11-24 22:50:00,,,,,,,,,,,False,False,1.0679498314857483,-5.290311336517334,-6.803562641143799,1.0679498314857483,-5.275803327560425,-6.814535856246948,1.0,8.633233933177788,8.633233930743756,True,-2.22,-6.86,-4.89,,,,False,NASA_CDAWEB_OMNI_HRO_1MIN,False
2024-11-24 22:51:00,,,,,,,,,,,False,False,0.7023811638355255,-5.0470921993255615,-6.807354688644409,0.7023811638355255,-5.032616853713989,-6.818063020706177,1.0,8.50175573161794,8.501755724747767,True,-2.28,-6.95,-4.74,,,,False,NASA_CDAWEB_OMNI_HRO_1MIN,False
2024-11-24 22:52:00,,,,,,,,,,,False,False,-1.3426769375801086,-7.367199659347534,-4.385514259338379,-1.3426769375801086,-7.358373403549194,-4.401194095611572,1.0,8.63578730694205,8.63578740572797,True,-2.54,-6.93,-4.67,438.1,9.16,54996.0,True,NASA_CDAWEB_OMNI_HRO_1MIN,False
2024-11-24 22:53:00,,,,,,,,,,,False,False,-2.1984277963638306,-7.142074346542358,-4.04764986038208,-2.1984277963638306,-7.133972406387329,-4.062915205955505,1.0,8.605493142319022,8.605492893181275,True,-2.57,-6.85,-4.83,438.1,9.16,54996.0,True,NASA_CDAWEB_OMNI_HRO_1MIN,False
2024-11-24 22:54:00,,,,,,,,,,,False,False,-1.0173538625240326,-7.046084642410278,-4.366641044616699,-1.0173538625240326,-7.036397457122803,-4.3816077709198,1.0,8.4630293991936,8.463029673188375,True,-2.77,-7.05,-4.46,438.1,9.16,54996.0,True,NASA_CDAWEB_OMNI_HRO_1MIN,False
2024-11-24 22:55:00,,,,,,,,,,,False,False,-0.022805016487836838,-6.680911302566528,-4.885914325714111,-0.022805016487836838,-6.67069149017334,-4.899858236312866,1.0,8.351036494070339,8.351036448253247,True,-2.64,-6.91,-4.76,,,,False,NASA_CDAWEB_OMNI_HRO_1MIN,False
2024-11-24 22:56:00,,,,,,,,,,,False,False,-2.0971102714538574,-6.425077438354492,-5.048199415206909,-2.0971102714538574,-6.414645195007324,-5.061448097229004,1.0,8.517326363167104,8.517326449362242,True,-2.52,-7.23,-4.39,,,,False,NASA_CDAWEB_OMNI_HRO_1MIN,False
2024-11-24 22:57:00,,,,,,,,,,,False,False,-1.3852514028549194,-6.6140851974487305,-5.166811227798462,-1.3852514028549194,-6.604286193847656,-5.180450916290283,1.0,8.537671703726046,8.537671683122865,True,-2.97,-7.45,-3.78,437.9,9.42,59689.0,True,NASA_CDAWEB_OMNI_HRO_1MIN,False
2024-11-24 22:58:00,,,,,,,,,,,False,False,-2.431968927383423,-7.161389589309692,-3.9246742725372314,-2.431968927383423,-7.153536558151245,-3.939411997795105,1.0,8.610112393607796,8.610112350510033,True,-3.25,-7.45,-3.41,437.9,9.42,59689.0,True,NASA_CDAWEB_OMNI_HRO_1MIN,False
2024-11-24 22:59:00,,,,,,,,,,,False,False,-0.9282317757606506,-6.774056673049927,-5.258115530014038,-0.9282317757606506,-6.763571262359619,-5.271594762802124,1.0,8.565894770249027,8.565894602594051,True,-1.97,-6.7,-4.86,,,,False,NASA_CDAWEB_OMNI_HRO_1MIN,False
2024-11-24 23:00:00,,,,,,,,,,,False,False,-2.2038662433624268,-6.840554475784302,-4.904156446456909,-2.2038662433624268,-6.830776691436768,-4.917467832565308,1.0,8.736326252832363,8.736326208705488,True,-2.77,-7.09,-4.29,439.5,8.8,53979.0,True,NASA_CDAWEB_OMNI_HRO_1MIN,False
2024-11-24 23:01:00,,,,,,,,,,,False,False,-3.3239697217941284,-6.738240003585815,-4.304072618484497,-3.3239697217941284,-6.729869842529297,-4.317108631134033,1.0,8.658804686507825,8.658804738336537,True,-3.06,-7.39,-3.55,439.5,8.8,53979.0,True,NASA_CDAWEB_OMNI_HRO_1MIN,False
2024-11-24 23:02:00,,,,,,,,,,,False,False,-2.1928176879882812,-6.939728260040283,-4.581671476364136,-2.1928176879882812,-6.9310386180877686,-4.594894647598267,1.0,8.53409891784829,8.534098850435498,True,-2.4,-7.7,-3.45,439.5,8.8,53979.0,True,NASA_CDAWEB_OMNI_HRO_1MIN,False
2024-11-24 23:03:00,,,,,,,,,,,False,False,-1.961262285709381,-6.49424147605896,-5.087384939193726,-1.961262285709381,-6.484908103942871,-5.099451541900635,1.0,8.456826866513069,8.456826974812166,True,-2.21,-6.88,-5.23,438.2,9.31,66485.0,True,NASA_CDAWEB_OMNI_HRO_1MIN,False
2024-11-24 23:04:00,,,,,,,,,,,False,False,-2.7777926921844482,-6.835773944854736,-3.7431520223617554,-2.7777926921844482,-6.829153299331665,-3.755757212638855,1.0,8.327320967471698,8.327320811080703,True,-2.38,-6.85,-5.17,438.2,9.28,64732.0,True,NASA_CDAWEB_OMNI_HRO_1MIN,False
2024-11-24 23:05:00,,,,,,,,,,,False,False,-2.2551790475845337,-7.3927295207977295,-3.6186894178390503,-2.2551790475845337,-7.3864147663116455,-3.63155996799469,1.0,8.574834345836408,8.574834396129631,True,-1.12,-8.3,-2.01,438.5,9.09,52472.0,True,NASA_CDAWEB_OMNI_HRO_1MIN,False
2024-11-24 23:06:00,,,,,,,,,,,False,False,-2.7563458681106567,-7.422427415847778,-3.090390682220459,-2.7563458681106567,-7.417638301849365,-3.1031512022018433,1.0,8.509776487384542,8.509776252546418,True,-0.8,-8.76,-1.23,433.7,8.7,50207.0,True,NASA_CDAWEB_OMNI_HRO_1MIN,False
2024-11-24 23:07:00,,,,,,,,,,,False,False,-3.670181155204773,-7.436739206314087,-1.9596984386444092,-3.670181155204773,-7.4338765144348145,-1.9720313549041748,1.0,8.599619612233596,8.599619661882631,True,-0.81,-8.63,-1.87,431.1,8.5,49003.0,True,NASA_CDAWEB_OMNI_HRO_1MIN,False
2024-11-24 23:08:00,,,,,,,,,,,False,False,-3.2506994009017944,-7.691491365432739,-1.9259099960327148,-3.2506994009017944,-7.688209533691406,-1.9379608035087585,1.0,8.617158750248704,8.617158637425383,True,-0.89,-8.16,-3.2,431.5,9.7,65725.0,True,NASA_CDAWEB_OMNI_HRO_1MIN,False
2024-11-24 23:09:00,,,,,,,,,,,False,False,-3.521155834197998,-7.299371242523193,-2.7897820472717285,-3.521155834197998,-7.295194149017334,-2.800686240196228,1.0,8.571588926702812,8.571588975890425,True,-1.0,-7.57,-2.94,431.6,9.96,69322.0,True,NASA_CDAWEB_OMNI_HRO_1MIN,False
2024-11-24 23:10:00,,,,,,,,,,,False,False,-3.257573127746582,-7.237494945526123,-3.024575352668762,-3.257573127746582,-7.233141660690308,-3.034966826438904,1.0,8.49344568229812,8.493445699138809,True,-2.46,-6.82,-3.15,427.5,9.19,58680.0,True,NASA_CDAWEB_OMNI_HRO_1MIN,False
2024-11-24 23:11:00,,,,,,,,,,,False,False,-3.0072686672210693,-7.826547145843506,-1.5094820261001587,-3.0072686672210693,-7.823825836181641,-1.5204259157180786,1.0,8.59575176965242,8.59575161608693,True,-1.09,-6.87,-0.08,433.0,9.28,60591.0,True,NASA_CDAWEB_OMNI_HRO_1MIN,False
2024-11-24 23:12:00,,,,,,,,,,,False,False,-2.4889674186706543,-7.983994960784912,-1.6671029329299927,-2.4889674186706543,-7.9821741580963135,-1.67731511592865,1.0,8.599493796092455,8.599493582142017,True,-1.0,-6.41,-1.36,445.9,9.82,69336.0,True,NASA_CDAWEB_OMNI_HRO_1MIN,False
2024-11-24 23:13:00,,,,,,,,,,,False,False,-0.07826299965381622,-6.87661337852478,-3.833763599395752,-0.07826299965381622,-6.872083902359009,-3.8419021368026733,1.0,8.515265917053162,8.515266029385458,True,-1.35,-6.98,-1.01,421.8,9.72,62529.0,True,NASA_CDAWEB_OMNI_HRO_1MIN,False
2024-11-24 23:14:00,,,,,,,,,,,False,False,1.809657335281372,-6.730883598327637,-5.120108604431152,1.809657335281372,-6.725571632385254,-5.127720355987549,1.0,8.705523192173121,8.705523264235879,True,-2.73,-6.69,-1.4,450.3,10.1,73487.0,True,NASA_CDAWEB_OMNI_HRO_1MIN,False
2024-11-24 23:15:00,,,,,,,,,,,False,False,1.5650115013122559,-6.263251781463623,-5.119994640350342,1.5650115013122559,-6.257421493530273,-5.126793384552002,1.0,8.574283242029177,8.574283078015608,True,-3.02,-6.43,-2.04,438.5,9.05,57304.0,True,NASA_CDAWEB_OMNI_HRO_1MIN,False
2024-11-24 23:16:00,,,,,,,,,,,False,False,1.6945407390594482,-5.668646574020386,-4.594066858291626,1.6945407390594482,-5.663388252258301,-4.6008620262146,1.0,8.614349064459834,8.614349119827649,True,-4.36,-5.59,-3.83,434.6,8.89,55552.0,True,NASA_CDAWEB_OMNI_HRO_1MIN,False
2024-11-24 23:17:00,,,,,,,,,,,False,False,1.8786644339561462,-5.4049389362335205,-6.8682966232299805,1.8786644339561462,-5.399332523345947,-6.87283730506897,1.0,8.92704471877737,8.927044822791016,True,-4.52,-5.15,-4.81,451.4,9.92,73984.0,True,NASA_CDAWEB_OMNI_HRO_1MIN,False
2024-11-24 23:18:00,,,,,,,,,,,False,False,1.3586045503616333,-5.7850751876831055,-6.850996255874634,1.3586045503616333,-5.779892921447754,-6.855368375778198,1.0,9.051750426732553,9.051750495431463,True,-2.98,-5.95,-4.65,442.6,9.12,68144.0,True,NASA_CDAWEB_OMNI_HRO_1MIN,False
2024-11-24 23:19:00,,,,,,,,,,,False,False,1.3373555541038513,-5.789496660232544,-6.663629531860352,1.3373555541038513,-5.785393476486206,-6.667247772216797,1.0,8.95007867955557,8.950078704248083,True,-1.24,-6.44,-4.64,438.4,8.91,65246.0,True,NASA_CDAWEB_OMNI_HRO_1MIN,False
2024-11-24 23:20:00,,,,,,,,,,,False,False,1.876164972782135,-4.469059944152832,-7.587926387786865,1.876164972782135,-4.4651100635528564,-7.5904014110565186,1.0,9.003164779260342,9.003164741301042,True,-0.96,-5.8,-5.11,438.4,9.75,60854.0,True,NASA_CDAWEB_OMNI_HRO_1MIN,False
2024-11-24 23:21:00,,,,,,,,,,,False,False,1.6214338541030884,-4.0337233543396,-7.754441499710083,1.6214338541030884,-4.030330181121826,-7.756204605102539,1.0,8.89849519002994,8.898495196326877,True,-0.07,-5.25,-6.29,438.1,10.56,61372.0,True,NASA_CDAWEB_OMNI_HRO_1MIN,False
2024-11-24 23:22:00,,,,,,,,,,,False,False,2.141107439994812,-2.5606260299682617,-8.04164981842041,2.141107439994812,-2.558176040649414,-8.042431354522705,1.0,8.778901133040137,8.778901416783183,True,-1.25,-6.54,-4.83,,,,False,NASA_CDAWEB_OMNI_HRO_1MIN,False
2024-11-24 23:23:00,,,,,,,,,,,False,False,1.3231607377529144,-4.7135279178619385,-7.2705512046813965,1.3231607377529144,-4.712325096130371,-7.271372079849243,1.0,8.86499162274927,8.864991594484776,True,-1.88,-5.82,-5.13,,,,False,NASA_CDAWEB_OMNI_HRO_1MIN,False
2024-11-24 23:24:00,,,,,,,,,,,False,False,0.9366519451141357,-4.246250152587891,-7.56036114692688,0.9366519451141357,-4.245678186416626,-7.560810089111328,1.0,8.716117061976059,8.716117026650835,True,2.83,-6.72,1.36,416.8,7.47,55948.0,True,NASA_CDAWEB_OMNI_HRO_1MIN,False
2024-11-24 23:25:00,,,,,,,,,,,False,False,1.5392681956291199,-4.782830715179443,-7.311997890472412,1.5392681956291199,-4.783034086227417,-7.311755895614624,1.0,8.797428734012797,8.797428820824496,True,0.44,-5.9,2.02,416.8,7.47,55948.0,True,NASA_CDAWEB_OMNI_HRO_1MIN,False
2024-11-24 23:26:00,,,,,,,,,,,False,False,1.6578866839408875,-1.9034801721572876,-8.040078401565552,1.6578866839408875,-1.9048412889242172,-8.039871215820312,1.0,8.671342835333798,8.671342851596437,True,2.26,-6.49,-0.9,416.8,7.47,55948.0,True,NASA_CDAWEB_OMNI_HRO_1MIN,False
2024-11-24 23:27:00,,,,,,,,,,,False,False,2.3717626333236694,-0.8637681901454926,-8.157956600189209,2.3717626333236694,-0.8662859499454498,-8.157828330993652,1.0,8.646365772148505,8.646365445413284,True,3.36,-7.07,3.21,407.6,9.49,64218.0,True,NASA_CDAWEB_OMNI_HRO_1MIN,False
2024-11-24 23:28:00,,,,,,,,,,,False,False,1.653199553489685,-1.0620866417884827,-8.575583457946777,1.653199553489685,-1.0661274790763855,-8.575090885162354,1.0,8.77371301878739,8.773713216823655,True,1.7,-6.98,0.82,407.6,9.49,64218.0,True,NASA_CDAWEB_OMNI_HRO_1MIN,False
2024-11-24 23:29:00,,,,,,,,,,,False,False,1.9191291332244873,-0.89908367395401,-8.382590770721436,1.9191291332244873,-0.9038106203079224,-8.38208293914795,1.0,8.64996827688962,8.64996810017822,True,2.95,-7.77,-0.67,411.3,9.72,75988.0,True,NASA_CDAWEB_OMNI_HRO_1MIN,False
2024-11-24 23:30:00,,,,,,,,,,,False,False,2.3571165800094604,-1.9645838141441345,-8.199117183685303,2.3571165800094604,-1.9706785678863525,-8.197657108306885,1.0,8.756234933633262,8.756235106593657,True,1.47,-6.72,-3.91,411.3,9.72,75988.0,True,NASA_CDAWEB_OMNI_HRO_1MIN,False
2024-11-24 23:31:00,,,,,,,,,,,False,False,2.1854889392852783,-1.5007527470588684,-8.328715324401855,2.1854889392852783,-1.5080718994140625,-8.327395915985107,1.0,8.853137934873462,8.853137909728375,True,2.91,-5.9,-5.23,411.1,9.06,59309.0,True,NASA_CDAWEB_OMNI_HRO_1MIN,False
2024-11-24 23:32:00,,,,,,,,,,,False,False,3.1292741298675537,-3.0934242010116577,-7.4971113204956055,3.1292741298675537,-3.101297616958618,-7.494153261184692,1.0,8.716194170368109,8.716194103304808,True,1.5,-6.16,-4.51,411.1,9.06,59309.0,True,NASA_CDAWEB_OMNI_HRO_1MIN,False
2024-11-24 23:33:00,,,,,,,,,,,False,False,2.7970985174179077,-3.017194151878357,-7.592367887496948,2.7970985174179077,-3.0267527103424072,-7.5884785652160645,1.0,8.658111193032237,8.658111150892434,True,2.31,-7.39,-3.76,411.6,9.41,57878.0,True,NASA_CDAWEB_OMNI_HRO_1MIN,False
2024-11-24 23:34:00,,,,,,,,,,,False,False,2.9566266536712646,-0.858367383480072,-7.943681001663208,2.9566266536712646,-0.8694291114807129,-7.942810297012329,1.0,8.580748999191021,8.580749241010686,True,2.13,-6.48,-4.45,415.7,9.98,62398.0,True,NASA_CDAWEB_OMNI_HRO_1MIN,False
2024-11-24 23:35:00,,,,,,,,,,,False,False,2.106999397277832,-3.560952663421631,-7.2695958614349365,2.106999397277832,-3.5721341371536255,-7.263898134231567,1.0,8.458990901229036,8.458990824239724,True,3.21,-6.74,-3.91,427.9,11.73,76227.0,True,NASA_CDAWEB_OMNI_HRO_1MIN,False
2024-11-24 23:36:00,,,,,,,,,,,False,False,0.45342421531677246,-4.9474687576293945,-6.890950441360474,0.45342421531677246,-4.959266662597656,-6.882613182067871,1.0,8.531351863086902,8.53135184860376,True,1.71,-5.97,-5.48,414.6,10.06,85396.0,True,NASA_CDAWEB_OMNI_HRO_1MIN,False
2024-11-24 23:37:00,,,,,,,,,,,False,False,-0.5457925498485565,-3.924697518348694,-7.460408926010132,-0.5457925498485565,-3.93832528591156,-7.453230857849121,1.0,8.445611284537375,8.445611425320987,True,1.5,-6.35,-5.18,420.3,9.91,70071.0,True,NASA_CDAWEB_OMNI_HRO_1MIN,False
2024-11-24 23:38:00,,,,,,,,,,,False,False,0.7949464023113251,-2.7331238985061646,-8.006525993347168,0.7949464023113251,-2.7493761777877808,-8.000960111618042,1.0,8.528861028700547,8.528861485426436,True,1.41,-6.25,-5.34,420.5,9.65,60896.0,True,NASA_CDAWEB_OMNI_HRO_1MIN,False
2024-11-24 23:39:00,,,,,,,,,,,False,False,2.4082802534103394,-3.6079790592193604,-6.169853925704956,2.4082802534103394,-3.621448040008545,-6.161907911300659,1.0,8.470082056260019,8.470082092339748,True,1.28,-5.57,-6.13,410.8,9.13,60343.0,True,NASA_CDAWEB_OMNI_HRO_1MIN,False
2024-11-24 23:40:00,,,,,,,,,,,False,False,3.722159504890442,-2.952949643135071,-7.254488706588745,3.722159504890442,-2.970506191253662,-7.2473273277282715,1.0,8.393672321445148,8.393672134413304,True,0.23,-4.99,-6.85,426.9,9.11,59490.0,True,NASA_CDAWEB_OMNI_HRO_1MIN,False
2024-11-24 23:41:00,,,,,,,,,,,False,False,2.8340797424316406,-4.051546216011047,-7.137112855911255,2.8340797424316406,-4.069827079772949,-7.1250035762786865,1.0,8.751794300933634,8.75179422327627,True,4.02,-2.96,-7.16,418.3,8.78,55641.0,True,NASA_CDAWEB_OMNI_HRO_1MIN,False
2024-11-24 23:42:00,,,,,,,,,,,False,False,3.2079418897628784,-3.552851438522339,-7.364219903945923,3.2079418897628784,-3.5731576681137085,-7.3556437492370605,1.0,8.61098999194251,8.610990148744797,True,2.91,-2.47,-7.06,408.2,8.26,49107.0,True,NASA_CDAWEB_OMNI_HRO_1MIN,False
2024-11-24 23:43:00,,,,,,,,,,,False,False,2.55615496635437,-3.3982222080230713,-7.546532392501831,2.55615496635437,-3.4203161001205444,-7.535767078399658,1.0,8.814997982444414,8.814997721098894,True,2.53,-1.93,-7.13,434.0,10.31,77409.0,True,NASA_CDAWEB_OMNI_HRO_1MIN,False
2024-11-24 23:44:00,,,,,,,,,,,False,False,3.432255506515503,-2.408602237701416,-7.424067258834839,3.432255506515503,-2.43224835395813,-7.416354179382324,1.0,8.800181882457064,8.800181804831627,True,3.54,-1.82,-6.88,417.6,9.54,69320.0,True,NASA_CDAWEB_OMNI_HRO_1MIN,False
2024-11-24 23:45:00,,,,,,,,,,,False,False,1.296830177307129,-5.064747333526611,-6.786227703094482,1.296830177307129,-5.087474822998047,-6.7692084312438965,1.0,8.718573246767303,8.718573200134106,True,2.98,-1.57,-7.19,403.3,8.9,62675.0,True,NASA_CDAWEB_OMNI_HRO_1MIN,False
2024-11-24 23:46:00,,,,,,,,,,,False,False,0.9985386729240417,-4.5775535106658936,-7.322723865509033,0.9985386729240417,-4.6028828620910645,-7.3053138256073,1.0,8.817506255184952,8.817506266370643,True,2.12,-2.47,-7.03,411.1,9.66,74622.0,True,NASA_CDAWEB_OMNI_HRO_1MIN,False
2024-11-24 23:47:00,,,,,,,,,,,False,False,1.6093905568122864,-3.4136857986450195,-7.8413403034210205,1.6093905568122864,-3.444151520729065,-7.828315734863281,1.0,8.820380283622736,8.820380382730093,True,2.34,-1.78,-7.34,412.3,9.54,73534.0,True,NASA_CDAWEB_OMNI_HRO_1MIN,False
2024-11-24 23:48:00,,,,,,,,,,,False,False,2.3424606323242188,-4.027543544769287,-7.42732048034668,2.3424606323242188,-4.057175159454346,-7.411174535751343,1.0,8.821704880508811,8.821705219523526,True,2.48,-3.1,-7.08,414.1,9.39,72010.0,True,NASA_CDAWEB_OMNI_HRO_1MIN,False
2024-11-24 23:49:00,,,,,,,,,,,False,False,2.1694756746292114,-3.669958233833313,-7.723113059997559,2.1694756746292114,-3.7026413679122925,-7.707010507583618,1.0,8.857987220688909,8.857987056198699,True,2.51,-1.98,-7.17,422.9,8.93,61854.0,True,NASA_CDAWEB_OMNI_HRO_1MIN,False
2024-11-24 23:50:00,,,,,,,,,,,False,False,2.3477197885513306,-3.998656392097473,-7.647092580795288,2.3477197885513306,-4.032750844955444,-7.630768537521362,1.0,8.869649898002152,8.86964978921816,True,1.13,-1.68,-7.36,423.8,8.86,60406.0,True,NASA_CDAWEB_OMNI_HRO_1MIN,False
2024-11-24 23:51:00,,,,,,,,,,,False,False,2.6688802242279053,-4.1515045166015625,-7.354685068130493,2.6688802242279053,-4.185851812362671,-7.336255311965942,1.0,8.86235154713544,8.862351732084802,True,1.1,-2.27,-6.84,421.8,8.91,61426.0,True,NASA_CDAWEB_OMNI_HRO_1MIN,False
2024-11-24 23:52:00,,,,,,,,,,,False,False,4.016384601593018,-3.506918787956238,-7.204242467880249,4.016384601593018,-3.5407334566116333,-7.187503337860107,1.0,8.854804189195999,8.854804330470849,True,2.61,-0.99,-6.04,417.4,8.19,58328.0,True,NASA_CDAWEB_OMNI_HRO_1MIN,False
2024-11-24 23:53:00,,,,,,,,,,,False,False,2.682526111602783,-4.118844270706177,-7.350450754165649,2.682526111602783,-4.155536890029907,-7.329786062240601,1.0,8.807800037138328,8.807800078696317,True,2.8,-0.55,-5.97,417.4,8.19,58328.0,True,NASA_CDAWEB_OMNI_HRO_1MIN,False
2024-11-24 23:54:00,,,,,,,,,,,False,False,3.031252861022949,-3.514745354652405,-7.500269174575806,3.031252861022949,-3.554316997528076,-7.481595277786255,1.0,8.853170741036596,8.85317072175095,True,3.21,-1.05,-5.42,,,,False,NASA_CDAWEB_OMNI_HRO_1MIN,False
2024-11-24 23:55:00,,,,,,,,,,,False,False,2.6735340356826782,-6.112298965454102,-5.343549489974976,2.6735340356826782,-6.144335746765137,-5.310664653778076,1.0,8.620113500580192,8.620113449152289,True,2.69,-1.19,-5.29,,,,False,NASA_CDAWEB_OMNI_HRO_1MIN,False
2024-11-24 23:56:00,,,,,,,,,,,False,False,2.9360008239746094,-5.071272134780884,-6.285445213317871,2.9360008239746094,-5.108938932418823,-6.258117198944092,1.0,8.655903777679661,8.65590390169476,True,3.69,-4.9,-5.03,405.9,10.76,83042.0,True,NASA_CDAWEB_OMNI_HRO_1MIN,False
2024-11-24 23:57:00,,,,,,,,,,,False,False,3.5124441385269165,-4.058814287185669,-6.734386920928955,3.5124441385269165,-4.099198341369629,-6.709912061691284,1.0,8.710456194824454,8.71045609041784,True,-0.43,-5.24,-5.68,417.6,11.39,80639.0,True,NASA_CDAWEB_OMNI_HRO_1MIN,False
2024-11-24 23:58:00,,,,,,,,,,,False,False,3.149006485939026,-4.803565263748169,-6.5165135860443115,3.149006485939026,-4.845401287078857,-6.487072944641113,1.0,8.65075039518433,8.650750471071728,True,0.37,-5.54,-5.76,429.6,9.98,60807.0,True,NASA_CDAWEB_OMNI_HRO_1MIN,False
2024-11-24 23:59:00,,,,,,,,,,,False,False,3.764090061187744,-4.191788196563721,-6.594991683959961,3.764090061187744,-4.2344160079956055,-6.567284345626831,1.0,8.812795926284794,8.812795929021075,True,-0.13,-6.11,-4.19,433.1,9.52,57144.0,True,NASA_CDAWEB_OMNI_HRO_1MIN,False
2024-11-25 00:00:00,,,,,,,,,,,False,False,,,,,,,,,,False,0.3,-6.75,-3.43,430.7,9.44,62612.0,True,NASA_CDAWEB_OMNI_HRO_1MIN,False
2024-11-25 00:01:00,,,,,,,,,,,False,False,,,,,,,,,,False,-0.73,-6.56,-4.6,428.4,10.0,66947.0,True,NASA_CDAWEB_OMNI_HRO_1MIN,False
2024-11-25 00:02:00,,,,,,,,,,,False,False,,,,,,,,,,False,,,,427.9,10.19,68302.0,False,NASA_CDAWEB_OMNI_HRO_1MIN,False
2024-11-25 00:03:00,,,,,,,,,,,False,False,,,,,,,,,,False,,,,,,,False,NASA_CDAWEB_OMNI_HRO_1MIN,False
2024-11-25 00:04:00,,,,,,,,,,,False,False,,,,,,,,,,False,,,,,,,False,NASA_CDAWEB_OMNI_HRO_1MIN,False
2024-11-25 00:05:00,,,,,,,,,,,False,False,,,,,,,,,,False,,,,,,,False,NASA_CDAWEB_OMNI_HRO_1MIN,False
2024-11-25 00:06:00,,,,,,,,,,,False,False,,,,,,,,,,False,,,,,,,False,NASA_CDAWEB_OMNI_HRO_1MIN,False
2024-11-25 00:07:00,,,,,,,,,,,False,False,,,,,,,,,,False,,,,,,,False,NASA_CDAWEB_OMNI_HRO_1MIN,False
2024-11-25 00:08:00,,,,,,,,,,,False,False,,,,,,,,,,False,,,,,,,False,NASA_CDAWEB_OMNI_HRO_1MIN,False
2024-11-25 00:09:00,,,,,,,,,,,False,False,,,,,,,,,,False,,,,,,,False,NASA_CDAWEB_OMNI_HRO_1MIN,False
2024-11-25 00:10:00,,,,,,,,,,,False,False,,,,,,,,,,False,,,,,,,False,NASA_CDAWEB_OMNI_HRO_1MIN,False
2024-11-25 00:11:00,,,,,,,,,,,False,False,,,,,,,,,,False,,,,,,,False,NASA_CDAWEB_OMNI_HRO_1MIN,False
2024-11-25 00:12:00,,,,,,,,,,,False,False,,,,,,,,,,False,,,,,,,False,NASA_CDAWEB_OMNI_HRO_1MIN,False
2024-11-25 00:13:00,,,,,,,,,,,False,False,,,,,,,,,,False,-0.96,-4.55,-6.96,,,,False,NASA_CDAWEB_OMNI_HRO_1MIN,False
2024-11-25 00:14:00,,,,,,,,,,,False,False,,,,,,,,,,False,,,,,,,False,NASA_CDAWEB_OMNI_HRO_1MIN,False
2024-11-25 00:15:00,,,,,,,,,,,False,False,,,,,,,,,,False,,,,,,,False,NASA_CDAWEB_OMNI_HRO_1MIN,False
2024-11-25 00:16:00,,,,,,,,,,,False,False,,,,,,,,,,False,,,,,,,False,NASA_CDAWEB_OMNI_HRO_1MIN,False
2024-11-25 00:17:00,,,,,,,,,,,False,False,,,,,,,,,,False,,,,,,,False,NASA_CDAWEB_OMNI_HRO_1MIN,False
2024-11-25 00:18:00,,,,,,,,,,,False,False,,,,,,,,,,False,,,,,,,False,NASA_CDAWEB_OMNI_HRO_1MIN,False
2024-11-25 00:19:00,,,,,,,,,,,False,False,,,,,,,,,,False,,,,,,,False,NASA_CDAWEB_OMNI_HRO_1MIN,False
2024-11-25 00:20:00,,,,,,,,,,,False,False,,,,,,,,,,False,,,,,,,False,NASA_CDAWEB_OMNI_HRO_1MIN,False
2024-11-25 00:21:00,,,,,,,,,,,False,False,,,,,,,,,,False,,,,,,,False,NASA_CDAWEB_OMNI_HRO_1MIN,False
2024-11-25 00:22:00,,,,,,,,,,,False,False,,,,,,,,,,False,,,,,,,False,NASA_CDAWEB_OMNI_HRO_1MIN,False
2024-11-25 00:23:00,,,,,,,,,,,False,False,,,,,,,,,,False,-0.23,-4.8,-6.9,,,,False,NASA_CDAWEB_OMNI_HRO_1MIN,False
2024-11-25 00:24:00,,,,,,,,,,,False,False,,,,,,,,,,False,,,,,,,False,NASA_CDAWEB_OMNI_HRO_1MIN,False
2024-11-25 00:25:00,,,,,,,,,,,False,False,,,,,,,,,,False,-0.49,-7.13,-4.45,,,,False,NASA_CDAWEB_OMNI_HRO_1MIN,False
2024-11-25 00:26:00,,,,,,,,,,,False,False,,,,,,,,,,False,-1.15,-4.72,-5.32,,,,False,NASA_CDAWEB_OMNI_HRO_1MIN,False
2024-11-25 00:27:00,,,,,,,,,,,False,False,,,,,,,,,,False,-1.52,-3.12,-6.28,442.2,10.46,78364.0,True,NASA_CDAWEB_OMNI_HRO_1MIN,False
2024-11-25 00:28:00,,,,,,,,,,,False,False,,,,,,,,,,False,-0.27,-5.99,-4.92,442.2,10.46,78364.0,True,NASA_CDAWEB_OMNI_HRO_1MIN,False
2024-11-25 00:29:00,,,,,,,,,,,False,False,,,,,,,,,,False,-1.41,-4.48,-5.9,427.8,9.24,68777.0,True,NASA_CDAWEB_OMNI_HRO_1MIN,False
2024-11-25 00:30:00,,,,,,,,,,,False,False,,,,,,,,,,False,-2.16,-3.17,-7.09,425.2,9.01,67007.0,True,NASA_CDAWEB_OMNI_HRO_1MIN,False
2024-11-25 00:31:00,,,,,,,,,,,False,False,,,,,,,,,,False,-1.1,-5.57,-5.84,429.7,11.25,73812.0,True,NASA_CDAWEB_OMNI_HRO_1MIN,False
2024-11-25 00:32:00,,,,,,,,,,,False,False,,,,,,,,,,False,-0.85,-4.92,-5.76,429.7,11.27,73859.0,True,NASA_CDAWEB_OMNI_HRO_1MIN,False
2024-11-25 00:33:00,,,,,,,,,,,False,False,,,,,,,,,,False,-0.98,-5.3,-5.58,,,,False,NASA_CDAWEB_OMNI_HRO_1MIN,False
2024-11-25 00:34:00,,,,,,,,,,,False,False,,,,,,,,,,False,0.48,-7.4,-3.61,,,,False,NASA_CDAWEB_OMNI_HRO_1MIN,False
2024-11-25 00:35:00,,,,,,,,,,,False,False,,,,,,,,,,False,-4.11,-2.94,-6.66,,,,False,NASA_CDAWEB_OMNI_HRO_1MIN,False
2024-11-25 00:36:00,,,,,,,,,,,False,False,,,,,,,,,,False,0.45,-7.32,-3.59,423.5,10.26,88562.0,True,NASA_CDAWEB_OMNI_HRO_1MIN,False
2024-11-25 00:37:00,,,,,,,,,,,False,False,,,,,,,,,,False,-2.21,-5.92,-4.81,423.5,10.26,88562.0,True,NASA_CDAWEB_OMNI_HRO_1MIN,False
2024-11-25 00:38:00,,,,,,,,,,,False,False,,,,,,,,,,False,0.38,-7.59,-3.21,423.0,9.72,83325.0,True,NASA_CDAWEB_OMNI_HRO_1MIN,False
2024-11-25 00:39:00,,,,,,,,,,,False,False,,,,,,,,,,False,-0.42,-7.59,-2.73,422.8,9.13,76851.0,True,NASA_CDAWEB_OMNI_HRO_1MIN,False
2024-11-25 00:40:00,,,,,,,,,,,False,False,,,,,,,,,,False,-1.62,-7.75,-1.68,428.9,9.58,74734.0,True,NASA_CDAWEB_OMNI_HRO_1MIN,False
2024-11-25 00:41:00,,,,,,,,,,,False,False,,,,,,,,,,False,-0.02,-6.88,-3.21,429.5,9.62,74537.0,True,NASA_CDAWEB_OMNI_HRO_1MIN,False
2024-11-25 00:42:00,,,,,,,,,,,False,False,,,,,,,,,,False,3.85,-4.24,-5.65,,,,False,NASA_CDAWEB_OMNI_HRO_1MIN,False
2024-11-25 00:43:00,,,,,,,,,,,False,False,,,,,,,,,,False,4.93,-4.96,-3.95,,,,False,NASA_CDAWEB_OMNI_HRO_1MIN,False
2024-11-25 00:44:00,,,,,,,,,,,False,False,,,,,,,,,,False,3.85,-6.1,-3.19,,,,False,NASA_CDAWEB_OMNI_HRO_1MIN,False
2024-11-25 00:45:00,,,,,,,,,,,False,False,,,,,,,,,,False,3.27,-6.14,-4.01,407.9,10.05,90003.0,True,NASA_CDAWEB_OMNI_HRO_1MIN,False
2024-11-25 00:46:00,,,,,,,,,,,False,False,,,,,,,,,,False,5.79,-4.49,-2.91,407.9,10.05,90003.0,True,NASA_CDAWEB_OMNI_HRO_1MIN,False
2024-11-25 00:47:00,,,,,,,,,,,False,False,,,,,,,,,,False,6.65,-4.09,-2.01,407.9,10.05,90003.0,True,NASA_CDAWEB_OMNI_HRO_1MIN,False
2024-11-25 00:48:00,,,,,,,,,,,False,False,,,,,,,,,,False,6.96,-3.94,-1.52,,,,False,NASA_CDAWEB_OMNI_HRO_1MIN,False
2024-11-25 00:49:00,,,,,,,,,,,False,False,,,,,,,,,,False,7.22,-3.78,-1.29,,,,False,NASA_CDAWEB_OMNI_HRO_1MIN,False
2024-11-25 00:50:00,,,,,,,,,,,False,False,,,,,,,,,,False,6.91,-4.21,-1.7,,,,False,NASA_CDAWEB_OMNI_HRO_1MIN,False
2024-11-25 00:51:00,,,,,,,,,,,False,False,,,,,,,,,,False,6.4,-4.8,-1.82,,,,False,NASA_CDAWEB_OMNI_HRO_1MIN,False
2024-11-25 00:52:00,,,,,,,,,,,False,False,,,,,,,,,,False,5.98,-5.01,-1.76,383.1,9.79,96413.0,True,NASA_CDAWEB_OMNI_HRO_1MIN,False
2024-11-25 00:53:00,,,,,,,,,,,False,False,,,,,,,,,,False,,,,383.1,9.79,96413.0,False,NASA_CDAWEB_OMNI_HRO_1MIN,False
2024-11-25 00:54:00,,,,,,,,,,,False,False,,,,,,,,,,False,,,,383.1,9.79,96413.0,False,NASA_CDAWEB_OMNI_HRO_1MIN,False
2024-11-25 00:55:00,,,,,,,,,,,False,False,,,,,,,,,,False,-0.26,-7.62,-1.67,423.8,10.44,99088.0,True,NASA_CDAWEB_OMNI_HRO_1MIN,False
2024-11-25 00:56:00,,,,,,,,,,,False,False,,,,,,,,,,False,1.75,-7.13,-2.1,421.8,10.43,92907.0,True,NASA_CDAWEB_OMNI_HRO_1MIN,False
2024-11-25 00:57:00,,,,,,,,,,,False,False,,,,,,,,,,False,1.9,-7.52,-2.33,419.1,10.41,84511.0,True,NASA_CDAWEB_OMNI_HRO_1MIN,False
2024-11-25 00:58:00,,,,,,,,,,,False,False,,,,,,,,,,False,1.45,-5.96,-5.22,423.7,9.7,71863.0,True,NASA_CDAWEB_OMNI_HRO_1MIN,False
2024-11-25 00:59:00,,,,,,,,,,,False,False,,,,,,,,,,False,1.26,-6.54,-4.33,423.9,9.11,62088.0,True,NASA_CDAWEB_OMNI_HRO_1MIN,False
2024-11-25 01:00:00,,,,,,,,,,,False,False,,,,,,,,,,False,1.73,-6.81,-3.49,416.9,9.09,65498.0,True,NASA_CDAWEB_OMNI_HRO_1MIN,False
2024-11-25 01:01:00,,,,,,,,,,,False,False,,,,,,,,,,False,1.82,-7.02,-2.97,398.6,10.12,80394.0,True,NASA_CDAWEB_OMNI_HRO_1MIN,False
2024-11-25 01:02:00,,,,,,,,,,,False,False,,,,,,,,,,False,1.83,-7.57,-1.7,407.5,10.2,81534.0,True,NASA_CDAWEB_OMNI_HRO_1MIN,False
2024-11-25 01:03:00,,,,,,,,,,,False,False,,,,,,,,,,False,2.5,-7.07,-1.75,411.7,10.21,83902.0,True,NASA_CDAWEB_OMNI_HRO_1MIN,False
2024-11-25 01:04:00,,,,,,,,,,,False,False,,,,,,,,,,False,3.1,-4.84,-5.06,,,,False,NASA_CDAWEB_OMNI_HRO_1MIN,False
2024-11-25 01:05:00,,,,,,,,,,,False,False,,,,,,,,,,False,2.47,-5.79,-4.06,412.3,8.59,40115.0,True,NASA_CDAWEB_OMNI_HRO_1MIN,False
2024-11-25 01:06:00,,,,,,,,,,,False,False,,,,,,,,,,False,0.18,-5.88,-5.97,415.5,8.77,43754.0,True,NASA_CDAWEB_OMNI_HRO_1MIN,False
2024-11-25 01:07:00,,,,,,,,,,,False,False,,,,,,,,,,False,3.18,-5.44,-2.13,432.6,9.73,62924.0,True,NASA_CDAWEB_OMNI_HRO_1MIN,False
2024-11-25 01:08:00,,,,,,,,,,,False,False,,,,,,,,,,False,1.0,-5.78,3.15,432.6,9.73,62924.0,True,NASA_CDAWEB_OMNI_HRO_1MIN,False
2024-11-25 01:09:00,,,,,,,,,,,False,False,,,,,,,,,,False,0.81,-6.13,5.42,423.1,12.12,75005.0,True,NASA_CDAWEB_OMNI_HRO_1MIN,False
2024-11-25 01:10:00,,,,,,,,,,,False,False,,,,,,,,,,False,1.06,-6.37,4.8,423.1,12.12,75005.0,True,NASA_CDAWEB_OMNI_HRO_1MIN,False
2024-11-25 01:11:00,,,,,,,,,,,False,False,,,,,,,,,,False,0.98,-6.37,2.66,417.5,10.09,47833.0,True,NASA_CDAWEB_OMNI_HRO_1MIN,False
2024-11-25 01:12:00,,,,,,,,,,,False,False,,,,,,,,,,False,-0.44,-6.64,4.63,424.0,9.75,51118.0,True,NASA_CDAWEB_OMNI_HRO_1MIN,False
2024-11-25 01:13:00,,,,,,,,,,,False,False,,,,,,,,,,False,0.46,-6.51,2.49,430.8,9.41,54704.0,True,NASA_CDAWEB_OMNI_HRO_1MIN,False
2024-11-25 01:14:00,,,,,,,,,,,False,False,,,,,,,,,,False,2.31,-6.47,4.08,420.0,10.44,64774.0,True,NASA_CDAWEB_OMNI_HRO_1MIN,False
2024-11-25 01:15:00,,,,,,,,,,,False,False,,,,,,,,,,False,3.44,-6.17,1.57,413.8,10.04,62656.0,True,NASA_CDAWEB_OMNI_HRO_1MIN,False
2024-11-25 01:16:00,,,,,,,,,,,False,False,,,,,,,,,,False,0.47,-6.09,-2.49,411.6,9.9,61906.0,True,NASA_CDAWEB_OMNI_HRO_1MIN,False
2024-11-25 01:17:00,,,,,,,,,,,False,False,,,,,,,,,,False,-3.19,-7.34,0.26,,,,False,NASA_CDAWEB_OMNI_HRO_1MIN,False
2024-11-25 01:18:00,,,,,,,,,,,False,False,,,,,,,,,,False,1.1,-5.83,2.98,,,,False,NASA_CDAWEB_OMNI_HRO_1MIN,False
2024-11-25 01:19:00,,,,,,,,,,,False,False,,,,,,,,,,False,2.27,-4.09,-1.19,,,,False,NASA_CDAWEB_OMNI_HRO_1MIN,False
2024-11-25 01:20:00,,,,,,,,,,,False,False,,,,,,,,,,False,4.68,-4.78,4.68,,,,False,NASA_CDAWEB_OMNI_HRO_1MIN,False
2024-11-25 01:21:00,,,,,,,,,,,False,False,,,,,,,,,,False,2.71,-5.38,4.56,404.2,9.11,67048.0,True,NASA_CDAWEB_OMNI_HRO_1MIN,False
2024-11-25 01:22:00,,,,,,,,,,,False,False,,,,,,,,,,False,2.07,-6.1,3.49,413.0,8.81,64003.0,True,NASA_CDAWEB_OMNI_HRO_1MIN,False
2024-11-25 01:23:00,,,,,,,,,,,False,False,,,,,,,,,,False,0.84,-6.38,4.97,403.4,9.86,80832.0,True,NASA_CDAWEB_OMNI_HRO_1MIN,False
2024-11-25 01:24:00,,,,,,,,,,,False,False,,,,,,,,,,False,0.77,-6.91,4.01,415.4,9.59,68962.0,True,NASA_CDAWEB_OMNI_HRO_1MIN,False
2024-11-25 01:25:00,,,,,,,,,,,False,False,,,,,,,,,,False,0.06,-6.11,4.05,417.0,9.52,66277.0,True,NASA_CDAWEB_OMNI_HRO_1MIN,False
2024-11-25 01:26:00,,,,,,,,,,,False,False,,,,,,,,,,False,0.63,-5.84,1.38,416.5,10.16,74956.0,True,NASA_CDAWEB_OMNI_HRO_1MIN,False
2024-11-25 01:27:00,,,,,,,,,,,False,False,,,,,,,,,,False,1.91,-5.41,0.53,417.7,10.39,72662.0,True,NASA_CDAWEB_OMNI_HRO_1MIN,False
2024-11-25 01:28:00,,,,,,,,,,,False,False,,,,,,,,,,False,0.37,-3.63,4.2,418.4,10.53,70805.0,True,NASA_CDAWEB_OMNI_HRO_1MIN,False
2024-11-25 01:29:00,,,,,,,,,,,False,False,,,,,,,,,,False,-0.09,-3.69,0.06,434.0,8.99,63197.0,True,NASA_CDAWEB_OMNI_HRO_1MIN,False
2024-11-25 01:30:00,,,,,,,,,,,False,False,,,,,,,,,,False,-0.16,-4.52,0.48,434.0,8.99,63197.0,True,NASA_CDAWEB_OMNI_HRO_1MIN,False
2024-11-25 01:31:00,,,,,,,,,,,False,False,,,,,,,,,,False,3.1,-4.82,-4.11,401.5,10.39,96382.0,True,NASA_CDAWEB_OMNI_HRO_1MIN,False
2024-11-25 01:32:00,,,,,,,,,,,False,False,,,,,,,,,,False,2.55,-3.13,-6.24,403.3,10.13,94373.0,True,NASA_CDAWEB_OMNI_HRO_1MIN,False
2024-11-25 01:33:00,,,,,,,,,,,False,False,,,,,,,,,,False,2.56,-6.07,-3.08,412.8,10.05,53582.0,True,NASA_CDAWEB_OMNI_HRO_1MIN,False
2024-11-25 01:34:00,,,,,,,,,,,False,False,,,,,,,,,,False,2.27,-5.25,-5.31,412.4,9.13,62550.0,True,NASA_CDAWEB_OMNI_HRO_1MIN,False
2024-11-25 01:35:00,,,,,,,,,,,False,False,,,,,,,,,,False,2.04,-4.56,-5.85,412.3,8.86,65168.0,True,NASA_CDAWEB_OMNI_HRO_1MIN,False
2024-11-25 01:36:00,,,,,,,,,,,False,False,,,,,,,,,,False,4.27,-5.37,-2.62,,,,False,NASA_CDAWEB_OMNI_HRO_1MIN,False
2024-11-25 01:37:00,,,,,,,,,,,False,False,,,,,,,,,,False,3.73,-6.94,0.9,,,,False,NASA_CDAWEB_OMNI_HRO_1MIN,False
2024-11-25 01:38:00,,,,,,,,,,,False,False,,,,,,,,,,False,3.52,-7.14,-0.16,404.1,10.15,95642.0,True,NASA_CDAWEB_OMNI_HRO_1MIN,False
2024-11-25 01:39:00,,,,,,,,,,,False,False,,,,,,,,,,False,4.54,-6.31,-0.88,404.1,10.15,95642.0,True,NASA_CDAWEB_OMNI_HRO_1MIN,False
2024-11-25 01:40:00,,,,,,,,,,,False,False,,,,,,,,,,False,4.26,-5.91,-3.47,404.1,10.15,95642.0,True,NASA_CDAWEB_OMNI_HRO_1MIN,False
2024-11-25 01:41:00,,,,,,,,,,,False,False,,,,,,,,,,False,4.71,-5.9,-3.01,,,,False,NASA_CDAWEB_OMNI_HRO_1MIN,False
2024-11-25 01:42:00,,,,,,,,,,,False,False,,,,,,,,,,False,4.43,-6.72,-1.3,398.3,9.95,80248.0,True,NASA_CDAWEB_OMNI_HRO_1MIN,False
2024-11-25 01:43:00,,,,,,,,,,,False,False,,,,,,,,,,False,3.86,-7.06,-2.37,398.3,9.95,80248.0,True,NASA_CDAWEB_OMNI_HRO_1MIN,False
2024-11-25 01:44:00,,,,,,,,,,,False,False,,,,,,,,,,False,3.92,-7.08,-2.07,,,,False,NASA_CDAWEB_OMNI_HRO_1MIN,False
2024-11-25 01:45:00,,,,,,,,,,,False,False,,,,,,,,,,False,4.38,-6.98,-1.57,404.3,8.76,64573.0,True,NASA_CDAWEB_OMNI_HRO_1MIN,False
2024-11-25 01:46:00,,,,,,,,,,,False,False,,,,,,,,,,False,2.18,-4.85,-6.37,404.3,8.76,64573.0,True,NASA_CDAWEB_OMNI_HRO_1MIN,False
2024-11-25 01:47:00,,,,,,,,,,,False,False,,,,,,,,,,False,2.23,-5.32,-5.09,404.3,8.76,64573.0,True,NASA_CDAWEB_OMNI_HRO_1MIN,False
2024-11-25 01:48:00,,,,,,,,,,,False,False,,,,,,,,,,False,3.1,-5.37,-4.83,409.5,9.09,50916.0,True,NASA_CDAWEB_OMNI_HRO_1MIN,False
2024-11-25 01:49:00,,,,,,,,,,,False,False,,,,,,,,,,False,2.75,-5.71,-4.82,410.6,9.11,53302.0,True,NASA_CDAWEB_OMNI_HRO_1MIN,False
2024-11-25 01:50:00,,,,,,,,,,,False,False,,,,,,,,,,False,2.89,-6.17,-4.06,414.2,8.94,59672.0,True,NASA_CDAWEB_OMNI_HRO_1MIN,False
2024-11-25 01:51:00,,,,,,,,,,,False,False,,,,,,,,,,False,2.82,-5.44,-5.57,407.6,8.78,58711.0,True,NASA_CDAWEB_OMNI_HRO_1MIN,False
2024-11-25 01:52:00,,,,,,,,,,,False,False,,,,,,,,,,False,2.12,-5.2,-5.98,407.6,9.38,59952.0,True,NASA_CDAWEB_OMNI_HRO_1MIN,False
2024-11-25 01:53:00,,,,,,,,,,,False,False,,,,,,,,,,False,2.86,-5.61,-5.37,,,,False,NASA_CDAWEB_OMNI_HRO_1MIN,False
2024-11-25 01:54:00,,,,,,,,,,,False,False,,,,,,,,,,False,2.97,-6.61,-3.81,419.0,10.04,59158.0,True,NASA_CDAWEB_OMNI_HRO_1MIN,False
2024-11-25 01:55:00,,,,,,,,,,,False,False,,,,,,,,,,False,1.36,-5.83,-5.36,418.6,9.56,58259.0,True,NASA_CDAWEB_OMNI_HRO_1MIN,False
2024-11-25 01:56:00,,,,,,,,,,,False,False,,,,,,,,,,False,1.08,-6.74,-4.47,416.5,8.75,57633.0,True,NASA_CDAWEB_OMNI_HRO_1MIN,False
2024-11-25 01:57:00,,,,,,,,,,,False,False,,,,,,,,,,False,1.7,-4.43,-6.69,419.2,9.53,66563.0,True,NASA_CDAWEB_OMNI_HRO_1MIN,False
2024-11-25 01:58:00,,,,,,,,,,,False,False,,,,,,,,,,False,1.44,-5.36,-6.03,420.7,9.86,69691.0,True,NASA_CDAWEB_OMNI_HRO_1MIN,False
2024-11-25 01:59:00,,,,,,,,,,,False,False,,,,,,,,,,False,2.82,-6.24,-3.54,,,,False,NASA_CDAWEB_OMNI_HRO_1MIN,False
2024-11-25 02:00:00,,,,,,,,,,,False,False,,,,,,,,,,False,1.84,-4.95,-6.15,418.3,8.18,52936.0,True,NASA_CDAWEB_OMNI_HRO_1MIN,False
2024-11-25 02:01:00,,,,,,,,,,,False,False,,,,,,,,,,False,3.03,-4.76,-6.2,418.1,8.19,52882.0,True,NASA_CDAWEB_OMNI_HRO_1MIN,False
2024-11-25 02:02:00,,,,,,,,,,,False,False,,,,,,,,,,False,3.03,-4.4,-6.12,408.0,8.72,50269.0,True,NASA_CDAWEB_OMNI_HRO_1MIN,False
2024-11-25 02:03:00,,,,,,,,,,,False,False,,,,,,,,,,False,3.56,-4.71,-5.47,407.4,8.75,50111.0,True,NASA_CDAWEB_OMNI_HRO_1MIN,False
2024-11-25 02:04:00,,,,,,,,,,,False,False,,,,,,,,,,False,2.64,-4.42,-6.17,,,,False,NASA_CDAWEB_OMNI_HRO_1MIN,False
2024-11-25 02:05:00,,,,,,,,,,,False,False,,,,,,,,,,False,1.97,-5.99,-3.76,409.3,8.35,69903.0,True,NASA_CDAWEB_OMNI_HRO_1MIN,False
2024-11-25 02:06:00,,,,,,,,,,,False,False,,,,,,,,,,False,2.71,-6.59,-2.86,413.4,8.12,62538.0,True,NASA_CDAWEB_OMNI_HRO_1MIN,False
2024-11-25 02:07:00,,,,,,,,,,,False,False,,,,,,,,,,False,0.84,-8.27,-0.09,418.0,7.86,54476.0,True,NASA_CDAWEB_OMNI_HRO_1MIN,False
2024-11-25 02:08:00,,,,,,,,,,,False,False,,,,,,,,,,False,0.24,-7.13,-1.54,421.7,8.92,73058.0,True,NASA_CDAWEB_OMNI_HRO_1MIN,False
2024-11-25 02:09:00,,,,,,,,,,,False,False,,,,,,,,,,False,-0.33,-7.08,-1.05,421.8,8.92,73076.0,True,NASA_CDAWEB_OMNI_HRO_1MIN,False
2024-11-25 02:10:00,,,,,,,,,,,False,False,,,,,,,,,,False,-3.04,-6.86,2.46,437.3,9.34,78147.0,True,NASA_CDAWEB_OMNI_HRO_1MIN,False
2024-11-25 02:11:00,,,,,,,,,,,False,False,,,,,,,,,,False,-1.4,-7.85,0.97,437.3,9.34,78147.0,True,NASA_CDAWEB_OMNI_HRO_1MIN,False
2024-11-25 02:12:00,,,,,,,,,,,False,False,,,,,,,,,,False,2.44,-3.94,-5.54,,,,False,NASA_CDAWEB_OMNI_HRO_1MIN,False
2024-11-25 02:13:00,,,,,,,,,,,False,False,,,,,,,,,,False,4.72,-2.28,-5.85,,,,False,NASA_CDAWEB_OMNI_HRO_1MIN,False
2024-11-25 02:14:00,,,,,,,,,,,False,False,,,,,,,,,,False,5.31,-3.77,-4.45,,,,False,NASA_CDAWEB_OMNI_HRO_1MIN,False
2024-11-25 02:15:00,,,,,,,,,,,False,False,,,,,,,,,,False,4.04,-4.94,-4.4,,,,False,NASA_CDAWEB_OMNI_HRO_1MIN,False
2024-11-25 02:16:00,,,,,,,,,,,False,False,,,,,,,,,,False,3.07,-4.22,-6.07,,,,False,NASA_CDAWEB_OMNI_HRO_1MIN,False
2024-11-25 02:17:00,,,,,,,,,,,False,False,,,,,,,,,,False,3.21,-5.39,-4.3,404.8,8.45,66686.0,True,NASA_CDAWEB_OMNI_HRO_1MIN,False
2024-11-25 02:18:00,,,,,,,,,,,False,False,,,,,,,,,,False,1.62,-6.57,-3.98,411.8,8.98,61102.0,True,NASA_CDAWEB_OMNI_HRO_1MIN,False
2024-11-25 02:19:00,,,,,,,,,,,False,False,,,,,,,,,,False,2.21,-6.88,-3.41,418.3,9.46,55948.0,True,NASA_CDAWEB_OMNI_HRO_1MIN,False
2024-11-25 02:20:00,,,,,,,,,,,False,False,,,,,,,,,,False,3.55,-7.34,-0.93,,,,False,NASA_CDAWEB_OMNI_HRO_1MIN,False
2024-11-25 02:21:00,,,,,,,,,,,False,False,,,,,,,,,,False,2.96,-6.17,-2.79,,,,False,NASA_CDAWEB_OMNI_HRO_1MIN,False
2024-11-25 02:22:00,,,,,,,,,,,False,False,,,,,,,,,,False,2.4,-5.76,-2.03,410.7,8.34,64652.0,True,NASA_CDAWEB_OMNI_HRO_1MIN,False
2024-11-25 02:23:00,,,,,,,,,,,False,False,,,,,,,,,,False,2.18,-7.56,0.52,410.7,8.34,64652.0,True,NASA_CDAWEB_OMNI_HRO_1MIN,False
2024-11-25 02:24:00,,,,,,,,,,,False,False,,,,,,,,,,False,2.32,-6.79,-2.55,410.5,9.36,53331.0,True,NASA_CDAWEB_OMNI_HRO_1MIN,False
2024-11-25 02:25:00,,,,,,,,,,,False,False,,,,,,,,,,False,2.96,-6.71,-0.88,409.2,9.36,55368.0,True,NASA_CDAWEB_OMNI_HRO_1MIN,False
2024-11-25 02:26:00,,,,,,,,,,,False,False,,,,,,,,,,False,2.27,-7.55,0.12,407.9,9.3,44993.0,True,NASA_CDAWEB_OMNI_HRO_1MIN,False
2024-11-25 02:27:00,,,,,,,,,,,False,False,,,,,,,,,,False,1.95,-7.91,0.24,412.8,8.53,45817.0,True,NASA_CDAWEB_OMNI_HRO_1MIN,False
2024-11-25 02:28:00,,,,,,,,,,,False,False,,,,,,,,,,False,2.43,-6.04,-3.72,412.4,8.13,49694.0,True,NASA_CDAWEB_OMNI_HRO_1MIN,False
2024-11-25 02:29:00,,,,,,,,,,,False,False,,,,,,,,,,False,,,,412.4,8.13,49694.0,False,NASA_CDAWEB_OMNI_HRO_1MIN,False
2024-11-25 02:30:00,,,,,,,,,,,False,False,,,,,,,,,,False,3.08,-7.29,-1.84,407.8,9.08,55269.0,True,NASA_CDAWEB_OMNI_HRO_1MIN,False
2024-11-25 02:31:00,,,,,,,,,,,False,False,,,,,,,,,,False,3.04,-7.37,-1.94,408.3,8.92,52058.0,True,NASA_CDAWEB_OMNI_HRO_1MIN,False
2024-11-25 02:32:00,,,,,,,,,,,False,False,,,,,,,,,,False,3.59,-7.35,-0.58,408.6,8.83,50321.0,True,NASA_CDAWEB_OMNI_HRO_1MIN,False
2024-11-25 02:33:00,,,,,,,,,,,False,False,,,,,,,,,,False,3.08,-6.78,-3.06,407.1,9.31,60260.0,True,NASA_CDAWEB_OMNI_HRO_1MIN,False
2024-11-25 02:34:00,,,,,,,,,,,False,False,,,,,,,,,,False,2.45,-6.62,-3.63,408.0,9.15,58848.0,True,NASA_CDAWEB_OMNI_HRO_1MIN,False
2024-11-25 02:35:00,,,,,,,,,,,False,False,,,,,,,,,,False,3.24,-5.59,-4.69,412.2,8.52,53116.0,True,NASA_CDAWEB_OMNI_HRO_1MIN,False
2024-11-25 02:36:00,,,,,,,,,,,False,False,,,,,,,,,,False,3.61,-4.37,-5.7,411.3,8.74,55047.0,True,NASA_CDAWEB_OMNI_HRO_1MIN,False
2024-11-25 02:37:00,,,,,,,,,,,False,False,,,,,,,,,,False,3.62,-1.69,-7.07,,,,False,NASA_CDAWEB_OMNI_HRO_1MIN,False
2024-11-25 02:38:00,,,,,,,,,,,False,False,,,,,,,,,,False,4.18,-1.7,-6.45,,,,False,NASA_CDAWEB_OMNI_HRO_1MIN,False
2024-11-25 02:39:00,,,,,,,,,,,False,False,,,,,,,,,,False,1.63,-7.58,-0.18,,,,False,NASA_CDAWEB_OMNI_HRO_1MIN,False
2024-11-25 02:40:00,,,,,,,,,,,False,False,,,,,,,,,,False,2.43,-7.54,-1.25,414.1,7.54,35725.0,True,NASA_CDAWEB_OMNI_HRO_1MIN,False
2024-11-25 02:41:00,,,,,,,,,,,False,False,,,,,,,,,,False,2.81,-7.46,-0.72,414.1,7.66,36449.0,True,NASA_CDAWEB_OMNI_HRO_1MIN,False
2024-11-25 02:42:00,,,,,,,,,,,False,False,,,,,,,,,,False,1.75,-7.49,0.12,412.4,12.18,64573.0,True,NASA_CDAWEB_OMNI_HRO_1MIN,False
2024-11-25 02:43:00,,,,,,,,,,,False,False,,,,,,,,,,False,3.72,-4.54,-4.47,402.3,9.01,57773.0,True,NASA_CDAWEB_OMNI_HRO_1MIN,False
2024-11-25 02:44:00,,,,,,,,,,,False,False,,,,,,,,,,False,2.94,-7.1,-1.23,403.1,9.55,66717.0,True,NASA_CDAWEB_OMNI_HRO_1MIN,False
2024-11-25 02:45:00,,,,,,,,,,,False,False,,,,,,,,,,False,1.6,-7.71,-1.52,417.2,10.01,68155.0,True,NASA_CDAWEB_OMNI_HRO_1MIN,False
2024-11-25 02:46:00,,,,,,,,,,,False,False,,,,,,,,,,False,-0.44,-7.92,-2.09,410.2,10.04,62573.0,True,NASA_CDAWEB_OMNI_HRO_1MIN,False
2024-11-25 02:47:00,,,,,,,,,,,False,False,,,,,,,,,,False,1.44,-7.65,-0.97,411.7,9.15,50537.0,True,NASA_CDAWEB_OMNI_HRO_1MIN,False
2024-11-25 02:48:00,,,,,,,,,,,False,False,,,,,,,,,,False,2.86,-7.48,-1.43,411.7,9.15,50530.0,True,NASA_CDAWEB_OMNI_HRO_1MIN,False
2024-11-25 02:49:00,,,,,,,,,,,False,False,,,,,,,,,,False,-0.43,-7.43,-1.53,,,,False,NASA_CDAWEB_OMNI_HRO_1MIN,False
2024-11-25 02:50:00,,,,,,,,,,,False,False,,,,,,,,,,False,-1.93,-7.28,-1.23,,,,False,NASA_CDAWEB_OMNI_HRO_1MIN,False
2024-11-25 02:51:00,,,,,,,,,,,False,False,,,,,,,,,,False,-0.4,-5.5,-2.82,,,,False,NASA_CDAWEB_OMNI_HRO_1MIN,False
2024-11-25 02:52:00,,,,,,,,,,,False,False,,,,,,,,,,False,-4.87,-5.19,2.29,,,,False,NASA_CDAWEB_OMNI_HRO_1MIN,False
2024-11-25 02:53:00,,,,,,,,,,,False,False,,,,,,,,,,False,-5.04,-5.56,1.28,,,,False,NASA_CDAWEB_OMNI_HRO_1MIN,False
2024-11-25 02:54:00,,,,,,,,,,,False,False,,,,,,,,,,False,-5.04,-5.56,1.28,,,,False,NASA_CDAWEB_OMNI_HRO_1MIN,False
2024-11-25 02:55:00,,,,,,,,,,,False,False,,,,,,,,,,False,-2.2,-6.99,-1.07,,,,False,NASA_CDAWEB_OMNI_HRO_1MIN,False
2024-11-25 02:56:00,,,,,,,,,,,False,False,,,,,,,,,,False,4.05,-2.97,-4.56,,,,False,NASA_CDAWEB_OMNI_HRO_1MIN,False
2024-11-25 02:57:00,,,,,,,,,,,False,False,,,,,,,,,,False,4.05,-2.97,-4.56,,,,False,NASA_CDAWEB_OMNI_HRO_1MIN,False
2024-11-25 02:58:00,,,,,,,,,,,False,False,,,,,,,,,,False,5.4,2.23,-4.67,,,,False,NASA_CDAWEB_OMNI_HRO_1MIN,False
2024-11-25 02:59:00,,,,,,,,,,,False,False,,,,,,,,,,False,6.26,-1.15,-4.89,,,,False,NASA_CDAWEB_OMNI_HRO_1MIN,False
2024-11-25 03:00:00,,,,,,,,,,,False,False,,,,,,,,,,False,6.17,-1.34,-4.93,390.3,9.03,56465.0,True,NASA_CDAWEB_OMNI_HRO_1MIN,False
2024-11-25 03:01:00,,,,,,,,,,,False,False,,,,,,,,,,False,4.17,-3.43,-5.96,390.3,9.03,56465.0,True,NASA_CDAWEB_OMNI_HRO_1MIN,False
2024-11-25 03:02:00,,,,,,,,,,,False,False,,,,,,,,,,False,5.95,-2.9,-4.81,390.3,9.03,56465.0,True,NASA_CDAWEB_OMNI_HRO_1MIN,False
2024-11-25 03:03:00,,,,,,,,,,,False,False,,,,,,,,,,False,6.13,-1.79,-5.11,,,,False,NASA_CDAWEB_OMNI_HRO_1MIN,False
2024-11-25 03:04:00,,,,,,,,,,,False,False,,,,,,,,,,False,6.34,-0.69,-4.95,,,,False,NASA_CDAWEB_OMNI_HRO_1MIN,False
2024-11-25 03:05:00,,,,,,,,,,,False,False,,,,,,,,,,False,6.71,-0.91,-4.81,,,,False,NASA_CDAWEB_OMNI_HRO_1MIN,False
2024-11-25 03:06:00,,,,,,,,,,,False,False,,,,,,,,,,False,6.98,-0.99,-4.45,,,,False,NASA_CDAWEB_OMNI_HRO_1MIN,False
2024-11-25 03:07:00,,,,,,,,,,,False,False,,,,,,,,,,False,7.15,-1.34,-4.08,384.7,6.94,35168.0,True,NASA_CDAWEB_OMNI_HRO_1MIN,False
2024-11-25 03:08:00,,,,,,,,,,,False,False,,,,,,,,,,False,7.31,-1.18,-3.45,384.7,6.94,35168.0,True,NASA_CDAWEB_OMNI_HRO_1MIN,False
2024-11-25 03:09:00,,,,,,,,,,,False,False,,,,,,,,,,False,6.93,-2.56,-3.53,,,,False,NASA_CDAWEB_OMNI_HRO_1MIN,False
2024-11-25 03:10:00,,,,,,,,,,,False,False,,,,,,,,,,False,6.88,-2.67,-3.64,,,,False,NASA_CDAWEB_OMNI_HRO_1MIN,False
2024-11-25 03:11:00,,,,,,,,,,,False,False,,,,,,,,,,False,6.12,-4.41,-3.26,,,,False,NASA_CDAWEB_OMNI_HRO_1MIN,False
2024-11-25 03:12:00,,,,,,,,,,,False,False,,,,,,,,,,False,6.02,-4.56,-3.05,393.4,9.27,64930.0,True,NASA_CDAWEB_OMNI_HRO_1MIN,False
2024-11-25 03:13:00,,,,,,,,,,,False,False,,,,,,,,,,False,5.48,-5.52,-2.44,393.4,9.27,64930.0,True,NASA_CDAWEB_OMNI_HRO_1MIN,False
2024-11-25 03:14:00,,,,,,,,,,,False,False,,,,,,,,,,False,5.26,-5.78,-2.35,393.4,9.27,64930.0,True,NASA_CDAWEB_OMNI_HRO_1MIN,False
2024-11-25 03:15:00,,,,,,,,,,,False,False,,,,,,,,,,False,5.58,-5.65,-1.83,,,,False,NASA_CDAWEB_OMNI_HRO_1MIN,False
2024-11-25 03:16:00,,,,,,,,,,,False,False,,,,,,,,,,False,5.07,-6.29,-1.13,394.2,7.95,51162.0,True,NASA_CDAWEB_OMNI_HRO_1MIN,False
2024-11-25 03:17:00,,,,,,,,,,,False,False,,,,,,,,,,False,4.33,-6.83,-0.32,396.3,8.39,57435.0,True,NASA_CDAWEB_OMNI_HRO_1MIN,False
2024-11-25 03:18:00,,,,,,,,,,,False,False,,,,,,,,,,False,4.95,-6.35,1.0,399.3,9.03,67235.0,True,NASA_CDAWEB_OMNI_HRO_1MIN,False
2024-11-25 03:19:00,,,,,,,,,,,False,False,,,,,,,,,,False,4.22,-7.14,0.4,393.1,7.7,54064.0,True,NASA_CDAWEB_OMNI_HRO_1MIN,False
2024-11-25 03:20:00,,,,,,,,,,,False,False,,,,,,,,,,False,4.15,-7.13,0.78,397.8,8.01,50069.0,True,NASA_CDAWEB_OMNI_HRO_1MIN,False
2024-11-25 03:21:00,,,,,,,,,,,False,False,,,,,,,,,,False,3.31,-7.2,-1.97,403.0,8.17,54323.0,True,NASA_CDAWEB_OMNI_HRO_1MIN,False
2024-11-25 03:22:00,,,,,,,,,,,False,False,,,,,,,,,,False,3.19,-6.88,-3.15,402.9,8.2,54474.0,True,NASA_CDAWEB_OMNI_HRO_1MIN,False
2024-11-25 03:23:00,,,,,,,,,,,False,False,,,,,,,,,,False,3.85,-7.35,1.64,405.3,8.33,61991.0,True,NASA_CDAWEB_OMNI_HRO_1MIN,False
2024-11-25 03:24:00,,,,,,,,,,,False,False,,,,,,,,,,False,4.18,-7.19,1.5,399.9,7.94,48851.0,True,NASA_CDAWEB_OMNI_HRO_1MIN,False
2024-11-25 03:25:00,,,,,,,,,,,False,False,,,,,,,,,,False,4.21,-7.25,1.47,399.5,8.01,49683.0,True,NASA_CDAWEB_OMNI_HRO_1MIN,False
2024-11-25 03:26:00,,,,,,,,,,,False,False,,,,,,,,,,False,4.31,-7.03,1.3,398.5,8.08,54595.0,True,NASA_CDAWEB_OMNI_HRO_1MIN,False
2024-11-25 03:27:00,,,,,,,,,,,False,False,,,,,,,,,,False,4.61,-6.98,0.99,398.5,8.08,54595.0,True,NASA_CDAWEB_OMNI_HRO_1MIN,False
2024-11-25 03:28:00,,,,,,,,,,,False,False,,,,,,,,,,False,3.99,-6.61,2.61,395.5,7.63,45957.0,True,NASA_CDAWEB_OMNI_HRO_1MIN,False
2024-11-25 03:29:00,,,,,,,,,,,False,False,,,,,,,,,,False,1.65,-6.31,5.08,406.4,8.0,47080.0,True,NASA_CDAWEB_OMNI_HRO_1MIN,False
2024-11-25 03:30:00,,,,,,,,,,,False,False,,,,,,,,,,False,2.47,-6.9,4.09,412.4,8.2,47703.0,True,NASA_CDAWEB_OMNI_HRO_1MIN,False
2024-11-25 03:31:00,,,,,,,,,,,False,False,,,,,,,,,,False,2.66,-6.85,4.04,,,,False,NASA_CDAWEB_OMNI_HRO_1MIN,False
2024-11-25 03:32:00,,,,,,,,,,,False,False,,,,,,,,,,False,2.87,-6.77,4.0,,,,False,NASA_CDAWEB_OMNI_HRO_1MIN,False
2024-11-25 03:33:00,,,,,,,,,,,False,False,,,,,,,,,,False,2.97,-6.62,4.06,,,,False,NASA_CDAWEB_OMNI_HRO_1MIN,False
2024-11-25 03:34:00,,,,,,,,,,,False,False,,,,,,,,,,False,,,,,,,False,NASA_CDAWEB_OMNI_HRO_1MIN,False
2024-11-25 03:35:00,,,,,,,,,,,False,False,,,,,,,,,,False,2.86,-6.34,4.55,403.5,7.92,46690.0,True,NASA_CDAWEB_OMNI_HRO_1MIN,False
2024-11-25 03:36:00,,,,,,,,,,,False,False,,,,,,,,,,False,2.72,-6.11,4.63,403.1,7.98,48654.0,True,NASA_CDAWEB_OMNI_HRO_1MIN,False
2024-11-25 03:37:00,,,,,,,,,,,False,False,,,,,,,,,,False,3.02,-6.4,4.21,401.4,8.22,56391.0,True,NASA_CDAWEB_OMNI_HRO_1MIN,False
2024-11-25 03:38:00,,,,,,,,,,,False,False,,,,,,,,,,False,3.39,-6.55,3.66,400.6,8.23,58677.0,True,NASA_CDAWEB_OMNI_HRO_1MIN,False
2024-11-25 03:39:00,,,,,,,,,,,False,False,,,,,,,,,,False,2.7,-6.13,4.56,400.6,8.23,58705.0,True,NASA_CDAWEB_OMNI_HRO_1MIN,False
2024-11-25 03:40:00,,,,,,,,,,,False,False,,,,,,,,,,False,2.7,-5.88,4.88,402.5,6.4,38603.0,True,NASA_CDAWEB_OMNI_HRO_1MIN,False
2024-11-25 03:41:00,,,,,,,,,,,False,False,,,,,,,,,,False,3.09,-6.07,4.18,405.6,7.37,46210.0,True,NASA_CDAWEB_OMNI_HRO_1MIN,False
2024-11-25 03:42:00,,,,,,,,,,,False,False,,,,,,,,,,False,2.51,-6.14,4.44,407.9,7.79,50106.0,True,NASA_CDAWEB_OMNI_HRO_1MIN,False
2024-11-25 03:43:00,,,,,,,,,,,False,False,,,,,,,,,,False,2.46,-5.74,5.35,407.1,6.47,34183.0,True,NASA_CDAWEB_OMNI_HRO_1MIN,False
2024-11-25 03:44:00,,,,,,,,,,,False,False,,,,,,,,,,False,2.84,-5.7,5.21,407.1,6.47,34183.0,True,NASA_CDAWEB_OMNI_HRO_1MIN,False
2024-11-25 03:45:00,,,,,,,,,,,False,False,,,,,,,,,,False,3.08,-6.34,4.23,405.3,7.15,48086.0,True,NASA_CDAWEB_OMNI_HRO_1MIN,False
2024-11-25 03:46:00,,,,,,,,,,,False,False,,,,,,,,,,False,3.25,-6.93,3.04,403.4,7.56,50867.0,True,NASA_CDAWEB_OMNI_HRO_1MIN,False
2024-11-25 03:47:00,,,,,,,,,,,False,False,,,,,,,,,,False,2.09,-7.69,1.99,405.3,8.39,56541.0,True,NASA_CDAWEB_OMNI_HRO_1MIN,False
2024-11-25 03:48:00,,,,,,,,,,,False,False,,,,,,,,,,False,2.15,-7.16,3.41,407.5,8.64,58291.0,True,NASA_CDAWEB_OMNI_HRO_1MIN,False
2024-11-25 03:49:00,,,,,,,,,,,False,False,,,,,,,,,,False,2.64,-7.23,2.88,,,,False,NASA_CDAWEB_OMNI_HRO_1MIN,False
2024-11-25 03:50:00,,,,,,,,,,,False,False,,,,,,,,,,False,2.89,-6.38,3.3,,,,False,NASA_CDAWEB_OMNI_HRO_1MIN,False
2024-11-25 03:51:00,,,,,,,,,,,False,False,,,,,,,,,,False,2.32,-3.56,6.22,412.3,6.21,47060.0,True,NASA_CDAWEB_OMNI_HRO_1MIN,False
2024-11-25 03:52:00,,,,,,,,,,,False,False,,,,,,,,,,False,2.62,-4.75,5.5,412.3,6.21,47170.0,True,NASA_CDAWEB_OMNI_HRO_1MIN,False
2024-11-25 03:53:00,,,,,,,,,,,False,False,,,,,,,,,,False,3.62,-6.29,2.22,407.3,6.75,59387.0,True,NASA_CDAWEB_OMNI_HRO_1MIN,False
2024-11-25 03:54:00,,,,,,,,,,,False,False,,,,,,,,,,False,4.41,-6.2,0.84,406.8,6.8,60757.0,True,NASA_CDAWEB_OMNI_HRO_1MIN,False
2024-11-25 03:55:00,,,,,,,,,,,False,False,,,,,,,,,,False,3.99,-6.56,1.4,403.1,7.21,90143.0,True,NASA_CDAWEB_OMNI_HRO_1MIN,False
2024-11-25 03:56:00,,,,,,,,,,,False,False,,,,,,,,,,False,3.21,-6.71,2.66,403.5,7.04,87110.0,True,NASA_CDAWEB_OMNI_HRO_1MIN,False
2024-11-25 03:57:00,,,,,,,,,,,False,False,,,,,,,,,,False,3.45,-5.17,5.23,406.7,5.75,61212.0,True,NASA_CDAWEB_OMNI_HRO_1MIN,False
2024-11-25 03:58:00,,,,,,,,,,,False,False,,,,,,,,,,False,2.28,-5.88,4.88,405.4,6.67,64370.0,True,NASA_CDAWEB_OMNI_HRO_1MIN,False
2024-11-25 03:59:00,,,,,,,,,,,False,False,,,,,,,,,,False,2.74,-5.59,4.88,410.0,7.34,77745.0,True,NASA_CDAWEB_OMNI_HRO_1MIN,False
2024-11-25 04:00:00,,,,,,,,,,,False,False,,,,,,,,,,False,2.37,-5.9,4.75,410.4,7.39,78757.0,True,NASA_CDAWEB_OMNI_HRO_1MIN,False
2024-11-25 04:01:00,,,,,,,,,,,False,False,,,,,,,,,,False,2.83,-5.43,4.88,,,,False,NASA_CDAWEB_OMNI_HRO_1MIN,False
2024-11-25 04:02:00,,,,,,,,,,,False,False,,,,,,,,,,False,2.66,-5.51,4.97,408.8,7.24,79063.0,True,NASA_CDAWEB_OMNI_HRO_1MIN,False
2024-11-25 04:03:00,,,,,,,,,,,False,False,,,,,,,,,,False,1.53,-4.54,5.98,410.7,7.05,75650.0,True,NASA_CDAWEB_OMNI_HRO_1MIN,False
2024-11-25 04:04:00,,,,,,,,,,,False,False,,,,,,,,,,False,2.49,-4.65,5.56,418.0,6.79,62778.0,True,NASA_CDAWEB_OMNI_HRO_1MIN,False
2024-11-25 04:05:00,,,,,,,,,,,False,False,,,,,,,,,,False,2.91,-5.02,5.29,410.7,6.73,55706.0,True,NASA_CDAWEB_OMNI_HRO_1MIN,False
2024-11-25 04:06:00,,,,,,,,,,,False,False,,,,,,,,,,False,3.02,-5.25,5.27,404.8,5.8,66311.0,True,NASA_CDAWEB_OMNI_HRO_1MIN,False
2024-11-25 04:07:00,,,,,,,,,,,False,False,,,,,,,,,,False,3.38,-4.93,5.42,404.6,5.7,66985.0,True,NASA_CDAWEB_OMNI_HRO_1MIN,False
2024-11-25 04:08:00,,,,,,,,,,,False,False,,,,,,,,,,False,3.37,-5.16,5.09,403.8,5.71,65685.0,True,NASA_CDAWEB_OMNI_HRO_1MIN,False
2024-11-25 04:09:00,,,,,,,,,,,False,False,,,,,,,,,,False,3.05,-4.87,5.65,406.2,7.32,61488.0,True,NASA_CDAWEB_OMNI_HRO_1MIN,False
2024-11-25 04:10:00,,,,,,,,,,,False,False,,,,,,,,,,False,3.11,-4.72,5.65,406.2,7.32,61488.0,True,NASA_CDAWEB_OMNI_HRO_1MIN,False
2024-11-25 04:11:00,,,,,,,,,,,False,False,,,,,,,,,,False,3.18,-5.12,5.37,406.2,7.32,61488.0,True,NASA_CDAWEB_OMNI_HRO_1MIN,False
2024-11-25 04:12:00,,,,,,,,,,,False,False,,,,,,,,,,False,2.99,-4.97,5.74,,,,False,NASA_CDAWEB_OMNI_HRO_1MIN,False
2024-11-25 04:13:00,,,,,,,,,,,False,False,,,,,,,,,,False,2.59,-5.01,5.48,,,,False,NASA_CDAWEB_OMNI_HRO_1MIN,False
2024-11-25 04:14:00,,,,,,,,,,,False,False,,,,,,,,,,False,3.21,-4.19,6.05,403.9,7.13,62690.0,True,NASA_CDAWEB_OMNI_HRO_1MIN,False
2024-11-25 04:15:00,,,,,,,,,,,False,False,,,,,,,,,,False,2.75,-5.15,5.7,403.9,7.13,62690.0,True,NASA_CDAWEB_OMNI_HRO_1MIN,False
2024-11-25 04:16:00,,,,,,,,,,,False,False,,,,,,,,,,False,2.99,-6.15,4.62,407.7,5.29,49590.0,True,NASA_CDAWEB_OMNI_HRO_1MIN,False
2024-11-25 04:17:00,,,,,,,,,,,False,False,,,,,,,,,,False,3.08,-5.54,5.35,407.7,5.29,49590.0,True,NASA_CDAWEB_OMNI_HRO_1MIN,False
2024-11-25 04:18:00,,,,,,,,,,,False,False,,,,,,,,,,False,2.73,-5.31,5.81,407.7,5.29,49590.0,True,NASA_CDAWEB_OMNI_HRO_1MIN,False
2024-11-25 04:19:00,,,,,,,,,,,False,False,,,,,,,,,,False,2.78,-5.97,4.64,,,,False,NASA_CDAWEB_OMNI_HRO_1MIN,False
2024-11-25 04:20:00,,,,,,,,,,,False,False,,,,,,,,,,False,3.32,-5.79,4.95,,,,False,NASA_CDAWEB_OMNI_HRO_1MIN,False
2024-11-25 04:21:00,,,,,,,,,,,False,False,,,,,,,,,,False,3.06,-5.81,5.1,403.0,6.83,54741.0,True,NASA_CDAWEB_OMNI_HRO_1MIN,False
2024-11-25 04:22:00,,,,,,,,,,,False,False,,,,,,,,,,False,1.98,-6.44,4.53,403.0,6.83,54741.0,True,NASA_CDAWEB_OMNI_HRO_1MIN,False
2024-11-25 04:23:00,,,,,,,,,,,False,False,,,,,,,,,,False,2.09,-6.18,4.75,407.2,7.22,64046.0,True,NASA_CDAWEB_OMNI_HRO_1MIN,False
2024-11-25 04:24:00,,,,,,,,,,,False,False,,,,,,,,,,False,1.93,-6.56,4.71,407.8,7.28,65446.0,True,NASA_CDAWEB_OMNI_HRO_1MIN,False
2024-11-25 04:25:00,,,,,,,,,,,False,False,,,,,,,,,,False,2.53,-5.93,5.11,,,,False,NASA_CDAWEB_OMNI_HRO_1MIN,False
2024-11-25 04:26:00,,,,,,,,,,,False,False,,,,,,,,,,False,2.86,-5.61,5.15,403.9,6.69,62729.0,True,NASA_CDAWEB_OMNI_HRO_1MIN,False
2024-11-25 04:27:00,,,,,,,,,,,False,False,,,,,,,,,,False,3.07,-6.33,4.3,403.9,6.69,62729.0,True,NASA_CDAWEB_OMNI_HRO_1MIN,False
2024-11-25 04:28:00,,,,,,,,,,,False,False,,,,,,,,,,False,3.38,-5.62,5.22,403.9,6.69,62729.0,True,NASA_CDAWEB_OMNI_HRO_1MIN,False
2024-11-25 04:29:00,,,,,,,,,,,False,False,,,,,,,,,,False,3.23,-5.7,5.35,,,,False,NASA_CDAWEB_OMNI_HRO_1MIN,False
2024-11-25 04:30:00,,,,,,,,,,,False,False,,,,,,,,,,False,3.1,-5.82,5.11,,,,False,NASA_CDAWEB_OMNI_HRO_1MIN,False
2024-11-25 04:31:00,,,,,,,,,,,False,False,,,,,,,,,,False,3.54,-5.63,5.09,402.3,6.13,69897.0,True,NASA_CDAWEB_OMNI_HRO_1MIN,False
2024-11-25 04:32:00,,,,,,,,,,,False,False,,,,,,,,,,False,3.7,-5.52,5.06,402.3,6.13,69897.0,True,NASA_CDAWEB_OMNI_HRO_1MIN,False
2024-11-25 04:33:00,,,,,,,,,,,False,False,,,,,,,,,,False,3.24,-5.75,5.16,402.3,6.13,69897.0,True,NASA_CDAWEB_OMNI_HRO_1MIN,False
2024-11-25 04:34:00,,,,,,,,,,,False,False,,,,,,,,,,False,3.57,-6.36,3.93,402.2,6.19,57654.0,True,NASA_CDAWEB_OMNI_HRO_1MIN,False
2024-11-25 04:35:00,,,,,,,,,,,False,False,,,,,,,,,,False,3.56,-6.38,3.78,402.2,6.19,57654.0,True,NASA_CDAWEB_OMNI_HRO_1MIN,False
2024-11-25 04:36:00,,,,,,,,,,,False,False,,,,,,,,,,False,3.45,-6.14,4.15,402.2,6.19,57654.0,True,NASA_CDAWEB_OMNI_HRO_1MIN,False
2024-11-25 04:37:00,,,,,,,,,,,False,False,,,,,,,,,,False,3.34,-6.51,3.75,,,,False,NASA_CDAWEB_OMNI_HRO_1MIN,False
2024-11-25 04:38:00,,,,,,,,,,,False,False,,,,,,,,,,False,3.74,-6.45,3.63,,,,False,NASA_CDAWEB_OMNI_HRO_1MIN,False
2024-11-25 04:39:00,,,,,,,,,,,False,False,,,,,,,,,,False,3.84,-6.62,3.05,400.4,6.3,67007.0,True,NASA_CDAWEB_OMNI_HRO_1MIN,False
2024-11-25 04:40:00,,,,,,,,,,,False,False,,,,,,,,,,False,4.0,-6.54,3.11,400.4,6.3,67007.0,True,NASA_CDAWEB_OMNI_HRO_1MIN,False
2024-11-25 04:41:00,,,,,,,,,,,False,False,,,,,,,,,,False,3.9,-6.46,3.36,400.4,6.3,67007.0,True,NASA_CDAWEB_OMNI_HRO_1MIN,False
2024-11-25 04:42:00,,,,,,,,,,,False,False,,,,,,,,,,False,3.96,-5.93,4.03,,,,False,NASA_CDAWEB_OMNI_HRO_1MIN,False
2024-11-25 04:43:00,,,,,,,,,,,False,False,,,,,,,,,,False,4.03,-6.03,3.9,,,,False,NASA_CDAWEB_OMNI_HRO_1MIN,False
2024-11-25 04:44:00,,,,,,,,,,,False,False,,,,,,,,,,False,4.22,-6.16,3.53,,,,False,NASA_CDAWEB_OMNI_HRO_1MIN,False
2024-11-25 04:45:00,,,,,,,,,,,False,False,,,,,,,,,,False,3.79,-6.42,3.55,397.9,7.16,77799.0,True,NASA_CDAWEB_OMNI_HRO_1MIN,False
2024-11-25 04:46:00,,,,,,,,,,,False,False,,,,,,,,,,False,3.42,-6.81,2.98,397.9,7.16,77799.0,True,NASA_CDAWEB_OMNI_HRO_1MIN,False
2024-11-25 04:47:00,,,,,,,,,,,False,False,,,,,,,,,,False,3.64,-6.34,3.78,397.9,7.16,77799.0,True,NASA_CDAWEB_OMNI_HRO_1MIN,False
2024-11-25 04:48:00,,,,,,,,,,,False,False,,,,,,,,,,False,3.78,-6.0,4.11,,,,False,NASA_CDAWEB_OMNI_HRO_1MIN,False
2024-11-25 04:49:00,,,,,,,,,,,False,False,,,,,,,,,,False,3.66,-6.01,4.43,,,,False,NASA_CDAWEB_OMNI_HRO_1MIN,False
2024-11-25 04:50:00,,,,,,,,,,,False,False,,,,,,,,,,False,3.3,-6.24,4.43,,,,False,NASA_CDAWEB_OMNI_HRO_1MIN,False
2024-11-25 04:51:00,,,,,,,,,,,False,False,,,,,,,,,,False,3.34,-6.37,4.02,,,,False,NASA_CDAWEB_OMNI_HRO_1MIN,False
2024-11-25 04:52:00,,,,,,,,,,,False,False,,,,,,,,,,False,3.2,-6.79,3.4,400.7,7.53,72931.0,True,NASA_CDAWEB_OMNI_HRO_1MIN,False
2024-11-25 04:53:00,,,,,,,,,,,False,False,,,,,,,,,,False,3.31,-6.61,3.61,400.7,7.53,72931.0,True,NASA_CDAWEB_OMNI_HRO_1MIN,False
2024-11-25 04:54:00,,,,,,,,,,,False,False,,,,,,,,,,False,3.53,-6.59,3.4,,,,False,NASA_CDAWEB_OMNI_HRO_1MIN,False
2024-11-25 04:55:00,,,,,,,,,,,False,False,,,,,,,,,,False,2.94,-6.7,3.67,,,,False,NASA_CDAWEB_OMNI_HRO_1MIN,False
2024-11-25 04:56:00,,,,,,,,,,,False,False,,,,,,,,,,False,3.96,-4.98,3.7,407.6,6.4,82210.0,True,NASA_CDAWEB_OMNI_HRO_1MIN,False
2024-11-25 04:57:00,,,,,,,,,,,False,False,,,,,,,,,,False,3.79,-3.84,4.07,407.5,6.5,86828.0,True,NASA_CDAWEB_OMNI_HRO_1MIN,False
2024-11-25 04:58:00,,,,,,,,,,,False,False,,,,,,,,,,False,6.28,2.03,-1.07,404.2,6.78,127340.0,True,NASA_CDAWEB_OMNI_HRO_1MIN,False
2024-11-25 04:59:00,,,,,,,,,,,False,False,,,,,,,,,,False,4.41,-6.24,2.7,403.4,6.82,136158.0,True,NASA_CDAWEB_OMNI_HRO_1MIN,False
2024-11-25 05:00:00,,,,,,,,,,,False,False,,,,,,,,,,False,,,,,,,False,NASA_CDAWEB_OMNI_HRO_1MIN,False
2024-11-25 05:01:00,,,,,,,,,,,False,False,,,,,,,,,,False,0.56,-7.71,0.77,428.0,6.53,46388.0,True,NASA_CDAWEB_OMNI_HRO_1MIN,False
2024-11-25 05:02:00,,,,,,,,,,,False,False,,,,,,,,,,False,0.64,-7.89,0.71,427.5,6.54,46498.0,True,NASA_CDAWEB_OMNI_HRO_1MIN,False
2024-11-25 05:03:00,,,,,,,,,,,False,False,,,,,,,,,,False,2.69,-7.42,1.16,403.4,6.89,51443.0,True,NASA_CDAWEB_OMNI_HRO_1MIN,False
2024-11-25 05:04:00,,,,,,,,,,,False,False,,,,,,,,,,False,4.36,-6.68,1.95,400.3,6.07,47681.0,True,NASA_CDAWEB_OMNI_HRO_1MIN,False
2024-11-25 05:05:00,,,,,,,,,,,False,False,,,,,,,,,,False,4.62,-6.49,2.34,397.3,5.92,44600.0,True,NASA_CDAWEB_OMNI_HRO_1MIN,False
2024-11-25 05:06:00,,,,,,,,,,,False,False,,,,,,,,,,False,4.27,-5.87,2.51,395.7,5.42,35180.0,True,NASA_CDAWEB_OMNI_HRO_1MIN,False
2024-11-25 05:07:00,,,,,,,,,,,False,False,,,,,,,,,,False,3.61,-6.69,2.53,402.1,6.6,46284.0,True,NASA_CDAWEB_OMNI_HRO_1MIN,False
2024-11-25 05:08:00,,,,,,,,,,,False,False,,,,,,,,,,False,3.71,-6.73,2.33,404.4,6.43,47967.0,True,NASA_CDAWEB_OMNI_HRO_1MIN,False
2024-11-25 05:09:00,,,,,,,,,,,False,False,,,,,,,,,,False,3.43,-6.89,2.1,396.6,6.19,41104.0,True,NASA_CDAWEB_OMNI_HRO_1MIN,False
2024-11-25 05:10:00,,,,,,,,,,,False,False,,,,,,,,,,False,4.18,-6.45,2.3,400.5,6.76,52252.0,True,NASA_CDAWEB_OMNI_HRO_1MIN,False
2024-11-25 05:11:00,,,,,,,,,,,False,False,,,,,,,,,,False,4.23,-6.04,1.83,397.6,6.34,46096.0,True,NASA_CDAWEB_OMNI_HRO_1MIN,False
2024-11-25 05:12:00,,,,,,,,,,,False,False,,,,,,,,,,False,4.07,-6.95,1.44,397.7,5.99,45971.0,True,NASA_CDAWEB_OMNI_HRO_1MIN,False
2024-11-25 05:13:00,,,,,,,,,,,False,False,,,,,,,,,,False,5.01,-5.18,2.09,391.8,6.03,54750.0,True,NASA_CDAWEB_OMNI_HRO_1MIN,False
2024-11-25 05:14:00,,,,,,,,,,,False,False,,,,,,,,,,False,4.15,-5.66,3.16,386.7,6.13,65080.0,True,NASA_CDAWEB_OMNI_HRO_1MIN,False
2024-11-25 05:15:00,,,,,,,,,,,False,False,,,,,,,,,,False,3.9,-6.43,2.08,391.4,6.87,57121.0,True,NASA_CDAWEB_OMNI_HRO_1MIN,False
2024-11-25 05:16:00,,,,,,,,,,,False,False,,,,,,,,,,False,4.28,-5.34,3.21,393.0,6.52,59492.0,True,NASA_CDAWEB_OMNI_HRO_1MIN,False
2024-11-25 05:17:00,,,,,,,,,,,False,False,,,,,,,,,,False,4.72,-4.45,3.49,401.0,5.75,64234.0,True,NASA_CDAWEB_OMNI_HRO_1MIN,False
2024-11-25 05:18:00,,,,,,,,,,,False,False,,,,,,,,,,False,4.1,-5.07,2.89,404.8,6.34,69399.0,True,NASA_CDAWEB_OMNI_HRO_1MIN,False
2024-11-25 05:19:00,,,,,,,,,,,False,False,,,,,,,,,,False,3.54,-4.16,4.45,402.3,6.84,70970.0,True,NASA_CDAWEB_OMNI_HRO_1MIN,False
2024-11-25 05:20:00,,,,,,,,,,,False,False,,,,,,,,,,False,4.66,-4.24,3.31,402.3,6.97,68827.0,True,NASA_CDAWEB_OMNI_HRO_1MIN,False
2024-11-25 05:21:00,,,,,,,,,,,False,False,,,,,,,,,,False,4.96,-3.46,2.72,383.8,7.0,55192.0,True,NASA_CDAWEB_OMNI_HRO_1MIN,False
2024-11-25 05:22:00,,,,,,,,,,,False,False,,,,,,,,,,False,4.75,-3.75,3.63,382.6,6.57,50167.0,True,NASA_CDAWEB_OMNI_HRO_1MIN,False
2024-11-25 05:23:00,,,,,,,,,,,False,False,,,,,,,,,,False,4.28,-5.16,3.86,398.0,6.77,75958.0,True,NASA_CDAWEB_OMNI_HRO_1MIN,False
2024-11-25 05:24:00,,,,,,,,,,,False,False,,,,,,,,,,False,5.31,-2.49,1.42,399.9,6.56,72283.0,True,NASA_CDAWEB_OMNI_HRO_1MIN,False
2024-11-25 05:25:00,,,,,,,,,,,False,False,,,,,,,,,,False,3.76,-3.68,5.94,,,,False,NASA_CDAWEB_OMNI_HRO_1MIN,False
2024-11-25 05:26:00,,,,,,,,,,,False,False,,,,,,,,,,False,3.24,-4.34,5.69,407.7,5.97,72094.0,True,NASA_CDAWEB_OMNI_HRO_1MIN,False
2024-11-25 05:27:00,,,,,,,,,,,False,False,,,,,,,,,,False,3.94,-2.35,2.97,407.7,5.97,72094.0,True,NASA_CDAWEB_OMNI_HRO_1MIN,False
2024-11-25 05:28:00,,,,,,,,,,,False,False,,,,,,,,,,False,2.63,-3.88,-3.18,422.5,6.81,132278.0,True,NASA_CDAWEB_OMNI_HRO_1MIN,False
2024-11-25 05:29:00,,,,,,,,,,,False,False,,,,,,,,,,False,3.5,-3.17,-0.49,425.4,6.98,144018.0,True,NASA_CDAWEB_OMNI_HRO_1MIN,False
2024-11-25 05:30:00,,,,,,,,,,,False,False,,,,,,,,,,False,3.65,-2.29,-0.66,400.9,5.51,64811.0,True,NASA_CDAWEB_OMNI_HRO_1MIN,False
2024-11-25 05:31:00,,,,,,,,,,,False,False,,,,,,,,,,False,2.71,-3.27,-3.12,413.0,6.06,95311.0,True,NASA_CDAWEB_OMNI_HRO_1MIN,False
2024-11-25 05:32:00,,,,,,,,,,,False,False,,,,,,,,,,False,3.65,-3.27,0.65,425.1,6.73,133150.0,True,NASA_CDAWEB_OMNI_HRO_1MIN,False
2024-11-25 05:33:00,,,,,,,,,,,False,False,,,,,,,,,,False,2.86,-4.24,-0.27,421.8,6.66,130533.0,True,NASA_CDAWEB_OMNI_HRO_1MIN,False
2024-11-25 05:34:00,,,,,,,,,,,False,False,,,,,,,,,,False,3.37,-3.81,0.01,408.3,5.84,88788.0,True,NASA_CDAWEB_OMNI_HRO_1MIN,False
2024-11-25 05:35:00,,,,,,,,,,,False,False,,,,,,,,,,False,4.09,-2.99,0.06,392.6,6.99,138313.0,True,NASA_CDAWEB_OMNI_HRO_1MIN,False
2024-11-25 05:36:00,,,,,,,,,,,False,False,,,,,,,,,,False,3.57,-3.3,-1.31,404.0,5.78,74569.0,True,NASA_CDAWEB_OMNI_HRO_1MIN,False
2024-11-25 05:37:00,,,,,,,,,,,False,False,,,,,,,,,,False,3.93,-3.12,-0.51,405.1,5.66,68668.0,True,NASA_CDAWEB_OMNI_HRO_1MIN,False
2024-11-25 05:38:00,,,,,,,,,,,False,False,,,,,,,,,,False,3.52,-3.86,-0.5,429.8,6.69,128910.0,True,NASA_CDAWEB_OMNI_HRO_1MIN,False
2024-11-25 05:39:00,,,,,,,,,,,False,False,,,,,,,,,,False,3.46,-4.16,-0.26,429.4,6.7,128956.0,True,NASA_CDAWEB_OMNI_HRO_1MIN,False
2024-11-25 05:40:00,,,,,,,,,,,False,False,,,,,,,,,,False,3.14,-3.66,-1.66,396.9,7.11,131127.0,True,NASA_CDAWEB_OMNI_HRO_1MIN,False
2024-11-25 05:41:00,,,,,,,,,,,False,False,,,,,,,,,,False,4.49,-1.66,-0.44,409.5,6.6,117918.0,True,NASA_CDAWEB_OMNI_HRO_1MIN,False
2024-11-25 05:42:00,,,,,,,,,,,False,False,,,,,,,,,,False,3.45,-3.92,-1.48,411.4,6.51,118634.0,True,NASA_CDAWEB_OMNI_HRO_1MIN,False
2024-11-25 05:43:00,,,,,,,,,,,False,False,,,,,,,,,,False,3.78,-4.26,-0.29,413.4,6.2,98984.0,True,NASA_CDAWEB_OMNI_HRO_1MIN,False
2024-11-25 05:44:00,,,,,,,,,,,False,False,,,,,,,,,,False,4.34,-2.98,-0.23,422.5,6.58,120668.0,True,NASA_CDAWEB_OMNI_HRO_1MIN,False
2024-11-25 05:45:00,,,,,,,,,,,False,False,,,,,,,,,,False,3.77,-3.43,0.15,,,,False,NASA_CDAWEB_OMNI_HRO_1MIN,False
2024-11-25 05:46:00,,,,,,,,,,,False,False,,,,,,,,,,False,3.38,-4.12,-2.87,406.4,5.99,89025.0,True,NASA_CDAWEB_OMNI_HRO_1MIN,False
2024-11-25 05:47:00,,,,,,,,,,,False,False,,,,,,,,,,False,4.06,-1.47,-3.51,406.4,5.99,89025.0,True,NASA_CDAWEB_OMNI_HRO_1MIN,False
2024-11-25 05:48:00,,,,,,,,,,,False,False,,,,,,,,,,False,4.4,-2.51,-0.73,398.6,6.68,119251.0,True,NASA_CDAWEB_OMNI_HRO_1MIN,False
2024-11-25 05:49:00,,,,,,,,,,,False,False,,,,,,,,,,False,4.29,-2.82,-1.33,405.9,6.79,131675.0,True,NASA_CDAWEB_OMNI_HRO_1MIN,False
2024-11-25 05:50:00,,,,,,,,,,,False,False,,,,,,,,,,False,3.33,-3.7,-1.12,415.8,6.73,136044.0,True,NASA_CDAWEB_OMNI_HRO_1MIN,False
2024-11-25 05:51:00,,,,,,,,,,,False,False,,,,,,,,,,False,3.96,-2.74,-2.49,398.2,6.81,147761.0,True,NASA_CDAWEB_OMNI_HRO_1MIN,False
2024-11-25 05:52:00,,,,,,,,,,,False,False,,,,,,,,,,False,4.12,-2.9,-1.43,404.7,6.77,143505.0,True,NASA_CDAWEB_OMNI_HRO_1MIN,False
2024-11-25 05:53:00,,,,,,,,,,,False,False,,,,,,,,,,False,4.71,-2.43,-0.2,414.7,6.31,110278.0,True,NASA_CDAWEB_OMNI_HRO_1MIN,False
2024-11-25 05:54:00,,,,,,,,,,,False,False,,,,,,,,,,False,3.45,-4.29,-0.27,404.9,6.04,90587.0,True,NASA_CDAWEB_OMNI_HRO_1MIN,False
2024-11-25 05:55:00,,,,,,,,,,,False,False,,,,,,,,,,False,3.6,-5.11,-1.35,401.1,5.57,67937.0,True,NASA_CDAWEB_OMNI_HRO_1MIN,False
2024-11-25 05:56:00,,,,,,,,,,,False,False,,,,,,,,,,False,3.77,-5.1,-1.07,401.1,5.57,67937.0,True,NASA_CDAWEB_OMNI_HRO_1MIN,False
2024-11-25 05:57:00,,,,,,,,,,,False,False,,,,,,,,,,False,2.74,-4.33,0.94,433.9,6.83,109362.0,True,NASA_CDAWEB_OMNI_HRO_1MIN,False
2024-11-25 05:58:00,,,,,,,,,,,False,False,,,,,,,,,,False,3.44,-2.85,-2.04,422.1,6.85,125462.0,True,NASA_CDAWEB_OMNI_HRO_1MIN,False
2024-11-25 05:59:00,,,,,,,,,,,False,False,,,,,,,,,,False,3.36,-2.67,-2.91,409.4,6.35,99333.0,True,NASA_CDAWEB_OMNI_HRO_1MIN,False
2024-11-25 06:00:00,,,,,,,,,,,False,False,,,,,,,,,,False,3.68,-1.83,-2.92,418.7,6.99,113667.0,True,NASA_CDAWEB_OMNI_HRO_1MIN,False
2024-11-25 06:01:00,,,,,,,,,,,False,False,,,,,,,,,,False,3.89,-1.73,-3.1,396.5,6.73,113378.0,True,NASA_CDAWEB_OMNI_HRO_1MIN,False
2024-11-25 06:02:00,,,,,,,,,,,False,False,,,,,,,,,,False,4.23,-1.67,-1.12,405.3,7.13,134211.0,True,NASA_CDAWEB_OMNI_HRO_1MIN,False
2024-11-25 06:03:00,,,,,,,,,,,False,False,,,,,,,,,,False,4.19,-1.83,0.69,408.9,6.81,141142.0,True,NASA_CDAWEB_OMNI_HRO_1MIN,False
2024-11-25 06:04:00,,,,,,,,,,,False,False,,,,,,,,,,False,4.31,-2.72,2.05,411.0,6.48,130783.0,True,NASA_CDAWEB_OMNI_HRO_1MIN,False
2024-11-25 06:05:00,,,,,,,,,,,False,False,,,,,,,,,,False,3.94,-3.08,2.38,417.5,7.23,162983.0,True,NASA_CDAWEB_OMNI_HRO_1MIN,False
2024-11-25 06:06:00,,,,,,,,,,,False,False,,,,,,,,,,False,3.88,-4.4,2.13,421.6,6.99,153577.0,True,NASA_CDAWEB_OMNI_HRO_1MIN,False
2024-11-25 06:07:00,,,,,,,,,,,False,False,,,,,,,,,,False,4.64,-1.89,1.25,422.8,6.94,161270.0,True,NASA_CDAWEB_OMNI_HRO_1MIN,False
2024-11-25 06:08:00,,,,,,,,,,,False,False,,,,,,,,,,False,5.8,-1.42,0.92,415.4,6.98,140478.0,True,NASA_CDAWEB_OMNI_HRO_1MIN,False
2024-11-25 06:09:00,,,,,,,,,,,False,False,,,,,,,,,,False,5.06,-0.77,0.18,403.1,7.35,114375.0,True,NASA_CDAWEB_OMNI_HRO_1MIN,False
2024-11-25 06:10:00,,,,,,,,,,,False,False,,,,,,,,,,False,3.71,-3.66,-3.68,,,,False,NASA_CDAWEB_OMNI_HRO_1MIN,False
2024-11-25 06:11:00,,,,,,,,,,,False,False,,,,,,,,,,False,3.8,-3.26,1.67,406.8,6.83,154707.0,True,NASA_CDAWEB_OMNI_HRO_1MIN,False
2024-11-25 06:12:00,,,,,,,,,,,False,False,,,,,,,,,,False,5.23,-0.85,-1.4,405.0,6.86,155276.0,True,NASA_CDAWEB_OMNI_HRO_1MIN,False
2024-11-25 06:13:00,,,,,,,,,,,False,False,,,,,,,,,,False,4.34,-3.59,-3.28,404.0,6.87,155583.0,True,NASA_CDAWEB_OMNI_HRO_1MIN,False
2024-11-25 06:14:00,,,,,,,,,,,False,False,,,,,,,,,,False,4.53,-3.52,-0.02,414.7,6.98,151190.0,True,NASA_CDAWEB_OMNI_HRO_1MIN,False
2024-11-25 06:15:00,,,,,,,,,,,False,False,,,,,,,,,,False,3.64,-3.13,-0.71,414.7,6.98,151190.0,True,NASA_CDAWEB_OMNI_HRO_1MIN,False
2024-11-25 06:16:00,,,,,,,,,,,False,False,,,,,,,,,,False,4.48,-2.22,-2.07,,,,False,NASA_CDAWEB_OMNI_HRO_1MIN,False
2024-11-25 06:17:00,,,,,,,,,,,False,False,,,,,,,,,,False,3.24,-3.58,-2.66,421.1,6.76,133076.0,True,NASA_CDAWEB_OMNI_HRO_1MIN,False
2024-11-25 06:18:00,,,,,,,,,,,False,False,,,,,,,,,,False,2.61,-3.59,-4.99,421.1,6.76,133076.0,True,NASA_CDAWEB_OMNI_HRO_1MIN,False
2024-11-25 06:19:00,,,,,,,,,,,False,False,,,,,,,,,,False,3.55,-3.43,0.13,421.1,6.76,133076.0,True,NASA_CDAWEB_OMNI_HRO_1MIN,False
2024-11-25 06:20:00,,,,,,,,,,,False,False,,,,,,,,,,False,3.07,-3.74,-4.65,,,,False,NASA_CDAWEB_OMNI_HRO_1MIN,False
2024-11-25 06:21:00,,,,,,,,,,,False,False,,,,,,,,,,False,3.49,-3.6,-2.95,422.4,6.71,131774.0,True,NASA_CDAWEB_OMNI_HRO_1MIN,False
2024-11-25 06:22:00,,,,,,,,,,,False,False,,,,,,,,,,False,3.13,-3.61,-3.71,422.4,6.71,131774.0,True,NASA_CDAWEB_OMNI_HRO_1MIN,False
2024-11-25 06:23:00,,,,,,,,,,,False,False,,,,,,,,,,False,3.35,-3.0,0.25,422.4,6.71,131774.0,True,NASA_CDAWEB_OMNI_HRO_1MIN,False
2024-11-25 06:24:00,,,,,,,,,,,False,False,,,,,,,,,,False,3.9,-3.43,-1.02,,,,False,NASA_CDAWEB_OMNI_HRO_1MIN,False
2024-11-25 06:25:00,,,,,,,,,,,False,False,,,,,,,,,,False,3.6,-3.31,-4.5,,,,False,NASA_CDAWEB_OMNI_HRO_1MIN,False
2024-11-25 06:26:00,,,,,,,,,,,False,False,,,,,,,,,,False,4.56,-3.1,-0.57,418.9,6.76,138349.0,True,NASA_CDAWEB_OMNI_HRO_1MIN,False
2024-11-25 06:27:00,,,,,,,,,,,False,False,,,,,,,,,,False,3.63,-2.94,-1.33,418.9,6.76,138349.0,True,NASA_CDAWEB_OMNI_HRO_1MIN,False
2024-11-25 06:28:00,,,,,,,,,,,False,False,,,,,,,,,,False,3.64,-2.73,-4.15,415.9,6.62,134108.0,True,NASA_CDAWEB_OMNI_HRO_1MIN,False
2024-11-25 06:29:00,,,,,,,,,,,False,False,,,,,,,,,,False,4.15,-2.94,-2.89,410.0,6.36,125967.0,True,NASA_CDAWEB_OMNI_HRO_1MIN,False
2024-11-25 06:30:00,,,,,,,,,,,False,False,,,,,,,,,,False,3.39,-3.08,-4.78,415.8,6.51,129382.0,True,NASA_CDAWEB_OMNI_HRO_1MIN,False
2024-11-25 06:31:00,,,,,,,,,,,False,False,,,,,,,,,,False,4.37,-2.83,1.38,421.7,6.67,132906.0,True,NASA_CDAWEB_OMNI_HRO_1MIN,False
2024-11-25 06:32:00,,,,,,,,,,,False,False,,,,,,,,,,False,3.4,-3.24,-4.65,421.7,6.67,132906.0,True,NASA_CDAWEB_OMNI_HRO_1MIN,False
2024-11-25 06:33:00,,,,,,,,,,,False,False,,,,,,,,,,False,3.85,-3.46,-1.1,,,,False,NASA_CDAWEB_OMNI_HRO_1MIN,False
2024-11-25 06:34:00,,,,,,,,,,,False,False,,,,,,,,,,False,3.35,-3.03,-4.63,,,,False,NASA_CDAWEB_OMNI_HRO_1MIN,False
2024-11-25 06:35:00,,,,,,,,,,,False,False,,,,,,,,,,False,3.84,-2.58,-0.84,419.0,6.56,151315.0,True,NASA_CDAWEB_OMNI_HRO_1MIN,False
2024-11-25 06:36:00,,,,,,,,,,,False,False,,,,,,,,,,False,4.28,-3.22,-1.3,420.1,6.67,141024.0,True,NASA_CDAWEB_OMNI_HRO_1MIN,False
2024-11-25 06:37:00,,,,,,,,,,,False,False,,,,,,,,,,False,3.69,-3.04,-4.39,420.6,6.71,136848.0,True,NASA_CDAWEB_OMNI_HRO_1MIN,False
2024-11-25 06:38:00,,,,,,,,,,,False,False,,,,,,,,,,False,4.42,-2.94,-0.27,,,,False,NASA_CDAWEB_OMNI_HRO_1MIN,False
2024-11-25 06:39:00,,,,,,,,,,,False,False,,,,,,,,,,False,4.21,-2.6,0.67,,,,False,NASA_CDAWEB_OMNI_HRO_1MIN,False
2024-11-25 06:40:00,,,,,,,,,,,False,False,,,,,,,,,,False,4.65,-2.97,0.0,,,,False,NASA_CDAWEB_OMNI_HRO_1MIN,False
2024-11-25 06:41:00,,,,,,,,,,,False,False,,,,,,,,,,False,3.92,-3.02,-4.45,413.6,6.78,146568.0,True,NASA_CDAWEB_OMNI_HRO_1MIN,False
2024-11-25 06:42:00,,,,,,,,,,,False,False,,,,,,,,,,False,4.47,-2.69,-0.6,413.6,6.78,146430.0,True,NASA_CDAWEB_OMNI_HRO_1MIN,False
2024-11-25 06:43:00,,,,,,,,,,,False,False,,,,,,,,,,False,4.58,-2.55,-1.96,410.2,6.49,119373.0,True,NASA_CDAWEB_OMNI_HRO_1MIN,False
2024-11-25 06:44:00,,,,,,,,,,,False,False,,,,,,,,,,False,4.08,-2.58,-4.44,410.1,6.48,118249.0,True,NASA_CDAWEB_OMNI_HRO_1MIN,False
2024-11-25 06:45:00,,,,,,,,,,,False,False,,,,,,,,,,False,4.63,-2.47,1.59,416.0,6.95,147761.0,True,NASA_CDAWEB_OMNI_HRO_1MIN,False
2024-11-25 06:46:00,,,,,,,,,,,False,False,,,,,,,,,,False,3.98,-2.78,-4.41,416.0,6.95,147761.0,True,NASA_CDAWEB_OMNI_HRO_1MIN,False
2024-11-25 06:47:00,,,,,,,,,,,False,False,,,,,,,,,,False,4.09,-2.55,-3.62,416.0,6.95,147761.0,True,NASA_CDAWEB_OMNI_HRO_1MIN,False
2024-11-25 06:48:00,,,,,,,,,,,False,False,,,,,,,,,,False,4.07,-2.54,-3.49,,,,False,NASA_CDAWEB_OMNI_HRO_1MIN,False
2024-11-25 06:49:00,,,,,,,,,,,False,False,,,,,,,,,,False,4.16,-2.07,1.59,416.8,6.8,146211.0,True,NASA_CDAWEB_OMNI_HRO_1MIN,False
2024-11-25 06:50:00,,,,,,,,,,,False,False,,,,,,,,,,False,4.58,-2.33,-0.08,416.8,6.8,146211.0,True,NASA_CDAWEB_OMNI_HRO_1MIN,False
2024-11-25 06:51:00,,,,,,,,,,,False,False,,,,,,,,,,False,3.99,-2.01,-4.43,416.8,6.8,146211.0,True,NASA_CDAWEB_OMNI_HRO_1MIN,False
2024-11-25 06:52:00,,,,,,,,,,,False,False,,,,,,,,,,False,4.45,-2.1,1.67,,,,False,NASA_CDAWEB_OMNI_HRO_1MIN,False
2024-11-25 06:53:00,,,,,,,,,,,False,False,,,,,,,,,,False,3.42,-2.04,-4.66,,,,False,NASA_CDAWEB_OMNI_HRO_1MIN,False
2024-11-25 06:54:00,,,,,,,,,,,False,False,,,,,,,,,,False,2.69,-1.81,-5.33,427.2,6.87,150887.0,True,NASA_CDAWEB_OMNI_HRO_1MIN,False
2024-11-25 06:55:00,,,,,,,,,,,False,False,,,,,,,,,,False,3.35,-1.98,0.06,427.2,6.87,150887.0,True,NASA_CDAWEB_OMNI_HRO_1MIN,False
2024-11-25 06:56:00,,,,,,,,,,,False,False,,,,,,,,,,False,2.54,-2.06,-5.31,427.2,6.87,150887.0,True,NASA_CDAWEB_OMNI_HRO_1MIN,False
2024-11-25 06:57:00,,,,,,,,,,,False,False,,,,,,,,,,False,4.61,-2.52,-0.89,,,,False,NASA_CDAWEB_OMNI_HRO_1MIN,False
2024-11-25 06:58:00,,,,,,,,,,,False,False,,,,,,,,,,False,3.24,-2.18,-4.46,430.6,6.59,144136.0,True,NASA_CDAWEB_OMNI_HRO_1MIN,False
2024-11-25 06:59:00,,,,,,,,,,,False,False,,,,,,,,,,False,3.84,-2.46,-3.1,425.1,6.61,143512.0,True,NASA_CDAWEB_OMNI_HRO_1MIN,False
2024-11-25 07:00:00,,,,,,,,,,,False,False,,,,,,,,,,False,4.01,-2.03,-2.82,411.0,6.83,148240.0,True,NASA_CDAWEB_OMNI_HRO_1MIN,False
2024-11-25 07:01:00,,,,,,,,,,,False,False,,,,,,,,,,False,3.51,-5.3,-1.19,405.0,6.95,150766.0,True,NASA_CDAWEB_OMNI_HRO_1MIN,False
2024-11-25 07:02:00,,,,,,,,,,,False,False,,,,,,,,,,False,4.26,-4.73,-0.16,420.1,7.01,157175.0,True,NASA_CDAWEB_OMNI_HRO_1MIN,False
2024-11-25 07:03:00,,,,,,,,,,,False,False,,,,,,,,,,False,3.62,-3.3,2.07,420.1,7.01,157175.0,True,NASA_CDAWEB_OMNI_HRO_1MIN,False
2024-11-25 07:04:00,,,,,,,,,,,False,False,,,,,,,,,,False,5.32,-3.68,0.68,,,,False,NASA_CDAWEB_OMNI_HRO_1MIN,False
2024-11-25 07:05:00,,,,,,,,,,,False,False,,,,,,,,,,False,6.07,-2.96,2.08,,,,False,NASA_CDAWEB_OMNI_HRO_1MIN,False
2024-11-25 07:06:00,,,,,,,,,,,False,False,,,,,,,,,,False,,,,,,,False,NASA_CDAWEB_OMNI_HRO_1MIN,False
2024-11-25 07:07:00,,,,,,,,,,,False,False,,,,,,,,,,False,5.24,-4.0,-0.06,,,,False,NASA_CDAWEB_OMNI_HRO_1MIN,False
2024-11-25 07:08:00,,,,,,,,,,,False,False,,,,,,,,,,False,3.61,-1.56,5.63,,,,False,NASA_CDAWEB_OMNI_HRO_1MIN,False
2024-11-25 07:09:00,,,,,,,,,,,False,False,,,,,,,,,,False,5.86,-3.17,2.26,,,,False,NASA_CDAWEB_OMNI_HRO_1MIN,False
2024-11-25 07:10:00,,,,,,,,,,,False,False,,,,,,,,,,False,4.45,-4.46,-1.89,,,,False,NASA_CDAWEB_OMNI_HRO_1MIN,False
2024-11-25 07:11:00,,,,,,,,,,,False,False,,,,,,,,,,False,5.69,-3.46,2.21,,,,False,NASA_CDAWEB_OMNI_HRO_1MIN,False
2024-11-25 07:12:00,,,,,,,,,,,False,False,,,,,,,,,,False,3.44,-1.3,5.26,,,,False,NASA_CDAWEB_OMNI_HRO_1MIN,False
2024-11-25 07:13:00,,,,,,,,,,,False,False,,,,,,,,,,False,4.68,-4.16,-1.85,411.7,6.79,147642.0,True,NASA_CDAWEB_OMNI_HRO_1MIN,False
2024-11-25 07:14:00,,,,,,,,,,,False,False,,,,,,,,,,False,6.09,-2.89,2.29,411.7,6.79,147642.0,True,NASA_CDAWEB_OMNI_HRO_1MIN,False
2024-11-25 07:15:00,,,,,,,,,,,False,False,,,,,,,,,,False,,,,409.2,6.81,143609.0,False,NASA_CDAWEB_OMNI_HRO_1MIN,False
2024-11-25 07:16:00,,,,,,,,,,,False,False,,,,,,,,,,False,4.96,-3.71,0.29,402.4,6.87,132850.0,True,NASA_CDAWEB_OMNI_HRO_1MIN,False
2024-11-25 07:17:00,,,,,,,,,,,False,False,,,,,,,,,,False,2.99,-0.78,5.92,402.4,6.87,132850.0,True,NASA_CDAWEB_OMNI_HRO_1MIN,False
2024-11-25 07:18:00,,,,,,,,,,,False,False,,,,,,,,,,False,4.8,-3.45,0.83,,,,False,NASA_CDAWEB_OMNI_HRO_1MIN,False
2024-11-25 07:19:00,,,,,,,,,,,False,False,,,,,,,,,,False,4.62,-4.21,-1.03,,,,False,NASA_CDAWEB_OMNI_HRO_1MIN,False
2024-11-25 07:20:00,,,,,,,,,,,False,False,,,,,,,,,,False,5.34,-2.42,3.06,,,,False,NASA_CDAWEB_OMNI_HRO_1MIN,False
2024-11-25 07:21:00,,,,,,,,,,,False,False,,,,,,,,,,False,4.66,-2.92,1.17,,,,False,NASA_CDAWEB_OMNI_HRO_1MIN,False
2024-11-25 07:22:00,,,,,,,,,,,False,False,,,,,,,,,,False,5.63,-1.98,4.01,,,,False,NASA_CDAWEB_OMNI_HRO_1MIN,False
2024-11-25 07:23:00,,,,,,,,,,,False,False,,,,,,,,,,False,5.49,-3.07,1.27,,,,False,NASA_CDAWEB_OMNI_HRO_1MIN,False
2024-11-25 07:24:00,,,,,,,,,,,False,False,,,,,,,,,,False,5.09,-4.13,-0.96,,,,False,NASA_CDAWEB_OMNI_HRO_1MIN,False
2024-11-25 07:25:00,,,,,,,,,,,False,False,,,,,,,,,,False,5.35,-2.37,0.59,416.7,6.78,138117.0,True,NASA_CDAWEB_OMNI_HRO_1MIN,False
2024-11-25 07:26:00,,,,,,,,,,,False,False,,,,,,,,,,False,4.96,-3.84,-1.57,411.0,6.83,143683.0,True,NASA_CDAWEB_OMNI_HRO_1MIN,False
2024-11-25 07:27:00,,,,,,,,,,,False,False,,,,,,,,,,False,5.63,-2.96,1.44,405.1,6.97,146594.0,True,NASA_CDAWEB_OMNI_HRO_1MIN,False
2024-11-25 07:28:00,,,,,,,,,,,False,False,,,,,,,,,,False,5.14,-3.84,-1.29,406.3,7.31,134385.0,True,NASA_CDAWEB_OMNI_HRO_1MIN,False
2024-11-25 07:29:00,,,,,,,,,,,False,False,,,,,,,,,,False,4.53,-2.3,-4.37,406.3,7.31,134385.0,True,NASA_CDAWEB_OMNI_HRO_1MIN,False
2024-11-25 07:30:00,,,,,,,,,,,False,False,,,,,,,,,,False,5.19,-2.86,-0.65,,,,False,NASA_CDAWEB_OMNI_HRO_1MIN,False
2024-11-25 07:31:00,,,,,,,,,,,False,False,,,,,,,,,,False,5.04,-3.28,-2.59,408.2,6.54,131831.0,True,NASA_CDAWEB_OMNI_HRO_1MIN,False
2024-11-25 07:32:00,,,,,,,,,,,False,False,,,,,,,,,,False,5.26,-2.57,-1.08,408.2,6.54,131831.0,True,NASA_CDAWEB_OMNI_HRO_1MIN,False
2024-11-25 07:33:00,,,,,,,,,,,False,False,,,,,,,,,,False,,,,,,,False,NASA_CDAWEB_OMNI_HRO_1MIN,False
2024-11-25 07:34:00,,,,,,,,,,,False,False,,,,,,,,,,False,5.18,-3.13,-2.81,,,,False,NASA_CDAWEB_OMNI_HRO_1MIN,False
2024-11-25 07:35:00,,,,,,,,,,,False,False,,,,,,,,,,False,5.5,-2.01,2.06,,,,False,NASA_CDAWEB_OMNI_HRO_1MIN,False
2024-11-25 07:36:00,,,,,,,,,,,False,False,,,,,,,,,,False,5.3,-3.33,-2.4,,,,False,NASA_CDAWEB_OMNI_HRO_1MIN,False
2024-11-25 07:37:00,,,,,,,,,,,False,False,,,,,,,,,,False,5.31,-2.39,-0.15,,,,False,NASA_CDAWEB_OMNI_HRO_1MIN,False
2024-11-25 07:38:00,,,,,,,,,,,False,False,,,,,,,,,,False,5.21,-3.46,-2.34,,,,False,NASA_CDAWEB_OMNI_HRO_1MIN,False
2024-11-25 07:39:00,,,,,,,,,,,False,False,,,,,,,,,,False,4.61,-2.96,-3.97,,,,False,NASA_CDAWEB_OMNI_HRO_1MIN,False
2024-11-25 07:40:00,,,,,,,,,,,False,False,,,,,,,,,,False,6.11,-2.37,2.84,,,,False,NASA_CDAWEB_OMNI_HRO_1MIN,False
2024-11-25 07:41:00,,,,,,,,,,,False,False,,,,,,,,,,False,,,,,,,False,NASA_CDAWEB_OMNI_HRO_1MIN,False
2024-11-25 07:42:00,,,,,,,,,,,False,False,,,,,,,,,,False,5.4,-3.47,-0.57,,,,False,NASA_CDAWEB_OMNI_HRO_1MIN,False
2024-11-25 07:43:00,,,,,,,,,,,False,False,,,,,,,,,,False,6.24,-2.46,2.66,,,,False,NASA_CDAWEB_OMNI_HRO_1MIN,False
2024-11-25 07:44:00,,,,,,,,,,,False,False,,,,,,,,,,False,5.22,-3.86,-1.48,399.7,6.59,102895.0,True,NASA_CDAWEB_OMNI_HRO_1MIN,False
2024-11-25 07:45:00,,,,,,,,,,,False,False,,,,,,,,,,False,6.24,-2.52,2.52,399.7,6.59,102895.0,True,NASA_CDAWEB_OMNI_HRO_1MIN,False
2024-11-25 07:46:00,,,,,,,,,,,False,False,,,,,,,,,,False,,,,399.7,6.59,102895.0,False,NASA_CDAWEB_OMNI_HRO_1MIN,False
2024-11-25 07:47:00,,,,,,,,,,,False,False,,,,,,,,,,False,6.25,-2.04,3.24,,,,False,NASA_CDAWEB_OMNI_HRO_1MIN,False
2024-11-25 07:48:00,,,,,,,,,,,False,False,,,,,,,,,,False,5.2,-3.6,-2.12,407.7,7.04,158164.0,True,NASA_CDAWEB_OMNI_HRO_1MIN,False
2024-11-25 07:49:00,,,,,,,,,,,False,False,,,,,,,,,,False,6.11,-2.63,2.8,407.7,7.04,158164.0,True,NASA_CDAWEB_OMNI_HRO_1MIN,False
2024-11-25 07:50:00,,,,,,,,,,,False,False,,,,,,,,,,False,,,,407.7,7.04,158164.0,False,NASA_CDAWEB_OMNI_HRO_1MIN,False
2024-11-25 07:51:00,,,,,,,,,,,False,False,,,,,,,,,,False,6.25,-2.69,2.78,,,,False,NASA_CDAWEB_OMNI_HRO_1MIN,False
2024-11-25 07:52:00,,,,,,,,,,,False,False,,,,,,,,,,False,,,,,,,False,NASA_CDAWEB_OMNI_HRO_1MIN,False
2024-11-25 07:53:00,,,,,,,,,,,False,False,,,,,,,,,,False,6.32,-2.42,2.91,,,,False,NASA_CDAWEB_OMNI_HRO_1MIN,False
2024-11-25 07:54:00,,,,,,,,,,,False,False,,,,,,,,,,False,6.32,-2.42,2.91,,,,False,NASA_CDAWEB_OMNI_HRO_1MIN,False
2024-11-25 07:55:00,,,,,,,,,,,False,False,,,,,,,,,,False,,,,,,,False,NASA_CDAWEB_OMNI_HRO_1MIN,False
2024-11-25 07:56:00,,,,,,,,,,,False,False,,,,,,,,,,False,6.49,-2.12,3.06,,,,False,NASA_CDAWEB_OMNI_HRO_1MIN,False
2024-11-25 07:57:00,,,,,,,,,,,False,False,,,,,,,,,,False,,,,,,,False,NASA_CDAWEB_OMNI_HRO_1MIN,False
2024-11-25 07:58:00,,,,,,,,,,,False,False,,,,,,,,,,False,6.53,-2.07,2.95,,,,False,NASA_CDAWEB_OMNI_HRO_1MIN,False
2024-11-25 07:59:00,,,,,,,,,,,False,False,,,,,,,,,,False,,,,,,,False,NASA_CDAWEB_OMNI_HRO_1MIN,False
2024-11-25 08:00:00,,,,,,,,,,,False,False,,,,,,,,,,False,6.58,-2.25,2.81,399.3,7.12,127129.0,True,NASA_CDAWEB_OMNI_HRO_1MIN,False
2024-11-25 08:01:00,,,,,,,,,,,False,False,,,,,,,,,,False,,,,399.3,7.12,127129.0,False,NASA_CDAWEB_OMNI_HRO_1MIN,False
2024-11-25 08:02:00,,,,,,,,,,,False,False,,,,,,,,,,False,,,,399.3,7.12,127129.0,False,NASA_CDAWEB_OMNI_HRO_1MIN,False
2024-11-25 08:03:00,,,,,,,,,,,False,False,,,,,,,,,,False,6.6,-2.39,2.62,,,,False,NASA_CDAWEB_OMNI_HRO_1MIN,False
2024-11-25 08:04:00,,,,,,,,,,,False,False,,,,,,,,,,False,,,,,,,False,NASA_CDAWEB_OMNI_HRO_1MIN,False
2024-11-25 08:05:00,,,,,,,,,,,False,False,,,,,,,,,,False,6.52,-2.42,2.63,,,,False,NASA_CDAWEB_OMNI_HRO_1MIN,False
2024-11-25 08:06:00,,,,,,,,,,,False,False,,,,,,,,,,False,6.52,-2.42,2.63,,,,False,NASA_CDAWEB_OMNI_HRO_1MIN,False
2024-11-25 08:07:00,,,,,,,,,,,False,False,,,,,,,,,,False,,,,,,,False,NASA_CDAWEB_OMNI_HRO_1MIN,False
2024-11-25 08:08:00,,,,,,,,,,,False,False,,,,,,,,,,False,6.55,-2.32,2.54,,,,False,NASA_CDAWEB_OMNI_HRO_1MIN,False
2024-11-25 08:09:00,,,,,,,,,,,False,False,,,,,,,,,,False,,,,,,,False,NASA_CDAWEB_OMNI_HRO_1MIN,False
2024-11-25 08:10:00,,,,,,,,,,,False,False,,,,,,,,,,False,6.79,-2.25,1.92,,,,False,NASA_CDAWEB_OMNI_HRO_1MIN,False
2024-11-25 08:11:00,,,,,,,,,,,False,False,,,,,,,,,,False,6.79,-2.25,1.92,,,,False,NASA_CDAWEB_OMNI_HRO_1MIN,False
2024-11-25 08:12:00,,,,,,,,,,,False,False,,,,,,,,,,False,,,,,,,False,NASA_CDAWEB_OMNI_HRO_1MIN,False
2024-11-25 08:13:00,,,,,,,,,,,False,False,,,,,,,,,,False,6.8,-2.05,1.94,,,,False,NASA_CDAWEB_OMNI_HRO_1MIN,False
2024-11-25 08:14:00,,,,,,,,,,,False,False,,,,,,,,,,False,,,,,,,False,NASA_CDAWEB_OMNI_HRO_1MIN,False
2024-11-25 08:15:00,,,,,,,,,,,False,False,,,,,,,,,,False,6.9,-2.0,1.82,396.7,6.98,120722.0,True,NASA_CDAWEB_OMNI_HRO_1MIN,False
2024-11-25 08:16:00,,,,,,,,,,,False,False,,,,,,,,,,False,,,,396.7,6.98,120722.0,False,NASA_CDAWEB_OMNI_HRO_1MIN,False
2024-11-25 08:17:00,,,,,,,,,,,False,False,,,,,,,,,,False,6.85,-2.13,1.81,396.7,6.98,120722.0,True,NASA_CDAWEB_OMNI_HRO_1MIN,False
2024-11-25 08:18:00,,,,,,,,,,,False,False,,,,,,,,,,False,3.75,-0.09,-4.26,,,,False,NASA_CDAWEB_OMNI_HRO_1MIN,False
2024-11-25 08:19:00,,,,,,,,,,,False,False,,,,,,,,,,False,2.61,0.66,-6.5,,,,False,NASA_CDAWEB_OMNI_HRO_1MIN,False
2024-11-25 08:20:00,,,,,,,,,,,False,False,,,,,,,,,,False,6.89,-2.17,1.7,,,,False,NASA_CDAWEB_OMNI_HRO_1MIN,False
2024-11-25 08:21:00,,,,,,,,,,,False,False,,,,,,,,,,False,,,,,,,False,NASA_CDAWEB_OMNI_HRO_1MIN,False
2024-11-25 08:22:00,,,,,,,,,,,False,False,,,,,,,,,,False,7.02,-2.08,1.59,,,,False,NASA_CDAWEB_OMNI_HRO_1MIN,False
2024-11-25 08:23:00,,,,,,,,,,,False,False,,,,,,,,,,False,,,,,,,False,NASA_CDAWEB_OMNI_HRO_1MIN,False
2024-11-25 08:24:00,,,,,,,,,,,False,False,,,,,,,,,,False,6.93,-2.09,0.36,,,,False,NASA_CDAWEB_OMNI_HRO_1MIN,False
2024-11-25 08:25:00,,,,,,,,,,,False,False,,,,,,,,,,False,6.48,-1.17,-2.62,,,,False,NASA_CDAWEB_OMNI_HRO_1MIN,False
2024-11-25 08:26:00,,,,,,,,,,,False,False,,,,,,,,,,False,6.74,-2.77,1.29,,,,False,NASA_CDAWEB_OMNI_HRO_1MIN,False
2024-11-25 08:27:00,,,,,,,,,,,False,False,,,,,,,,,,False,6.44,-0.41,-2.72,401.1,7.42,125856.0,True,NASA_CDAWEB_OMNI_HRO_1MIN,False
2024-11-25 08:28:00,,,,,,,,,,,False,False,,,,,,,,,,False,6.21,-3.4,0.89,401.2,7.33,125689.0,True,NASA_CDAWEB_OMNI_HRO_1MIN,False
2024-11-25 08:29:00,,,,,,,,,,,False,False,,,,,,,,,,False,5.31,-2.32,-0.49,401.6,6.81,123233.0,True,NASA_CDAWEB_OMNI_HRO_1MIN,False
2024-11-25 08:30:00,,,,,,,,,,,False,False,,,,,,,,,,False,5.92,-3.86,1.05,401.3,6.9,113750.0,True,NASA_CDAWEB_OMNI_HRO_1MIN,False
2024-11-25 08:31:00,,,,,,,,,,,False,False,,,,,,,,,,False,5.96,-3.36,-0.16,401.3,6.9,113378.0,True,NASA_CDAWEB_OMNI_HRO_1MIN,False
2024-11-25 08:32:00,,,,,,,,,,,False,False,,,,,,,,,,False,5.98,-3.5,-1.97,,,,False,NASA_CDAWEB_OMNI_HRO_1MIN,False
2024-11-25 08:33:00,,,,,,,,,,,False,False,,,,,,,,,,False,5.63,-4.22,2.28,,,,False,NASA_CDAWEB_OMNI_HRO_1MIN,False
2024-11-25 08:34:00,,,,,,,,,,,False,False,,,,,,,,,,False,5.84,-3.63,-0.58,,,,False,NASA_CDAWEB_OMNI_HRO_1MIN,False
2024-11-25 08:35:00,,,,,,,,,,,False,False,,,,,,,,,,False,5.53,-4.29,2.43,,,,False,NASA_CDAWEB_OMNI_HRO_1MIN,False
2024-11-25 08:36:00,,,,,,,,,,,False,False,,,,,,,,,,False,5.36,-4.28,-0.16,,,,False,NASA_CDAWEB_OMNI_HRO_1MIN,False
2024-11-25 08:37:00,,,,,,,,,,,False,False,,,,,,,,,,False,5.46,-2.74,1.0,405.4,7.32,148120.0,True,NASA_CDAWEB_OMNI_HRO_1MIN,False
2024-11-25 08:38:00,,,,,,,,,,,False,False,,,,,,,,,,False,5.55,-2.86,-1.01,405.4,7.32,148120.0,True,NASA_CDAWEB_OMNI_HRO_1MIN,False
2024-11-25 08:39:00,,,,,,,,,,,False,False,,,,,,,,,,False,5.7,-3.14,-1.38,401.1,6.89,104099.0,True,NASA_CDAWEB_OMNI_HRO_1MIN,False
2024-11-25 08:40:00,,,,,,,,,,,False,False,,,,,,,,,,False,4.28,-1.01,-3.36,412.1,6.61,103386.0,True,NASA_CDAWEB_OMNI_HRO_1MIN,False
2024-11-25 08:41:00,,,,,,,,,,,False,False,,,,,,,,,,False,5.57,-4.17,0.49,417.5,6.44,117327.0,True,NASA_CDAWEB_OMNI_HRO_1MIN,False
2024-11-25 08:42:00,,,,,,,,,,,False,False,,,,,,,,,,False,5.96,-3.03,-0.6,402.5,7.69,184315.0,True,NASA_CDAWEB_OMNI_HRO_1MIN,False
2024-11-25 08:43:00,,,,,,,,,,,False,False,,,,,,,,,,False,4.95,-2.12,-1.47,401.3,7.56,168598.0,True,NASA_CDAWEB_OMNI_HRO_1MIN,False
2024-11-25 08:44:00,,,,,,,,,,,False,False,,,,,,,,,,False,5.57,-3.16,1.65,404.1,7.17,142456.0,True,NASA_CDAWEB_OMNI_HRO_1MIN,False
2024-11-25 08:45:00,,,,,,,,,,,False,False,,,,,,,,,,False,5.59,-3.03,1.46,408.9,7.13,133512.0,True,NASA_CDAWEB_OMNI_HRO_1MIN,False
2024-11-25 08:46:00,,,,,,,,,,,False,False,,,,,,,,,,False,5.6,-3.52,-1.28,406.9,7.4,148244.0,True,NASA_CDAWEB_OMNI_HRO_1MIN,False
2024-11-25 08:47:00,,,,,,,,,,,False,False,,,,,,,,,,False,5.4,-3.72,-0.94,404.0,7.59,157645.0,True,NASA_CDAWEB_OMNI_HRO_1MIN,False
2024-11-25 08:48:00,,,,,,,,,,,False,False,,,,,,,,,,False,5.83,-3.27,-1.09,397.4,7.38,139413.0,True,NASA_CDAWEB_OMNI_HRO_1MIN,False
2024-11-25 08:49:00,,,,,,,,,,,False,False,,,,,,,,,,False,5.67,-3.7,0.08,401.1,7.32,156198.0,True,NASA_CDAWEB_OMNI_HRO_1MIN,False
2024-11-25 08:50:00,,,,,,,,,,,False,False,,,,,,,,,,False,6.09,-2.83,-1.01,403.8,7.1,146167.0,True,NASA_CDAWEB_OMNI_HRO_1MIN,False
2024-11-25 08:51:00,,,,,,,,,,,False,False,,,,,,,,,,False,5.44,-3.28,-0.6,409.4,7.05,128466.0,True,NASA_CDAWEB_OMNI_HRO_1MIN,False
2024-11-25 08:52:00,,,,,,,,,,,False,False,,,,,,,,,,False,5.96,-3.22,0.17,407.3,6.98,133170.0,True,NASA_CDAWEB_OMNI_HRO_1MIN,False
2024-11-25 08:53:00,,,,,,,,,,,False,False,,,,,,,,,,False,4.69,-1.83,-2.39,401.7,6.97,143617.0,True,NASA_CDAWEB_OMNI_HRO_1MIN,False
2024-11-25 08:54:00,,,,,,,,,,,False,False,,,,,,,,,,False,5.68,-3.6,2.45,405.1,6.65,126828.0,True,NASA_CDAWEB_OMNI_HRO_1MIN,False
2024-11-25 08:55:00,,,,,,,,,,,False,False,,,,,,,,,,False,5.47,-3.38,1.4,405.7,6.61,124219.0,True,NASA_CDAWEB_OMNI_HRO_1MIN,False
2024-11-25 08:56:00,,,,,,,,,,,False,False,,,,,,,,,,False,6.01,-2.19,2.07,403.8,6.79,132850.0,True,NASA_CDAWEB_OMNI_HRO_1MIN,False
2024-11-25 08:57:00,,,,,,,,,,,False,False,,,,,,,,,,False,5.81,-2.19,-0.18,401.9,6.64,114481.0,True,NASA_CDAWEB_OMNI_HRO_1MIN,False
2024-11-25 08:58:00,,,,,,,,,,,False,False,,,,,,,,,,False,5.24,-3.46,-0.9,404.4,6.89,123973.0,True,NASA_CDAWEB_OMNI_HRO_1MIN,False
2024-11-25 08:59:00,,,,,,,,,,,False,False,,,,,,,,,,False,6.12,-1.58,2.9,408.3,7.41,141335.0,True,NASA_CDAWEB_OMNI_HRO_1MIN,False
2024-11-25 09:00:00,,,,,,,,,,,False,False,,,,,,,,,,False,5.52,-2.11,-0.07,407.3,8.0,153175.0,True,NASA_CDAWEB_OMNI_HRO_1MIN,False
2024-11-25 09:01:00,,,,,,,,,,,False,False,,,,,,,,,,False,4.06,-1.69,-3.76,397.5,7.02,125332.0,True,NASA_CDAWEB_OMNI_HRO_1MIN,False
2024-11-25 09:02:00,,,,,,,,,,,False,False,,,,,,,,,,False,6.51,-1.75,2.6,400.1,7.08,114261.0,True,NASA_CDAWEB_OMNI_HRO_1MIN,False
2024-11-25 09:03:00,,,,,,,,,,,False,False,,,,,,,,,,False,6.48,-1.01,-1.22,400.3,6.98,96566.0,True,NASA_CDAWEB_OMNI_HRO_1MIN,False
2024-11-25 09:04:00,,,,,,,,,,,False,False,,,,,,,,,,False,5.93,-2.52,0.44,400.7,7.28,112119.0,True,NASA_CDAWEB_OMNI_HRO_1MIN,False
2024-11-25 09:05:00,,,,,,,,,,,False,False,,,,,,,,,,False,6.61,-1.27,2.85,401.0,7.66,138174.0,True,NASA_CDAWEB_OMNI_HRO_1MIN,False
2024-11-25 09:06:00,,,,,,,,,,,False,False,,,,,,,,,,False,6.21,-1.08,0.78,435.1,6.63,110671.0,True,NASA_CDAWEB_OMNI_HRO_1MIN,False
2024-11-25 09:07:00,,,,,,,,,,,False,False,,,,,,,,,,False,5.35,-1.15,1.24,430.6,6.76,116176.0,True,NASA_CDAWEB_OMNI_HRO_1MIN,False
2024-11-25 09:08:00,,,,,,,,,,,False,False,,,,,,,,,,False,6.44,-0.45,3.09,412.0,7.3,138823.0,True,NASA_CDAWEB_OMNI_HRO_1MIN,False
2024-11-25 09:09:00,,,,,,,,,,,False,False,,,,,,,,,,False,5.86,-0.32,4.24,407.3,7.43,144609.0,True,NASA_CDAWEB_OMNI_HRO_1MIN,False
2024-11-25 09:10:00,,,,,,,,,,,False,False,,,,,,,,,,False,5.78,-1.75,1.38,413.7,6.87,124700.0,True,NASA_CDAWEB_OMNI_HRO_1MIN,False
2024-11-25 09:11:00,,,,,,,,,,,False,False,,,,,,,,,,False,5.61,-1.92,3.46,413.7,6.87,124700.0,True,NASA_CDAWEB_OMNI_HRO_1MIN,False
2024-11-25 09:12:00,,,,,,,,,,,False,False,,,,,,,,,,False,3.82,-0.73,-0.68,,,,False,NASA_CDAWEB_OMNI_HRO_1MIN,False
2024-11-25 09:13:00,,,,,,,,,,,False,False,,,,,,,,,,False,5.82,-2.12,1.26,,,,False,NASA_CDAWEB_OMNI_HRO_1MIN,False
2024-11-25 09:14:00,,,,,,,,,,,False,False,,,,,,,,,,False,5.53,-1.85,3.54,408.3,7.09,140519.0,True,NASA_CDAWEB_OMNI_HRO_1MIN,False
2024-11-25 09:15:00,,,,,,,,,,,False,False,,,,,,,,,,False,5.45,-3.65,1.2,409.2,7.05,135473.0,True,NASA_CDAWEB_OMNI_HRO_1MIN,False
2024-11-25 09:16:00,,,,,,,,,,,False,False,,,,,,,,,,False,5.18,-4.08,1.27,409.3,7.0,114590.0,True,NASA_CDAWEB_OMNI_HRO_1MIN,False
2024-11-25 09:17:00,,,,,,,,,,,False,False,,,,,,,,,,False,5.17,-3.1,1.9,412.1,6.93,125544.0,True,NASA_CDAWEB_OMNI_HRO_1MIN,False
2024-11-25 09:18:00,,,,,,,,,,,False,False,,,,,,,,,,False,5.86,-2.0,3.04,408.9,7.03,151811.0,True,NASA_CDAWEB_OMNI_HRO_1MIN,False
2024-11-25 09:19:00,,,,,,,,,,,False,False,,,,,,,,,,False,5.43,-1.66,0.44,405.4,7.17,146891.0,True,NASA_CDAWEB_OMNI_HRO_1MIN,False
2024-11-25 09:20:00,,,,,,,,,,,False,False,,,,,,,,,,False,5.27,-2.93,0.21,413.4,6.78,122711.0,True,NASA_CDAWEB_OMNI_HRO_1MIN,False
2024-11-25 09:21:00,,,,,,,,,,,False,False,,,,,,,,,,False,5.02,-1.87,-0.62,421.8,6.42,101552.0,True,NASA_CDAWEB_OMNI_HRO_1MIN,False
2024-11-25 09:22:00,,,,,,,,,,,False,False,,,,,,,,,,False,5.45,-1.83,0.85,401.7,8.98,185952.0,True,NASA_CDAWEB_OMNI_HRO_1MIN,False
2024-11-25 09:23:00,,,,,,,,,,,False,False,,,,,,,,,,False,5.28,-1.48,-0.33,406.0,7.51,158406.0,True,NASA_CDAWEB_OMNI_HRO_1MIN,False
2024-11-25 09:24:00,,,,,,,,,,,False,False,,,,,,,,,,False,6.14,-2.22,1.94,406.3,7.21,156585.0,True,NASA_CDAWEB_OMNI_HRO_1MIN,False
2024-11-25 09:25:00,,,,,,,,,,,False,False,,,,,,,,,,False,5.07,-2.6,-1.13,,,,False,NASA_CDAWEB_OMNI_HRO_1MIN,False
2024-11-25 09:26:00,,,,,,,,,,,False,False,,,,,,,,,,False,5.09,-0.79,0.13,,,,False,NASA_CDAWEB_OMNI_HRO_1MIN,False
2024-11-25 09:27:00,,,,,,,,,,,False,False,,,,,,,,,,False,6.44,-2.43,-0.18,,,,False,NASA_CDAWEB_OMNI_HRO_1MIN,False
2024-11-25 09:28:00,,,,,,,,,,,False,False,,,,,,,,,,False,5.93,-1.19,0.55,,,,False,NASA_CDAWEB_OMNI_HRO_1MIN,False
2024-11-25 09:29:00,,,,,,,,,,,False,False,,,,,,,,,,False,6.47,-0.17,2.82,406.1,7.08,132396.0,True,NASA_CDAWEB_OMNI_HRO_1MIN,False
2024-11-25 09:30:00,,,,,,,,,,,False,False,,,,,,,,,,False,5.88,-2.06,-1.52,408.9,6.73,130923.0,True,NASA_CDAWEB_OMNI_HRO_1MIN,False
2024-11-25 09:31:00,,,,,,,,,,,False,False,,,,,,,,,,False,5.18,-1.17,-0.3,406.1,7.09,150027.0,True,NASA_CDAWEB_OMNI_HRO_1MIN,False
2024-11-25 09:32:00,,,,,,,,,,,False,False,,,,,,,,,,False,7.01,-0.95,2.03,405.3,7.23,159758.0,True,NASA_CDAWEB_OMNI_HRO_1MIN,False
2024-11-25 09:33:00,,,,,,,,,,,False,False,,,,,,,,,,False,5.55,-2.54,-0.82,398.0,7.35,88654.0,True,NASA_CDAWEB_OMNI_HRO_1MIN,False
2024-11-25 09:34:00,,,,,,,,,,,False,False,,,,,,,,,,False,5.39,-1.19,-2.13,395.3,7.56,92345.0,True,NASA_CDAWEB_OMNI_HRO_1MIN,False
2024-11-25 09:35:00,,,,,,,,,,,False,False,,,,,,,,,,False,6.64,-2.09,1.08,401.5,7.19,127141.0,True,NASA_CDAWEB_OMNI_HRO_1MIN,False
2024-11-25 09:36:00,,,,,,,,,,,False,False,,,,,,,,,,False,5.0,-3.02,-1.65,405.2,6.94,143252.0,True,NASA_CDAWEB_OMNI_HRO_1MIN,False
2024-11-25 09:37:00,,,,,,,,,,,False,False,,,,,,,,,,False,4.41,-0.84,-2.62,,,,False,NASA_CDAWEB_OMNI_HRO_1MIN,False
2024-11-25 09:38:00,,,,,,,,,,,False,False,,,,,,,,,,False,7.15,-1.45,0.85,,,,False,NASA_CDAWEB_OMNI_HRO_1MIN,False
2024-11-25 09:39:00,,,,,,,,,,,False,False,,,,,,,,,,False,7.2,-0.32,0.13,417.8,7.01,126520.0,True,NASA_CDAWEB_OMNI_HRO_1MIN,False
2024-11-25 09:40:00,,,,,,,,,,,False,False,,,,,,,,,,False,5.74,-1.23,-0.9,409.9,7.14,119012.0,True,NASA_CDAWEB_OMNI_HRO_1MIN,False
2024-11-25 09:41:00,,,,,,,,,,,False,False,,,,,,,,,,False,6.21,-3.04,2.28,402.3,7.26,111777.0,True,NASA_CDAWEB_OMNI_HRO_1MIN,False
2024-11-25 09:42:00,,,,,,,,,,,False,False,,,,,,,,,,False,6.07,-3.78,1.47,,,,False,NASA_CDAWEB_OMNI_HRO_1MIN,False
2024-11-25 09:43:00,,,,,,,,,,,False,False,,,,,,,,,,False,3.36,-1.5,-5.2,,,,False,NASA_CDAWEB_OMNI_HRO_1MIN,False
2024-11-25 09:44:00,,,,,,,,,,,False,False,,,,,,,,,,False,5.65,-3.33,0.43,,,,False,NASA_CDAWEB_OMNI_HRO_1MIN,False
2024-11-25 09:45:00,,,,,,,,,,,False,False,,,,,,,,,,False,5.1,-2.77,-0.93,,,,False,NASA_CDAWEB_OMNI_HRO_1MIN,False
2024-11-25 09:46:00,,,,,,,,,,,False,False,,,,,,,,,,False,5.93,-4.17,0.99,403.9,6.74,138406.0,True,NASA_CDAWEB_OMNI_HRO_1MIN,False
2024-11-25 09:47:00,,,,,,,,,,,False,False,,,,,,,,,,False,5.03,-3.28,-2.41,405.7,6.85,132073.0,True,NASA_CDAWEB_OMNI_HRO_1MIN,False
2024-11-25 09:48:00,,,,,,,,,,,False,False,,,,,,,,,,False,6.31,-3.56,1.15,407.6,6.99,125038.0,True,NASA_CDAWEB_OMNI_HRO_1MIN,False
2024-11-25 09:49:00,,,,,,,,,,,False,False,,,,,,,,,,False,6.36,-3.39,1.27,,,,False,NASA_CDAWEB_OMNI_HRO_1MIN,False
2024-11-25 09:50:00,,,,,,,,,,,False,False,,,,,,,,,,False,3.04,-1.95,-5.38,,,,False,NASA_CDAWEB_OMNI_HRO_1MIN,False
2024-11-25 09:51:00,,,,,,,,,,,False,False,,,,,,,,,,False,6.2,-2.7,-0.83,404.6,6.59,127295.0,True,NASA_CDAWEB_OMNI_HRO_1MIN,False
2024-11-25 09:52:00,,,,,,,,,,,False,False,,,,,,,,,,False,6.36,-3.45,0.89,404.6,6.59,127295.0,True,NASA_CDAWEB_OMNI_HRO_1MIN,False
2024-11-25 09:53:00,,,,,,,,,,,False,False,,,,,,,,,,False,3.28,-2.91,-5.12,419.1,6.91,143384.0,True,NASA_CDAWEB_OMNI_HRO_1MIN,False
2024-11-25 09:54:00,,,,,,,,,,,False,False,,,,,,,,,,False,6.11,-3.57,0.62,422.5,6.99,147224.0,True,NASA_CDAWEB_OMNI_HRO_1MIN,False
2024-11-25 09:55:00,,,,,,,,,,,False,False,,,,,,,,,,False,5.24,-0.78,-4.04,406.1,6.81,127851.0,True,NASA_CDAWEB_OMNI_HRO_1MIN,False
2024-11-25 09:56:00,,,,,,,,,,,False,False,,,,,,,,,,False,5.31,-3.27,-0.86,406.1,6.81,127851.0,True,NASA_CDAWEB_OMNI_HRO_1MIN,False
2024-11-25 09:57:00,,,,,,,,,,,False,False,,,,,,,,,,False,5.15,-2.18,-4.28,406.1,6.81,127851.0,True,NASA_CDAWEB_OMNI_HRO_1MIN,False
2024-11-25 09:58:00,,,,,,,,,,,False,False,,,,,,,,,,False,4.04,-1.35,-3.69,,,,False,NASA_CDAWEB_OMNI_HRO_1MIN,False
2024-11-25 09:59:00,,,,,,,,,,,False,False,,,,,,,,,,False,5.56,-3.3,-0.94,,,,False,NASA_CDAWEB_OMNI_HRO_1MIN,False
2024-11-25 10:00:00,,,,,,,,,,,False,False,,,,,,,,,,False,5.34,-2.61,-3.1,402.9,7.09,145083.0,True,NASA_CDAWEB_OMNI_HRO_1MIN,False
2024-11-25 10:01:00,,,,,,,,,,,False,False,,,,,,,,,,False,5.69,-3.1,-1.32,402.9,7.09,145083.0,True,NASA_CDAWEB_OMNI_HRO_1MIN,False
2024-11-25 10:02:00,,,,,,,,,,,False,False,,,,,,,,,,False,6.25,-3.7,0.58,402.9,7.09,145083.0,True,NASA_CDAWEB_OMNI_HRO_1MIN,False
2024-11-25 10:03:00,,,,,,,,,,,False,False,,,,,,,,,,False,5.83,-2.95,-1.87,410.9,6.69,120075.0,True,NASA_CDAWEB_OMNI_HRO_1MIN,False
2024-11-25 10:04:00,,,,,,,,,,,False,False,,,,,,,,,,False,5.71,-2.13,-2.69,410.9,6.69,120075.0,True,NASA_CDAWEB_OMNI_HRO_1MIN,False
2024-11-25 10:05:00,,,,,,,,,,,False,False,,,,,,,,,,False,5.72,-4.26,-0.59,411.2,6.97,135299.0,True,NASA_CDAWEB_OMNI_HRO_1MIN,False
2024-11-25 10:06:00,,,,,,,,,,,False,False,,,,,,,,,,False,4.77,-1.81,-3.11,411.1,6.98,135717.0,True,NASA_CDAWEB_OMNI_HRO_1MIN,False
2024-11-25 10:07:00,,,,,,,,,,,False,False,,,,,,,,,,False,6.11,-3.86,0.35,402.3,7.45,163907.0,True,NASA_CDAWEB_OMNI_HRO_1MIN,False
2024-11-25 10:08:00,,,,,,,,,,,False,False,,,,,,,,,,False,4.6,-2.74,-2.59,402.3,7.45,163907.0,True,NASA_CDAWEB_OMNI_HRO_1MIN,False
2024-11-25 10:09:00,,,,,,,,,,,False,False,,,,,,,,,,False,4.84,-2.56,-4.45,,,,False,NASA_CDAWEB_OMNI_HRO_1MIN,False
2024-11-25 10:10:00,,,,,,,,,,,False,False,,,,,,,,,,False,6.11,-2.7,-0.9,405.2,6.95,138059.0,True,NASA_CDAWEB_OMNI_HRO_1MIN,False
2024-11-25 10:11:00,,,,,,,,,,,False,False,,,,,,,,,,False,4.44,-3.81,-1.83,403.4,7.17,137046.0,True,NASA_CDAWEB_OMNI_HRO_1MIN,False
2024-11-25 10:12:00,,,,,,,,,,,False,False,,,,,,,,,,False,3.38,-1.31,-5.64,401.4,7.41,135872.0,True,NASA_CDAWEB_OMNI_HRO_1MIN,False
2024-11-25 10:13:00,,,,,,,,,,,False,False,,,,,,,,,,False,2.65,-2.69,-5.35,,,,False,NASA_CDAWEB_OMNI_HRO_1MIN,False
2024-11-25 10:14:00,,,,,,,,,,,False,False,,,,,,,,,,False,5.89,-2.99,-2.05,,,,False,NASA_CDAWEB_OMNI_HRO_1MIN,False
2024-11-25 10:15:00,,,,,,,,,,,False,False,,,,,,,,,,False,3.0,-1.26,-5.57,,,,False,NASA_CDAWEB_OMNI_HRO_1MIN,False
2024-11-25 10:16:00,,,,,,,,,,,False,False,,,,,,,,,,False,,,,,,,False,NASA_CDAWEB_OMNI_HRO_1MIN,False
2024-11-25 10:17:00,,,,,,,,,,,False,False,,,,,,,,,,False,3.31,-1.05,-4.47,,,,False,NASA_CDAWEB_OMNI_HRO_1MIN,False
2024-11-25 10:18:00,,,,,,,,,,,False,False,,,,,,,,,,False,5.42,-0.96,-4.38,,,,False,NASA_CDAWEB_OMNI_HRO_1MIN,False
2024-11-25 10:19:00,,,,,,,,,,,False,False,,,,,,,,,,False,0.86,-3.56,-5.51,,,,False,NASA_CDAWEB_OMNI_HRO_1MIN,False
2024-11-25 10:20:00,,,,,,,,,,,False,False,,,,,,,,,,False,6.56,-3.1,0.1,,,,False,NASA_CDAWEB_OMNI_HRO_1MIN,False
2024-11-25 10:21:00,,,,,,,,,,,False,False,,,,,,,,,,False,3.07,-1.19,-5.81,409.5,6.51,105354.0,True,NASA_CDAWEB_OMNI_HRO_1MIN,False
2024-11-25 10:22:00,,,,,,,,,,,False,False,,,,,,,,,,False,5.66,-3.31,-1.9,408.3,6.57,104223.0,True,NASA_CDAWEB_OMNI_HRO_1MIN,False
2024-11-25 10:23:00,,,,,,,,,,,False,False,,,,,,,,,,False,5.89,-2.78,-1.36,405.4,6.8,97699.0,True,NASA_CDAWEB_OMNI_HRO_1MIN,False
2024-11-25 10:24:00,,,,,,,,,,,False,False,,,,,,,,,,False,5.21,-3.58,-1.52,412.7,7.0,124411.0,True,NASA_CDAWEB_OMNI_HRO_1MIN,False
2024-11-25 10:25:00,,,,,,,,,,,False,False,,,,,,,,,,False,4.55,-2.64,-2.99,395.9,8.0,144831.0,True,NASA_CDAWEB_OMNI_HRO_1MIN,False
2024-11-25 10:26:00,,,,,,,,,,,False,False,,,,,,,,,,False,3.72,-2.94,-3.23,,,,False,NASA_CDAWEB_OMNI_HRO_1MIN,False
2024-11-25 10:27:00,,,,,,,,,,,False,False,,,,,,,,,,False,5.69,-3.01,-1.98,,,,False,NASA_CDAWEB_OMNI_HRO_1MIN,False
2024-11-25 10:28:00,,,,,,,,,,,False,False,,,,,,,,,,False,3.8,-2.19,-3.46,398.3,7.58,118002.0,True,NASA_CDAWEB_OMNI_HRO_1MIN,False
2024-11-25 10:29:00,,,,,,,,,,,False,False,,,,,,,,,,False,5.46,-2.51,-1.7,397.4,7.38,111225.0,True,NASA_CDAWEB_OMNI_HRO_1MIN,False
2024-11-25 10:30:00,,,,,,,,,,,False,False,,,,,,,,,,False,4.96,-2.28,-2.69,396.2,7.12,102760.0,True,NASA_CDAWEB_OMNI_HRO_1MIN,False
2024-11-25 10:31:00,,,,,,,,,,,False,False,,,,,,,,,,False,5.96,-2.86,0.08,401.0,6.05,101304.0,True,NASA_CDAWEB_OMNI_HRO_1MIN,False
2024-11-25 10:32:00,,,,,,,,,,,False,False,,,,,,,,,,False,4.85,-2.7,-1.82,401.0,6.05,101304.0,True,NASA_CDAWEB_OMNI_HRO_1MIN,False
2024-11-25 10:33:00,,,,,,,,,,,False,False,,,,,,,,,,False,5.59,-3.14,-0.73,401.0,6.05,101304.0,True,NASA_CDAWEB_OMNI_HRO_1MIN,False
2024-11-25 10:34:00,,,,,,,,,,,False,False,,,,,,,,,,False,4.76,-1.7,-3.54,402.1,7.25,101939.0,True,NASA_CDAWEB_OMNI_HRO_1MIN,False
2024-11-25 10:35:00,,,,,,,,,,,False,False,,,,,,,,,,False,3.17,-2.12,-4.99,408.1,7.1,119540.0,True,NASA_CDAWEB_OMNI_HRO_1MIN,False
2024-11-25 10:36:00,,,,,,,,,,,False,False,,,,,,,,,,False,2.35,-0.98,-5.73,431.1,6.12,100023.0,True,NASA_CDAWEB_OMNI_HRO_1MIN,False
2024-11-25 10:37:00,,,,,,,,,,,False,False,,,,,,,,,,False,2.59,-0.85,-5.87,431.0,6.24,111020.0,True,NASA_CDAWEB_OMNI_HRO_1MIN,False
2024-11-25 10:38:00,,,,,,,,,,,False,False,,,,,,,,,,False,4.63,-0.67,-4.1,430.9,6.33,120939.0,True,NASA_CDAWEB_OMNI_HRO_1MIN,False
2024-11-25 10:39:00,,,,,,,,,,,False,False,,,,,,,,,,False,2.24,-1.25,-6.07,420.4,5.16,74324.0,True,NASA_CDAWEB_OMNI_HRO_1MIN,False
2024-11-25 10:40:00,,,,,,,,,,,False,False,,,,,,,,,,False,3.49,-0.65,-5.6,420.4,5.16,74324.0,True,NASA_CDAWEB_OMNI_HRO_1MIN,False
2024-11-25 10:41:00,,,,,,,,,,,False,False,,,,,,,,,,False,5.09,-2.22,-3.33,409.1,6.48,91839.0,True,NASA_CDAWEB_OMNI_HRO_1MIN,False
2024-11-25 10:42:00,,,,,,,,,,,False,False,,,,,,,,,,False,5.22,-2.1,-3.75,406.8,6.76,95450.0,True,NASA_CDAWEB_OMNI_HRO_1MIN,False
2024-11-25 10:43:00,,,,,,,,,,,False,False,,,,,,,,,,False,5.37,-1.39,-3.76,413.9,6.99,141311.0,True,NASA_CDAWEB_OMNI_HRO_1MIN,False
2024-11-25 10:44:00,,,,,,,,,,,False,False,,,,,,,,,,False,4.44,-1.4,-4.47,406.4,7.05,120850.0,True,NASA_CDAWEB_OMNI_HRO_1MIN,False
2024-11-25 10:45:00,,,,,,,,,,,False,False,,,,,,,,,,False,5.85,-1.15,-2.77,401.9,7.22,119581.0,True,NASA_CDAWEB_OMNI_HRO_1MIN,False
2024-11-25 10:46:00,,,,,,,,,,,False,False,,,,,,,,,,False,6.43,-2.21,-1.64,399.2,7.19,135127.0,True,NASA_CDAWEB_OMNI_HRO_1MIN,False
2024-11-25 10:47:00,,,,,,,,,,,False,False,,,,,,,,,,False,7.12,-0.97,-0.64,,,,False,NASA_CDAWEB_OMNI_HRO_1MIN,False
2024-11-25 10:48:00,,,,,,,,,,,False,False,,,,,,,,,,False,5.47,-1.41,-3.42,408.6,6.68,101065.0,True,NASA_CDAWEB_OMNI_HRO_1MIN,False
2024-11-25 10:49:00,,,,,,,,,,,False,False,,,,,,,,,,False,5.16,-1.64,-3.9,403.8,6.84,92256.0,True,NASA_CDAWEB_OMNI_HRO_1MIN,False
2024-11-25 10:50:00,,,,,,,,,,,False,False,,,,,,,,,,False,4.48,-1.59,-4.13,420.6,6.19,112212.0,True,NASA_CDAWEB_OMNI_HRO_1MIN,False
2024-11-25 10:51:00,,,,,,,,,,,False,False,,,,,,,,,,False,6.05,-1.9,-1.75,414.6,6.05,112261.0,True,NASA_CDAWEB_OMNI_HRO_1MIN,False
2024-11-25 10:52:00,,,,,,,,,,,False,False,,,,,,,,,,False,5.05,-1.46,-4.57,400.8,6.03,105607.0,True,NASA_CDAWEB_OMNI_HRO_1MIN,False
2024-11-25 10:53:00,,,,,,,,,,,False,False,,,,,,,,,,False,5.26,-3.48,-2.7,432.7,5.79,99824.0,True,NASA_CDAWEB_OMNI_HRO_1MIN,False
2024-11-25 10:54:00,,,,,,,,,,,False,False,,,,,,,,,,False,5.11,-0.92,-2.83,432.7,5.79,99824.0,True,NASA_CDAWEB_OMNI_HRO_1MIN,False
2024-11-25 10:55:00,,,,,,,,,,,False,False,,,,,,,,,,False,5.26,-1.76,-3.9,408.9,5.84,101724.0,True,NASA_CDAWEB_OMNI_HRO_1MIN,False
2024-11-25 10:56:00,,,,,,,,,,,False,False,,,,,,,,,,False,4.55,-0.56,-4.56,394.3,5.88,102895.0,True,NASA_CDAWEB_OMNI_HRO_1MIN,False
2024-11-25 10:57:00,,,,,,,,,,,False,False,,,,,,,,,,False,4.88,-2.18,-3.21,406.6,5.77,96563.0,True,NASA_CDAWEB_OMNI_HRO_1MIN,False
2024-11-25 10:58:00,,,,,,,,,,,False,False,,,,,,,,,,False,1.77,-4.63,-2.32,435.8,5.67,84542.0,True,NASA_CDAWEB_OMNI_HRO_1MIN,False
2024-11-25 10:59:00,,,,,,,,,,,False,False,,,,,,,,,,False,1.88,-4.41,-2.48,412.7,6.76,110532.0,True,NASA_CDAWEB_OMNI_HRO_1MIN,False
2024-11-25 11:00:00,,,,,,,,,,,False,False,,,,,,,,,,False,2.44,-4.3,-1.77,419.8,6.88,111005.0,True,NASA_CDAWEB_OMNI_HRO_1MIN,False
2024-11-25 11:01:00,,,,,,,,,,,False,False,,,,,,,,,,False,3.59,-3.64,-2.31,422.6,5.44,83661.0,True,NASA_CDAWEB_OMNI_HRO_1MIN,False
2024-11-25 11:02:00,,,,,,,,,,,False,False,,,,,,,,,,False,2.39,-2.83,-3.73,428.5,5.9,95975.0,True,NASA_CDAWEB_OMNI_HRO_1MIN,False
2024-11-25 11:03:00,,,,,,,,,,,False,False,,,,,,,,,,False,2.61,-2.58,-4.58,429.2,6.13,100711.0,True,NASA_CDAWEB_OMNI_HRO_1MIN,False
2024-11-25 11:04:00,,,,,,,,,,,False,False,,,,,,,,,,False,4.05,-3.03,-1.78,388.4,6.9,126298.0,True,NASA_CDAWEB_OMNI_HRO_1MIN,False
2024-11-25 11:05:00,,,,,,,,,,,False,False,,,,,,,,,,False,2.67,-2.3,-3.31,389.0,6.88,125548.0,True,NASA_CDAWEB_OMNI_HRO_1MIN,False
2024-11-25 11:06:00,,,,,,,,,,,False,False,,,,,,,,,,False,2.56,-3.16,-3.08,414.5,6.54,120143.0,True,NASA_CDAWEB_OMNI_HRO_1MIN,False
2024-11-25 11:07:00,,,,,,,,,,,False,False,,,,,,,,,,False,3.54,-2.87,-3.64,416.9,6.74,128234.0,True,NASA_CDAWEB_OMNI_HRO_1MIN,False
2024-11-25 11:08:00,,,,,,,,,,,False,False,,,,,,,,,,False,3.96,-1.79,-3.72,416.0,6.83,129917.0,True,NASA_CDAWEB_OMNI_HRO_1MIN,False
2024-11-25 11:09:00,,,,,,,,,,,False,False,,,,,,,,,,False,4.08,-2.3,-3.85,410.3,6.72,117684.0,True,NASA_CDAWEB_OMNI_HRO_1MIN,False
2024-11-25 11:10:00,,,,,,,,,,,False,False,,,,,,,,,,False,4.53,-1.91,-3.57,405.5,6.76,114297.0,True,NASA_CDAWEB_OMNI_HRO_1MIN,False
2024-11-25 11:11:00,,,,,,,,,,,False,False,,,,,,,,,,False,3.51,-1.51,-4.85,402.9,7.09,113207.0,True,NASA_CDAWEB_OMNI_HRO_1MIN,False
2024-11-25 11:12:00,,,,,,,,,,,False,False,,,,,,,,,,False,1.48,-1.8,-6.44,424.7,6.37,133133.0,True,NASA_CDAWEB_OMNI_HRO_1MIN,False
2024-11-25 11:13:00,,,,,,,,,,,False,False,,,,,,,,,,False,2.17,-4.84,-3.72,424.7,6.37,133133.0,True,NASA_CDAWEB_OMNI_HRO_1MIN,False
2024-11-25 11:14:00,,,,,,,,,,,False,False,,,,,,,,,,False,2.49,-3.14,-4.82,,,,False,NASA_CDAWEB_OMNI_HRO_1MIN,False
2024-11-25 11:15:00,,,,,,,,,,,False,False,,,,,,,,,,False,0.17,-1.64,-6.54,,,,False,NASA_CDAWEB_OMNI_HRO_1MIN,False
2024-11-25 11:16:00,,,,,,,,,,,False,False,,,,,,,,,,False,1.27,-1.64,-6.36,426.3,6.21,96752.0,True,NASA_CDAWEB_OMNI_HRO_1MIN,False
2024-11-25 11:17:00,,,,,,,,,,,False,False,,,,,,,,,,False,2.03,-2.61,-5.63,428.0,6.21,98642.0,True,NASA_CDAWEB_OMNI_HRO_1MIN,False
2024-11-25 11:18:00,,,,,,,,,,,False,False,,,,,,,,,,False,1.72,-2.15,-5.88,440.9,6.22,113075.0,True,NASA_CDAWEB_OMNI_HRO_1MIN,False
2024-11-25 11:19:00,,,,,,,,,,,False,False,,,,,,,,,,False,1.81,-2.01,-6.07,426.1,5.85,78664.0,True,NASA_CDAWEB_OMNI_HRO_1MIN,False
2024-11-25 11:20:00,,,,,,,,,,,False,False,,,,,,,,,,False,1.32,-2.69,-5.96,426.8,5.9,83969.0,True,NASA_CDAWEB_OMNI_HRO_1MIN,False
2024-11-25 11:21:00,,,,,,,,,,,False,False,,,,,,,,,,False,1.71,-2.43,-6.13,429.3,6.31,100264.0,True,NASA_CDAWEB_OMNI_HRO_1MIN,False
2024-11-25 11:22:00,,,,,,,,,,,False,False,,,,,,,,,,False,1.96,-1.69,-6.04,415.4,6.57,130789.0,True,NASA_CDAWEB_OMNI_HRO_1MIN,False
2024-11-25 11:23:00,,,,,,,,,,,False,False,,,,,,,,,,False,1.95,-2.76,-5.7,407.0,6.34,119079.0,True,NASA_CDAWEB_OMNI_HRO_1MIN,False
2024-11-25 11:24:00,,,,,,,,,,,False,False,,,,,,,,,,False,0.46,-2.29,-6.13,427.4,6.51,91571.0,True,NASA_CDAWEB_OMNI_HRO_1MIN,False
2024-11-25 11:25:00,,,,,,,,,,,False,False,,,,,,,,,,False,3.1,-2.55,-4.55,426.2,6.3,106493.0,True,NASA_CDAWEB_OMNI_HRO_1MIN,False
2024-11-25 11:26:00,,,,,,,,,,,False,False,,,,,,,,,,False,2.42,-2.04,-5.51,435.7,6.78,128893.0,True,NASA_CDAWEB_OMNI_HRO_1MIN,False
2024-11-25 11:27:00,,,,,,,,,,,False,False,,,,,,,,,,False,2.08,-2.18,-5.38,414.4,6.09,113984.0,True,NASA_CDAWEB_OMNI_HRO_1MIN,False
2024-11-25 11:28:00,,,,,,,,,,,False,False,,,,,,,,,,False,0.65,-2.66,-6.21,430.6,6.69,99088.0,True,NASA_CDAWEB_OMNI_HRO_1MIN,False
2024-11-25 11:29:00,,,,,,,,,,,False,False,,,,,,,,,,False,0.07,-2.47,-6.39,430.6,6.69,99088.0,True,NASA_CDAWEB_OMNI_HRO_1MIN,False
2024-11-25 11:30:00,,,,,,,,,,,False,False,,,,,,,,,,False,0.96,-2.8,-5.93,450.8,6.06,96457.0,True,NASA_CDAWEB_OMNI_HRO_1MIN,False
2024-11-25 11:31:00,,,,,,,,,,,False,False,,,,,,,,,,False,-0.76,-3.37,-5.93,441.3,5.81,83128.0,True,NASA_CDAWEB_OMNI_HRO_1MIN,False
2024-11-25 11:32:00,,,,,,,,,,,False,False,,,,,,,,,,False,0.67,-3.92,-5.49,425.6,6.51,108524.0,True,NASA_CDAWEB_OMNI_HRO_1MIN,False
2024-11-25 11:33:00,,,,,,,,,,,False,False,,,,,,,,,,False,1.32,-3.16,-5.38,422.5,4.97,79468.0,True,NASA_CDAWEB_OMNI_HRO_1MIN,False
2024-11-25 11:34:00,,,,,,,,,,,False,False,,,,,,,,,,False,-0.68,-2.32,-6.47,437.9,5.98,100022.0,True,NASA_CDAWEB_OMNI_HRO_1MIN,False
2024-11-25 11:35:00,,,,,,,,,,,False,False,,,,,,,,,,False,2.24,-3.26,-4.7,443.7,6.46,109956.0,True,NASA_CDAWEB_OMNI_HRO_1MIN,False
2024-11-25 11:36:00,,,,,,,,,,,False,False,,,,,,,,,,False,-0.03,-4.21,-3.78,423.8,6.34,115852.0,True,NASA_CDAWEB_OMNI_HRO_1MIN,False
2024-11-25 11:37:00,,,,,,,,,,,False,False,,,,,,,,,,False,1.03,-4.86,-4.52,425.6,6.08,116366.0,True,NASA_CDAWEB_OMNI_HRO_1MIN,False
2024-11-25 11:38:00,,,,,,,,,,,False,False,,,,,,,,,,False,0.8,-5.0,-4.09,429.2,5.8,98562.0,True,NASA_CDAWEB_OMNI_HRO_1MIN,False
2024-11-25 11:39:00,,,,,,,,,,,False,False,,,,,,,,,,False,-1.19,-2.67,-2.74,448.3,5.54,95501.0,True,NASA_CDAWEB_OMNI_HRO_1MIN,False
2024-11-25 11:40:00,,,,,,,,,,,False,False,,,,,,,,,,False,-0.13,-3.97,-1.78,460.2,5.24,90330.0,True,NASA_CDAWEB_OMNI_HRO_1MIN,False
2024-11-25 11:41:00,,,,,,,,,,,False,False,,,,,,,,,,False,-1.36,-3.0,-2.75,437.7,5.8,88840.0,True,NASA_CDAWEB_OMNI_HRO_1MIN,False
2024-11-25 11:42:00,,,,,,,,,,,False,False,,,,,,,,,,False,-1.15,-4.27,-2.46,441.6,5.75,88877.0,True,NASA_CDAWEB_OMNI_HRO_1MIN,False
2024-11-25 11:43:00,,,,,,,,,,,False,False,,,,,,,,,,False,-1.06,-2.28,-3.48,457.3,5.55,89025.0,True,NASA_CDAWEB_OMNI_HRO_1MIN,False
2024-11-25 11:44:00,,,,,,,,,,,False,False,,,,,,,,,,False,0.14,-4.24,-2.95,457.3,5.55,89025.0,True,NASA_CDAWEB_OMNI_HRO_1MIN,False
2024-11-25 11:45:00,,,,,,,,,,,False,False,,,,,,,,,,False,1.35,-3.99,-4.32,,,,False,NASA_CDAWEB_OMNI_HRO_1MIN,False
2024-11-25 11:46:00,,,,,,,,,,,False,False,,,,,,,,,,False,0.67,-5.61,-2.35,,,,False,NASA_CDAWEB_OMNI_HRO_1MIN,False
2024-11-25 11:47:00,,,,,,,,,,,False,False,,,,,,,,,,False,0.31,-5.41,-2.85,422.5,5.98,124034.0,True,NASA_CDAWEB_OMNI_HRO_1MIN,False
2024-11-25 11:48:00,,,,,,,,,,,False,False,,,,,,,,,,False,-1.61,-4.29,-3.7,430.5,6.63,134156.0,True,NASA_CDAWEB_OMNI_HRO_1MIN,False
2024-11-25 11:49:00,,,,,,,,,,,False,False,,,,,,,,,,False,-1.3,-3.46,-3.98,421.1,6.31,117274.0,True,NASA_CDAWEB_OMNI_HRO_1MIN,False
2024-11-25 11:50:00,,,,,,,,,,,False,False,,,,,,,,,,False,0.46,-5.28,-3.19,,,,False,NASA_CDAWEB_OMNI_HRO_1MIN,False
2024-11-25 11:51:00,,,,,,,,,,,False,False,,,,,,,,,,False,2.04,-5.37,-2.72,448.9,3.76,38817.0,True,NASA_CDAWEB_OMNI_HRO_1MIN,False
2024-11-25 11:52:00,,,,,,,,,,,False,False,,,,,,,,,,False,2.24,-5.58,-2.79,448.9,3.76,38817.0,True,NASA_CDAWEB_OMNI_HRO_1MIN,False
2024-11-25 11:53:00,,,,,,,,,,,False,False,,,,,,,,,,False,1.76,-5.6,-3.71,,,,False,NASA_CDAWEB_OMNI_HRO_1MIN,False
2024-11-25 11:54:00,,,,,,,,,,,False,False,,,,,,,,,,False,1.88,-2.99,-5.39,425.9,5.71,94109.0,True,NASA_CDAWEB_OMNI_HRO_1MIN,False
2024-11-25 11:55:00,,,,,,,,,,,False,False,,,,,,,,,,False,1.42,-5.46,-3.28,426.0,5.79,95767.0,True,NASA_CDAWEB_OMNI_HRO_1MIN,False
2024-11-25 11:56:00,,,,,,,,,,,False,False,,,,,,,,,,False,1.47,-5.53,-3.15,426.4,6.43,109021.0,True,NASA_CDAWEB_OMNI_HRO_1MIN,False
2024-11-25 11:57:00,,,,,,,,,,,False,False,,,,,,,,,,False,2.35,-0.51,-6.68,426.4,6.43,109021.0,True,NASA_CDAWEB_OMNI_HRO_1MIN,False
2024-11-25 11:58:00,,,,,,,,,,,False,False,,,,,,,,,,False,1.83,-3.42,-4.44,,,,False,NASA_CDAWEB_OMNI_HRO_1MIN,False
2024-11-25 11:59:00,,,,,,,,,,,False,False,,,,,,,,,,False,2.5,-3.71,-4.22,,,,False,NASA_CDAWEB_OMNI_HRO_1MIN,False
2024-11-25 12:00:00,,,,,,,,,,,False,False,,,,,,,,,,False,1.7,-3.55,-4.22,420.4,5.38,87178.0,True,NASA_CDAWEB_OMNI_HRO_1MIN,False
2024-11-25 12:01:00,,,,,,,,,,,False,False,,,,,,,,,,False,2.44,-3.81,-3.65,421.8,5.42,85976.0,True,NASA_CDAWEB_OMNI_HRO_1MIN,False
2024-11-25 12:02:00,,,,,,,,,,,False,False,,,,,,,,,,False,2.73,-3.92,-3.48,432.8,5.82,76331.0,True,NASA_CDAWEB_OMNI_HRO_1MIN,False
2024-11-25 12:03:00,,,,,,,,,,,False,False,,,,,,,,,,False,2.72,-4.22,-2.99,432.8,5.82,76331.0,True,NASA_CDAWEB_OMNI_HRO_1MIN,False
2024-11-25 12:04:00,,,,,,,,,,,False,False,,,,,,,,,,False,1.96,-4.44,-2.36,406.9,5.52,112908.0,True,NASA_CDAWEB_OMNI_HRO_1MIN,False
2024-11-25 12:05:00,,,,,,,,,,,False,False,,,,,,,,,,False,1.92,-3.97,-3.15,406.9,5.52,112908.0,True,NASA_CDAWEB_OMNI_HRO_1MIN,False
2024-11-25 12:06:00,,,,,,,,,,,False,False,,,,,,,,,,False,0.81,-3.71,-2.65,426.2,6.39,116017.0,True,NASA_CDAWEB_OMNI_HRO_1MIN,False
2024-11-25 12:07:00,,,,,,,,,,,False,False,,,,,,,,,,False,1.17,-4.96,-1.17,425.8,6.57,116311.0,True,NASA_CDAWEB_OMNI_HRO_1MIN,False
2024-11-25 12:08:00,,,,,,,,,,,False,False,,,,,,,,,,False,1.06,-6.88,1.34,425.4,6.71,116543.0,True,NASA_CDAWEB_OMNI_HRO_1MIN,False
2024-11-25 12:09:00,,,,,,,,,,,False,False,,,,,,,,,,False,2.24,-6.35,-1.09,422.9,5.56,90657.0,True,NASA_CDAWEB_OMNI_HRO_1MIN,False
2024-11-25 12:10:00,,,,,,,,,,,False,False,,,,,,,,,,False,1.49,-6.82,-0.5,422.9,5.56,90657.0,True,NASA_CDAWEB_OMNI_HRO_1MIN,False
2024-11-25 12:11:00,,,,,,,,,,,False,False,,,,,,,,,,False,2.48,-6.08,-1.89,402.7,4.84,86674.0,True,NASA_CDAWEB_OMNI_HRO_1MIN,False
2024-11-25 12:12:00,,,,,,,,,,,False,False,,,,,,,,,,False,2.42,-6.33,-0.62,405.5,4.79,83828.0,True,NASA_CDAWEB_OMNI_HRO_1MIN,False
2024-11-25 12:13:00,,,,,,,,,,,False,False,,,,,,,,,,False,1.04,-6.93,-0.11,419.4,4.57,69774.0,True,NASA_CDAWEB_OMNI_HRO_1MIN,False
2024-11-25 12:14:00,,,,,,,,,,,False,False,,,,,,,,,,False,3.3,-5.77,-0.54,419.4,4.57,69774.0,True,NASA_CDAWEB_OMNI_HRO_1MIN,False
2024-11-25 12:15:00,,,,,,,,,,,False,False,,,,,,,,,,False,2.34,-6.21,-0.67,416.2,5.63,95305.0,True,NASA_CDAWEB_OMNI_HRO_1MIN,False
2024-11-25 12:16:00,,,,,,,,,,,False,False,,,,,,,,,,False,2.31,-6.01,-1.39,411.6,5.97,97719.0,True,NASA_CDAWEB_OMNI_HRO_1MIN,False
2024-11-25 12:17:00,,,,,,,,,,,False,False,,,,,,,,,,False,2.5,-5.65,-3.38,406.3,6.35,111289.0,True,NASA_CDAWEB_OMNI_HRO_1MIN,False
2024-11-25 12:18:00,,,,,,,,,,,False,False,,,,,,,,,,False,1.45,-3.3,-5.0,414.5,5.66,110826.0,True,NASA_CDAWEB_OMNI_HRO_1MIN,False
2024-11-25 12:19:00,,,,,,,,,,,False,False,,,,,,,,,,False,2.92,-4.35,-4.42,426.3,5.03,76423.0,True,NASA_CDAWEB_OMNI_HRO_1MIN,False
2024-11-25 12:20:00,,,,,,,,,,,False,False,,,,,,,,,,False,2.71,-5.27,-2.67,426.0,5.06,77085.0,True,NASA_CDAWEB_OMNI_HRO_1MIN,False
2024-11-25 12:21:00,,,,,,,,,,,False,False,,,,,,,,,,False,0.67,-3.97,-3.93,425.0,5.49,86755.0,True,NASA_CDAWEB_OMNI_HRO_1MIN,False
2024-11-25 12:22:00,,,,,,,,,,,False,False,,,,,,,,,,False,1.81,-5.43,-3.06,418.8,5.65,85798.0,True,NASA_CDAWEB_OMNI_HRO_1MIN,False
2024-11-25 12:23:00,,,,,,,,,,,False,False,,,,,,,,,,False,2.46,-3.61,-5.29,,,,False,NASA_CDAWEB_OMNI_HRO_1MIN,False
2024-11-25 12:24:00,,,,,,,,,,,False,False,,,,,,,,,,False,1.26,-2.51,-6.63,,,,False,NASA_CDAWEB_OMNI_HRO_1MIN,False
2024-11-25 12:25:00,,,,,,,,,,,False,False,,,,,,,,,,False,2.68,-3.81,-4.74,,,,False,NASA_CDAWEB_OMNI_HRO_1MIN,False
2024-11-25 12:26:00,,,,,,,,,,,False,False,,,,,,,,,,False,1.33,-2.62,-6.61,427.7,5.63,92398.0,True,NASA_CDAWEB_OMNI_HRO_1MIN,False
2024-11-25 12:27:00,,,,,,,,,,,False,False,,,,,,,,,,False,2.52,-3.97,-5.28,427.7,5.63,92398.0,True,NASA_CDAWEB_OMNI_HRO_1MIN,False
2024-11-25 12:28:00,,,,,,,,,,,False,False,,,,,,,,,,False,2.73,-3.89,-3.89,,,,False,NASA_CDAWEB_OMNI_HRO_1MIN,False
2024-11-25 12:29:00,,,,,,,,,,,False,False,,,,,,,,,,False,1.07,-3.26,-6.11,,,,False,NASA_CDAWEB_OMNI_HRO_1MIN,False
2024-11-25 12:30:00,,,,,,,,,,,False,False,,,,,,,,,,False,4.06,-4.63,-2.82,407.1,5.98,114534.0,True,NASA_CDAWEB_OMNI_HRO_1MIN,False
2024-11-25 12:31:00,,,,,,,,,,,False,False,,,,,,,,,,False,3.34,-6.01,-1.55,407.1,5.98,114534.0,True,NASA_CDAWEB_OMNI_HRO_1MIN,False
2024-11-25 12:32:00,,,,,,,,,,,False,False,,,,,,,,,,False,3.48,-4.99,-2.6,420.8,5.86,110432.0,True,NASA_CDAWEB_OMNI_HRO_1MIN,False
2024-11-25 12:33:00,,,,,,,,,,,False,False,,,,,,,,,,False,4.27,-4.98,-2.14,425.4,5.8,107928.0,True,NASA_CDAWEB_OMNI_HRO_1MIN,False
2024-11-25 12:34:00,,,,,,,,,,,False,False,,,,,,,,,,False,3.22,-5.04,-2.98,396.5,5.8,97445.0,True,NASA_CDAWEB_OMNI_HRO_1MIN,False
2024-11-25 12:35:00,,,,,,,,,,,False,False,,,,,,,,,,False,2.3,-4.81,-4.12,401.0,6.23,101277.0,True,NASA_CDAWEB_OMNI_HRO_1MIN,False
2024-11-25 12:36:00,,,,,,,,,,,False,False,,,,,,,,,,False,3.26,-5.59,-1.98,404.1,5.05,79632.0,True,NASA_CDAWEB_OMNI_HRO_1MIN,False
2024-11-25 12:37:00,,,,,,,,,,,False,False,,,,,,,,,,False,1.82,-5.79,-2.72,404.1,5.05,79632.0,True,NASA_CDAWEB_OMNI_HRO_1MIN,False
2024-11-25 12:38:00,,,,,,,,,,,False,False,,,,,,,,,,False,1.57,-5.78,-2.36,421.7,5.17,79676.0,True,NASA_CDAWEB_OMNI_HRO_1MIN,False
2024-11-25 12:39:00,,,,,,,,,,,False,False,,,,,,,,,,False,0.9,-5.91,-2.04,421.7,5.17,79676.0,True,NASA_CDAWEB_OMNI_HRO_1MIN,False
2024-11-25 12:40:00,,,,,,,,,,,False,False,,,,,,,,,,False,2.02,-5.93,-1.69,421.7,5.17,79676.0,True,NASA_CDAWEB_OMNI_HRO_1MIN,False
2024-11-25 12:41:00,,,,,,,,,,,False,False,,,,,,,,,,False,2.94,-5.57,-1.64,,,,False,NASA_CDAWEB_OMNI_HRO_1MIN,False
2024-11-25 12:42:00,,,,,,,,,,,False,False,,,,,,,,,,False,1.7,-4.92,-1.9,386.6,5.61,118463.0,True,NASA_CDAWEB_OMNI_HRO_1MIN,False
2024-11-25 12:43:00,,,,,,,,,,,False,False,,,,,,,,,,False,3.1,-6.01,-0.96,389.6,5.65,121970.0,True,NASA_CDAWEB_OMNI_HRO_1MIN,False
2024-11-25 12:44:00,,,,,,,,,,,False,False,,,,,,,,,,False,0.35,-5.6,-4.38,402.7,5.8,137121.0,True,NASA_CDAWEB_OMNI_HRO_1MIN,False
2024-11-25 12:45:00,,,,,,,,,,,False,False,,,,,,,,,,False,-0.52,-2.46,-4.14,430.3,5.62,116443.0,True,NASA_CDAWEB_OMNI_HRO_1MIN,False
2024-11-25 12:46:00,,,,,,,,,,,False,False,,,,,,,,,,False,0.28,-5.65,-4.22,430.4,5.62,116384.0,True,NASA_CDAWEB_OMNI_HRO_1MIN,False
2024-11-25 12:47:00,,,,,,,,,,,False,False,,,,,,,,,,False,0.3,-3.28,-3.86,,,,False,NASA_CDAWEB_OMNI_HRO_1MIN,False
2024-11-25 12:48:00,,,,,,,,,,,False,False,,,,,,,,,,False,-3.06,-3.99,-3.79,423.9,7.12,151734.0,True,NASA_CDAWEB_OMNI_HRO_1MIN,False
2024-11-25 12:49:00,,,,,,,,,,,False,False,,,,,,,,,,False,-0.37,-6.03,-4.18,424.0,7.11,151533.0,True,NASA_CDAWEB_OMNI_HRO_1MIN,False
2024-11-25 12:50:00,,,,,,,,,,,False,False,,,,,,,,,,False,-3.27,-3.04,-5.21,476.4,4.93,71526.0,True,NASA_CDAWEB_OMNI_HRO_1MIN,False
2024-11-25 12:51:00,,,,,,,,,,,False,False,,,,,,,,,,False,2.04,-4.67,-2.68,476.7,4.92,71095.0,True,NASA_CDAWEB_OMNI_HRO_1MIN,False
2024-11-25 12:52:00,,,,,,,,,,,False,False,,,,,,,,,,False,-4.79,-1.9,-5.26,477.3,4.13,51549.0,True,NASA_CDAWEB_OMNI_HRO_1MIN,False
2024-11-25 12:53:00,,,,,,,,,,,False,False,,,,,,,,,,False,0.23,-5.94,-3.74,462.9,4.52,65216.0,True,NASA_CDAWEB_OMNI_HRO_1MIN,False
2024-11-25 12:54:00,,,,,,,,,,,False,False,,,,,,,,,,False,-4.88,-1.97,-5.21,444.0,5.03,83138.0,True,NASA_CDAWEB_OMNI_HRO_1MIN,False
2024-11-25 12:55:00,,,,,,,,,,,False,False,,,,,,,,,,False,1.73,-3.67,-2.74,,,,False,NASA_CDAWEB_OMNI_HRO_1MIN,False
2024-11-25 12:56:00,,,,,,,,,,,False,False,,,,,,,,,,False,1.5,-5.16,-4.53,,,,False,NASA_CDAWEB_OMNI_HRO_1MIN,False
2024-11-25 12:57:00,,,,,,,,,,,False,False,,,,,,,,,,False,3.71,-2.73,-2.25,377.3,5.63,85715.0,True,NASA_CDAWEB_OMNI_HRO_1MIN,False
2024-11-25 12:58:00,,,,,,,,,,,False,False,,,,,,,,,,False,4.07,-2.48,-2.39,377.3,5.63,85715.0,True,NASA_CDAWEB_OMNI_HRO_1MIN,False
2024-11-25 12:59:00,,,,,,,,,,,False,False,,,,,,,,,,False,3.4,-2.78,-2.99,375.9,5.73,87150.0,True,NASA_CDAWEB_OMNI_HRO_1MIN,False
2024-11-25 13:00:00,,,,,,,,,,,False,False,,,,,,,,,,False,5.34,-3.54,-1.0,379.1,5.79,97328.0,True,NASA_CDAWEB_OMNI_HRO_1MIN,False
2024-11-25 13:01:00,,,,,,,,,,,False,False,,,,,,,,,,False,2.91,-5.48,-1.22,381.9,5.69,99242.0,True,NASA_CDAWEB_OMNI_HRO_1MIN,False
2024-11-25 13:02:00,,,,,,,,,,,False,False,,,,,,,,,,False,0.0,-3.55,-3.16,,,,False,NASA_CDAWEB_OMNI_HRO_1MIN,False
2024-11-25 13:03:00,,,,,,,,,,,False,False,,,,,,,,,,False,2.86,-4.14,-2.7,,,,False,NASA_CDAWEB_OMNI_HRO_1MIN,False
2024-11-25 13:04:00,,,,,,,,,,,False,False,,,,,,,,,,False,-0.69,-2.91,-4.66,,,,False,NASA_CDAWEB_OMNI_HRO_1MIN,False
2024-11-25 13:05:00,,,,,,,,,,,False,False,,,,,,,,,,False,1.73,-5.36,-4.02,438.9,5.41,95642.0,True,NASA_CDAWEB_OMNI_HRO_1MIN,False
2024-11-25 13:06:00,,,,,,,,,,,False,False,,,,,,,,,,False,0.37,-5.89,-3.24,442.2,5.36,91623.0,True,NASA_CDAWEB_OMNI_HRO_1MIN,False
2024-11-25 13:07:00,,,,,,,,,,,False,False,,,,,,,,,,False,0.36,-6.56,-2.77,452.9,4.88,74522.0,True,NASA_CDAWEB_OMNI_HRO_1MIN,False
2024-11-25 13:08:00,,,,,,,,,,,False,False,,,,,,,,,,False,1.41,-6.28,-2.83,429.4,5.05,77401.0,True,NASA_CDAWEB_OMNI_HRO_1MIN,False
2024-11-25 13:09:00,,,,,,,,,,,False,False,,,,,,,,,,False,-0.5,-5.06,-3.72,417.7,5.79,89176.0,True,NASA_CDAWEB_OMNI_HRO_1MIN,False
2024-11-25 13:10:00,,,,,,,,,,,False,False,,,,,,,,,,False,1.12,-5.38,-3.59,424.2,5.36,82288.0,True,NASA_CDAWEB_OMNI_HRO_1MIN,False
2024-11-25 13:11:00,,,,,,,,,,,False,False,,,,,,,,,,False,0.68,-5.49,-3.29,427.3,5.53,86536.0,True,NASA_CDAWEB_OMNI_HRO_1MIN,False
2024-11-25 13:12:00,,,,,,,,,,,False,False,,,,,,,,,,False,3.02,-5.64,-2.62,403.6,6.03,119161.0,True,NASA_CDAWEB_OMNI_HRO_1MIN,False
2024-11-25 13:13:00,,,,,,,,,,,False,False,,,,,,,,,,False,-1.03,-4.29,-4.5,413.9,5.44,101461.0,True,NASA_CDAWEB_OMNI_HRO_1MIN,False
2024-11-25 13:14:00,,,,,,,,,,,False,False,,,,,,,,,,False,1.82,-5.6,-3.06,419.0,5.16,92777.0,True,NASA_CDAWEB_OMNI_HRO_1MIN,False
2024-11-25 13:15:00,,,,,,,,,,,False,False,,,,,,,,,,False,-3.42,-1.64,-5.73,,,,False,NASA_CDAWEB_OMNI_HRO_1MIN,False
2024-11-25 13:16:00,,,,,,,,,,,False,False,,,,,,,,,,False,2.05,-5.28,-3.17,,,,False,NASA_CDAWEB_OMNI_HRO_1MIN,False
2024-11-25 13:17:00,,,,,,,,,,,False,False,,,,,,,,,,False,-1.25,-3.8,-4.39,419.6,3.93,58066.0,True,NASA_CDAWEB_OMNI_HRO_1MIN,False
2024-11-25 13:18:00,,,,,,,,,,,False,False,,,,,,,,,,False,2.64,-4.33,-4.61,419.6,3.93,58066.0,True,NASA_CDAWEB_OMNI_HRO_1MIN,False
2024-11-25 13:19:00,,,,,,,,,,,False,False,,,,,,,,,,False,1.1,-4.27,-3.37,445.6,5.54,84607.0,True,NASA_CDAWEB_OMNI_HRO_1MIN,False
2024-11-25 13:20:00,,,,,,,,,,,False,False,,,,,,,,,,False,3.95,-4.75,-1.28,429.0,6.16,103023.0,True,NASA_CDAWEB_OMNI_HRO_1MIN,False
2024-11-25 13:21:00,,,,,,,,,,,False,False,,,,,,,,,,False,2.17,-3.51,-3.69,389.0,6.72,167502.0,True,NASA_CDAWEB_OMNI_HRO_1MIN,False
2024-11-25 13:22:00,,,,,,,,,,,False,False,,,,,,,,,,False,0.88,-3.34,-4.83,389.0,6.71,167644.0,True,NASA_CDAWEB_OMNI_HRO_1MIN,False
2024-11-25 13:23:00,,,,,,,,,,,False,False,,,,,,,,,,False,1.5,-6.01,-2.93,418.2,5.31,85260.0,True,NASA_CDAWEB_OMNI_HRO_1MIN,False
2024-11-25 13:24:00,,,,,,,,,,,False,False,,,,,,,,,,False,0.54,-5.0,-1.55,412.4,5.07,79768.0,True,NASA_CDAWEB_OMNI_HRO_1MIN,False
2024-11-25 13:25:00,,,,,,,,,,,False,False,,,,,,,,,,False,2.81,-5.96,2.13,410.1,4.99,77626.0,True,NASA_CDAWEB_OMNI_HRO_1MIN,False
2024-11-25 13:26:00,,,,,,,,,,,False,False,,,,,,,,,,False,-0.13,-3.54,-2.6,,,,False,NASA_CDAWEB_OMNI_HRO_1MIN,False
2024-11-25 13:27:00,,,,,,,,,,,False,False,,,,,,,,,,False,2.57,-6.53,-1.5,413.3,5.56,106316.0,True,NASA_CDAWEB_OMNI_HRO_1MIN,False
2024-11-25 13:28:00,,,,,,,,,,,False,False,,,,,,,,,,False,-0.65,-2.7,-4.76,430.7,5.31,95493.0,True,NASA_CDAWEB_OMNI_HRO_1MIN,False
2024-11-25 13:29:00,,,,,,,,,,,False,False,,,,,,,,,,False,1.98,-6.62,-1.54,451.5,5.0,82511.0,True,NASA_CDAWEB_OMNI_HRO_1MIN,False
2024-11-25 13:30:00,,,,,,,,,,,False,False,,,,,,,,,,False,0.25,-5.5,-2.24,415.8,5.69,86034.0,True,NASA_CDAWEB_OMNI_HRO_1MIN,False
2024-11-25 13:31:00,,,,,,,,,,,False,False,,,,,,,,,,False,0.84,-6.65,-1.19,415.8,5.69,86034.0,True,NASA_CDAWEB_OMNI_HRO_1MIN,False
2024-11-25 13:32:00,,,,,,,,,,,False,False,,,,,,,,,,False,0.63,-6.83,-2.14,423.4,5.58,84394.0,True,NASA_CDAWEB_OMNI_HRO_1MIN,False
2024-11-25 13:33:00,,,,,,,,,,,False,False,,,,,,,,,,False,-2.03,-3.95,-3.94,479.5,4.81,70819.0,True,NASA_CDAWEB_OMNI_HRO_1MIN,False
2024-11-25 13:34:00,,,,,,,,,,,False,False,,,,,,,,,,False,-1.02,-4.52,-4.36,452.4,5.24,77633.0,True,NASA_CDAWEB_OMNI_HRO_1MIN,False
2024-11-25 13:35:00,,,,,,,,,,,False,False,,,,,,,,,,False,-3.91,-1.91,-5.72,416.0,5.91,102373.0,True,NASA_CDAWEB_OMNI_HRO_1MIN,False
2024-11-25 13:36:00,,,,,,,,,,,False,False,,,,,,,,,,False,-2.7,-3.63,-5.73,,,,False,NASA_CDAWEB_OMNI_HRO_1MIN,False
2024-11-25 13:37:00,,,,,,,,,,,False,False,,,,,,,,,,False,,,,,,,False,NASA_CDAWEB_OMNI_HRO_1MIN,False
2024-11-25 13:38:00,,,,,,,,,,,False,False,,,,,,,,,,False,-5.36,-0.35,-5.07,,,,False,NASA_CDAWEB_OMNI_HRO_1MIN,False
2024-11-25 13:39:00,,,,,,,,,,,False,False,,,,,,,,,,False,-2.45,-2.87,-6.37,,,,False,NASA_CDAWEB_OMNI_HRO_1MIN,False
2024-11-25 13:40:00,,,,,,,,,,,False,False,,,,,,,,,,False,-3.16,-1.25,-6.34,,,,False,NASA_CDAWEB_OMNI_HRO_1MIN,False
2024-11-25 13:41:00,,,,,,,,,,,False,False,,,,,,,,,,False,-3.18,-2.28,-6.15,454.4,5.23,82690.0,True,NASA_CDAWEB_OMNI_HRO_1MIN,False
2024-11-25 13:42:00,,,,,,,,,,,False,False,,,,,,,,,,False,-4.68,-0.93,-5.58,454.4,5.23,82690.0,True,NASA_CDAWEB_OMNI_HRO_1MIN,False
2024-11-25 13:43:00,,,,,,,,,,,False,False,,,,,,,,,,False,-3.59,-1.83,-6.1,462.7,6.07,93680.0,True,NASA_CDAWEB_OMNI_HRO_1MIN,False
2024-11-25 13:44:00,,,,,,,,,,,False,False,,,,,,,,,,False,-3.62,-1.71,-6.2,462.7,6.07,93680.0,True,NASA_CDAWEB_OMNI_HRO_1MIN,False
2024-11-25 13:45:00,,,,,,,,,,,False,False,,,,,,,,,,False,-3.96,-1.6,-5.95,479.2,5.06,74155.0,True,NASA_CDAWEB_OMNI_HRO_1MIN,False
2024-11-25 13:46:00,,,,,,,,,,,False,False,,,,,,,,,,False,-3.63,-1.77,-6.16,479.2,5.06,74155.0,True,NASA_CDAWEB_OMNI_HRO_1MIN,False
2024-11-25 13:47:00,,,,,,,,,,,False,False,,,,,,,,,,False,-3.01,-0.47,-6.59,,,,False,NASA_CDAWEB_OMNI_HRO_1MIN,False
2024-11-25 13:48:00,,,,,,,,,,,False,False,,,,,,,,,,False,-3.46,-2.01,-6.24,,,,False,NASA_CDAWEB_OMNI_HRO_1MIN,False
2024-11-25 13:49:00,,,,,,,,,,,False,False,,,,,,,,,,False,-4.7,-0.09,-5.67,,,,False,NASA_CDAWEB_OMNI_HRO_1MIN,False
2024-11-25 13:50:00,,,,,,,,,,,False,False,,,,,,,,,,False,,,,,,,False,NASA_CDAWEB_OMNI_HRO_1MIN,False
2024-11-25 13:51:00,,,,,,,,,,,False,False,,,,,,,,,,False,-3.52,-0.95,-6.13,,,,False,NASA_CDAWEB_OMNI_HRO_1MIN,False
2024-11-25 13:52:00,,,,,,,,,,,False,False,,,,,,,,,,False,-3.21,-1.15,-6.27,,,,False,NASA_CDAWEB_OMNI_HRO_1MIN,False
2024-11-25 13:53:00,,,,,,,,,,,False,False,,,,,,,,,,False,-2.38,-0.85,-6.59,460.7,5.7,100561.0,True,NASA_CDAWEB_OMNI_HRO_1MIN,False
2024-11-25 13:54:00,,,,,,,,,,,False,False,,,,,,,,,,False,-0.72,-3.64,-6.02,460.1,5.8,103251.0,True,NASA_CDAWEB_OMNI_HRO_1MIN,False
2024-11-25 13:55:00,,,,,,,,,,,False,False,,,,,,,,,,False,2.94,-6.34,-0.78,424.4,4.54,61529.0,True,NASA_CDAWEB_OMNI_HRO_1MIN,False
2024-11-25 13:56:00,,,,,,,,,,,False,False,,,,,,,,,,False,1.7,-6.4,-0.9,412.8,5.07,75749.0,True,NASA_CDAWEB_OMNI_HRO_1MIN,False
2024-11-25 13:57:00,,,,,,,,,,,False,False,,,,,,,,,,False,0.01,-6.69,2.63,408.7,5.39,81323.0,True,NASA_CDAWEB_OMNI_HRO_1MIN,False
2024-11-25 13:58:00,,,,,,,,,,,False,False,,,,,,,,,,False,-0.68,-4.52,-1.47,442.4,5.02,82781.0,True,NASA_CDAWEB_OMNI_HRO_1MIN,False
2024-11-25 13:59:00,,,,,,,,,,,False,False,,,,,,,,,,False,-0.63,-3.02,-4.12,429.6,4.8,66046.0,True,NASA_CDAWEB_OMNI_HRO_1MIN,False
2024-11-25 14:00:00,,,,,,,,,,,False,False,,,,,,,,,,False,-0.05,-4.86,-2.14,413.8,5.01,78975.0,True,NASA_CDAWEB_OMNI_HRO_1MIN,False
2024-11-25 14:01:00,,,,,,,,,,,False,False,,,,,,,,,,False,-0.35,-4.33,-1.47,420.4,4.98,82299.0,True,NASA_CDAWEB_OMNI_HRO_1MIN,False
2024-11-25 14:02:00,,,,,,,,,,,False,False,,,,,,,,,,False,-0.8,-3.94,-2.15,437.3,4.94,82213.0,True,NASA_CDAWEB_OMNI_HRO_1MIN,False
2024-11-25 14:03:00,,,,,,,,,,,False,False,,,,,,,,,,False,-0.82,-4.27,1.68,418.0,5.04,70156.0,True,NASA_CDAWEB_OMNI_HRO_1MIN,False
2024-11-25 14:04:00,,,,,,,,,,,False,False,,,,,,,,,,False,-3.58,-1.34,-6.08,466.6,4.85,85532.0,True,NASA_CDAWEB_OMNI_HRO_1MIN,False
2024-11-25 14:05:00,,,,,,,,,,,False,False,,,,,,,,,,False,0.22,-3.91,-5.48,466.6,4.85,85532.0,True,NASA_CDAWEB_OMNI_HRO_1MIN,False
2024-11-25 14:06:00,,,,,,,,,,,False,False,,,,,,,,,,False,0.94,-4.11,-5.47,,,,False,NASA_CDAWEB_OMNI_HRO_1MIN,False
2024-11-25 14:07:00,,,,,,,,,,,False,False,,,,,,,,,,False,-0.2,-2.93,-6.26,427.9,4.94,92967.0,True,NASA_CDAWEB_OMNI_HRO_1MIN,False
2024-11-25 14:08:00,,,,,,,,,,,False,False,,,,,,,,,,False,1.06,-2.74,-6.7,427.9,4.94,92967.0,True,NASA_CDAWEB_OMNI_HRO_1MIN,False
2024-11-25 14:09:00,,,,,,,,,,,False,False,,,,,,,,,,False,1.24,-2.45,-6.85,,,,False,NASA_CDAWEB_OMNI_HRO_1MIN,False
2024-11-25 14:10:00,,,,,,,,,,,False,False,,,,,,,,,,False,1.6,-3.19,-6.41,424.9,5.38,75047.0,True,NASA_CDAWEB_OMNI_HRO_1MIN,False
2024-11-25 14:11:00,,,,,,,,,,,False,False,,,,,,,,,,False,1.92,-2.72,-6.6,424.9,5.38,75047.0,True,NASA_CDAWEB_OMNI_HRO_1MIN,False
2024-11-25 14:12:00,,,,,,,,,,,False,False,,,,,,,,,,False,1.94,-2.85,-6.54,,,,False,NASA_CDAWEB_OMNI_HRO_1MIN,False
2024-11-25 14:13:00,,,,,,,,,,,False,False,,,,,,,,,,False,2.52,-3.28,-6.15,420.0,4.89,59689.0,True,NASA_CDAWEB_OMNI_HRO_1MIN,False
2024-11-25 14:14:00,,,,,,,,,,,False,False,,,,,,,,,,False,2.23,-3.25,-6.28,420.0,4.89,59689.0,True,NASA_CDAWEB_OMNI_HRO_1MIN,False
2024-11-25 14:15:00,,,,,,,,,,,False,False,,,,,,,,,,False,2.62,-3.14,-6.17,,,,False,NASA_CDAWEB_OMNI_HRO_1MIN,False
2024-11-25 14:16:00,,,,,,,,,,,False,False,,,,,,,,,,False,3.18,-3.25,-5.88,,,,False,NASA_CDAWEB_OMNI_HRO_1MIN,False
2024-11-25 14:17:00,,,,,,,,,,,False,False,,,,,,,,,,False,3.13,-3.16,-5.93,,,,False,NASA_CDAWEB_OMNI_HRO_1MIN,False
2024-11-25 14:18:00,,,,,,,,,,,False,False,,,,,,,,,,False,3.17,-3.15,-5.94,,,,False,NASA_CDAWEB_OMNI_HRO_1MIN,False
2024-11-25 14:19:00,,,,,,,,,,,False,False,,,,,,,,,,False,3.03,-3.0,-6.09,409.5,5.2,64258.0,True,NASA_CDAWEB_OMNI_HRO_1MIN,False
2024-11-25 14:20:00,,,,,,,,,,,False,False,,,,,,,,,,False,3.03,-3.0,-6.09,409.5,5.2,64258.0,True,NASA_CDAWEB_OMNI_HRO_1MIN,False
2024-11-25 14:21:00,,,,,,,,,,,False,False,,,,,,,,,,False,2.8,-3.1,-6.14,409.5,5.2,64258.0,True,NASA_CDAWEB_OMNI_HRO_1MIN,False
2024-11-25 14:22:00,,,,,,,,,,,False,False,,,,,,,,,,False,2.77,-3.07,-6.17,,,,False,NASA_CDAWEB_OMNI_HRO_1MIN,False
2024-11-25 14:23:00,,,,,,,,,,,False,False,,,,,,,,,,False,2.76,-3.11,-6.14,,,,False,NASA_CDAWEB_OMNI_HRO_1MIN,False
2024-11-25 14:24:00,,,,,,,,,,,False,False,,,,,,,,,,False,2.4,-3.02,-6.31,,,,False,NASA_CDAWEB_OMNI_HRO_1MIN,False
2024-11-25 14:25:00,,,,,,,,,,,False,False,,,,,,,,,,False,2.24,-3.08,-6.32,,,,False,NASA_CDAWEB_OMNI_HRO_1MIN,False
2024-11-25 14:26:00,,,,,,,,,,,False,False,,,,,,,,,,False,,,,,,,False,NASA_CDAWEB_OMNI_HRO_1MIN,False
2024-11-25 14:27:00,,,,,,,,,,,False,False,,,,,,,,,,False,2.21,-2.37,-6.47,414.9,4.36,42647.0,True,NASA_CDAWEB_OMNI_HRO_1MIN,False
2024-11-25 14:28:00,,,,,,,,,,,False,False,,,,,,,,,,False,,,,414.9,4.36,42647.0,False,NASA_CDAWEB_OMNI_HRO_1MIN,False
2024-11-25 14:29:00,,,,,,,,,,,False,False,,,,,,,,,,False,3.55,-2.61,-5.99,,,,False,NASA_CDAWEB_OMNI_HRO_1MIN,False
2024-11-25 14:30:00,,,,,,,,,,,False,False,,,,,,,,,,False,3.08,-2.6,-6.21,,,,False,NASA_CDAWEB_OMNI_HRO_1MIN,False
2024-11-25 14:31:00,,,,,,,,,,,False,False,,,,,,,,,,False,2.7,-2.03,-6.56,,,,False,NASA_CDAWEB_OMNI_HRO_1MIN,False
2024-11-25 14:32:00,,,,,,,,,,,False,False,,,,,,,,,,False,2.37,-1.98,-6.77,,,,False,NASA_CDAWEB_OMNI_HRO_1MIN,False
2024-11-25 14:33:00,,,,,,,,,,,False,False,,,,,,,,,,False,2.32,-1.09,-6.85,418.2,4.58,47737.0,True,NASA_CDAWEB_OMNI_HRO_1MIN,False
2024-11-25 14:34:00,,,,,,,,,,,False,False,,,,,,,,,,False,1.06,-0.59,-7.14,418.2,4.58,47737.0,True,NASA_CDAWEB_OMNI_HRO_1MIN,False
2024-11-25 14:35:00,,,,,,,,,,,False,False,,,,,,,,,,False,0.67,-0.49,-7.17,433.2,5.56,84580.0,True,NASA_CDAWEB_OMNI_HRO_1MIN,False
2024-11-25 14:36:00,,,,,,,,,,,False,False,,,,,,,,,,False,-0.2,0.49,-7.34,433.0,5.79,76307.0,True,NASA_CDAWEB_OMNI_HRO_1MIN,False
2024-11-25 14:37:00,,,,,,,,,,,False,False,,,,,,,,,,False,-0.45,0.66,-7.3,435.1,6.06,62274.0,True,NASA_CDAWEB_OMNI_HRO_1MIN,False
2024-11-25 14:38:00,,,,,,,,,,,False,False,,,,,,,,,,False,0.64,-0.65,-7.1,438.8,5.74,67430.0,True,NASA_CDAWEB_OMNI_HRO_1MIN,False
2024-11-25 14:39:00,,,,,,,,,,,False,False,,,,,,,,,,False,1.6,-2.14,-6.86,425.9,4.9,65168.0,True,NASA_CDAWEB_OMNI_HRO_1MIN,False
2024-11-25 14:40:00,,,,,,,,,,,False,False,,,,,,,,,,False,0.98,-0.8,-7.11,425.9,4.9,65168.0,True,NASA_CDAWEB_OMNI_HRO_1MIN,False
2024-11-25 14:41:00,,,,,,,,,,,False,False,,,,,,,,,,False,1.85,-3.98,-5.94,425.9,4.9,65168.0,True,NASA_CDAWEB_OMNI_HRO_1MIN,False
2024-11-25 14:42:00,,,,,,,,,,,False,False,,,,,,,,,,False,1.44,-4.11,-5.87,419.8,4.85,67572.0,True,NASA_CDAWEB_OMNI_HRO_1MIN,False
2024-11-25 14:43:00,,,,,,,,,,,False,False,,,,,,,,,,False,1.69,-3.9,-5.93,420.8,4.78,63523.0,True,NASA_CDAWEB_OMNI_HRO_1MIN,False
2024-11-25 14:44:00,,,,,,,,,,,False,False,,,,,,,,,,False,2.49,-3.58,-5.84,421.5,4.72,60336.0,True,NASA_CDAWEB_OMNI_HRO_1MIN,False
2024-11-25 14:45:00,,,,,,,,,,,False,False,,,,,,,,,,False,2.51,-3.43,-5.92,,,,False,NASA_CDAWEB_OMNI_HRO_1MIN,False
2024-11-25 14:46:00,,,,,,,,,,,False,False,,,,,,,,,,False,2.77,-3.59,-5.75,417.7,4.84,69363.0,True,NASA_CDAWEB_OMNI_HRO_1MIN,False
2024-11-25 14:47:00,,,,,,,,,,,False,False,,,,,,,,,,False,2.92,-3.43,-5.8,414.1,4.71,67155.0,True,NASA_CDAWEB_OMNI_HRO_1MIN,False
2024-11-25 14:48:00,,,,,,,,,,,False,False,,,,,,,,,,False,3.17,-3.34,-5.67,411.1,4.61,65327.0,True,NASA_CDAWEB_OMNI_HRO_1MIN,False
2024-11-25 14:49:00,,,,,,,,,,,False,False,,,,,,,,,,False,2.17,-2.28,-6.57,426.3,5.5,73732.0,True,NASA_CDAWEB_OMNI_HRO_1MIN,False
2024-11-25 14:50:00,,,,,,,,,,,False,False,,,,,,,,,,False,2.8,-3.09,-6.0,426.3,5.5,73732.0,True,NASA_CDAWEB_OMNI_HRO_1MIN,False
2024-11-25 14:51:00,,,,,,,,,,,False,False,,,,,,,,,,False,2.25,-3.44,-6.06,,,,False,NASA_CDAWEB_OMNI_HRO_1MIN,False
2024-11-25 14:52:00,,,,,,,,,,,False,False,,,,,,,,,,False,1.08,-1.1,-6.94,,,,False,NASA_CDAWEB_OMNI_HRO_1MIN,False
2024-11-25 14:53:00,,,,,,,,,,,False,False,,,,,,,,,,False,2.66,-2.47,-6.4,,,,False,NASA_CDAWEB_OMNI_HRO_1MIN,False
2024-11-25 14:54:00,,,,,,,,,,,False,False,,,,,,,,,,False,2.6,-2.13,-6.5,,,,False,NASA_CDAWEB_OMNI_HRO_1MIN,False
2024-11-25 14:55:00,,,,,,,,,,,False,False,,,,,,,,,,False,2.74,-2.74,-5.91,411.0,5.25,83468.0,True,NASA_CDAWEB_OMNI_HRO_1MIN,False
2024-11-25 14:56:00,,,,,,,,,,,False,False,,,,,,,,,,False,1.67,-5.03,-2.53,421.7,5.4,86430.0,True,NASA_CDAWEB_OMNI_HRO_1MIN,False
2024-11-25 14:57:00,,,,,,,,,,,False,False,,,,,,,,,,False,2.09,-4.49,-3.54,430.2,4.81,67495.0,True,NASA_CDAWEB_OMNI_HRO_1MIN,False
2024-11-25 14:58:00,,,,,,,,,,,False,False,,,,,,,,,,False,2.46,-4.59,-2.32,429.9,4.65,62612.0,True,NASA_CDAWEB_OMNI_HRO_1MIN,False
2024-11-25 14:59:00,,,,,,,,,,,False,False,,,,,,,,,,False,2.44,-4.85,-3.42,411.9,5.33,103644.0,True,NASA_CDAWEB_OMNI_HRO_1MIN,False
2024-11-25 15:00:00,,,,,,,,,,,False,False,,,,,,,,,,False,3.5,-4.57,-3.53,411.9,5.33,103644.0,True,NASA_CDAWEB_OMNI_HRO_1MIN,False
2024-11-25 15:01:00,,,,,,,,,,,False,False,,,,,,,,,,False,2.62,-5.22,-1.8,412.4,5.08,77481.0,True,NASA_CDAWEB_OMNI_HRO_1MIN,False
2024-11-25 15:02:00,,,,,,,,,,,False,False,,,,,,,,,,False,1.46,-4.95,-0.52,416.3,5.37,88840.0,True,NASA_CDAWEB_OMNI_HRO_1MIN,False
2024-11-25 15:03:00,,,,,,,,,,,False,False,,,,,,,,,,False,0.47,-6.43,1.85,423.5,5.73,102358.0,True,NASA_CDAWEB_OMNI_HRO_1MIN,False
2024-11-25 15:04:00,,,,,,,,,,,False,False,,,,,,,,,,False,0.89,-5.22,2.51,428.3,5.37,90284.0,True,NASA_CDAWEB_OMNI_HRO_1MIN,False
2024-11-25 15:05:00,,,,,,,,,,,False,False,,,,,,,,,,False,1.47,-5.36,-2.11,425.4,5.31,72348.0,True,NASA_CDAWEB_OMNI_HRO_1MIN,False
2024-11-25 15:06:00,,,,,,,,,,,False,False,,,,,,,,,,False,1.77,-5.57,-2.13,417.7,5.26,74838.0,True,NASA_CDAWEB_OMNI_HRO_1MIN,False
2024-11-25 15:07:00,,,,,,,,,,,False,False,,,,,,,,,,False,2.51,-3.74,-5.14,412.0,5.42,85190.0,True,NASA_CDAWEB_OMNI_HRO_1MIN,False
2024-11-25 15:08:00,,,,,,,,,,,False,False,,,,,,,,,,False,2.67,-3.55,-4.97,,,,False,NASA_CDAWEB_OMNI_HRO_1MIN,False
2024-11-25 15:09:00,,,,,,,,,,,False,False,,,,,,,,,,False,1.26,-6.88,-1.96,418.5,5.13,79808.0,True,NASA_CDAWEB_OMNI_HRO_1MIN,False
2024-11-25 15:10:00,,,,,,,,,,,False,False,,,,,,,,,,False,2.42,-3.73,-5.32,417.7,5.17,79985.0,True,NASA_CDAWEB_OMNI_HRO_1MIN,False
2024-11-25 15:11:00,,,,,,,,,,,False,False,,,,,,,,,,False,1.97,-4.38,-4.5,414.7,5.3,80645.0,True,NASA_CDAWEB_OMNI_HRO_1MIN,False
2024-11-25 15:12:00,,,,,,,,,,,False,False,,,,,,,,,,False,2.5,-3.79,-4.92,414.7,5.3,80645.0,True,NASA_CDAWEB_OMNI_HRO_1MIN,False
2024-11-25 15:13:00,,,,,,,,,,,False,False,,,,,,,,,,False,1.03,-6.8,-2.52,,,,False,NASA_CDAWEB_OMNI_HRO_1MIN,False
2024-11-25 15:14:00,,,,,,,,,,,False,False,,,,,,,,,,False,2.44,-1.7,-6.61,417.4,5.25,73521.0,True,NASA_CDAWEB_OMNI_HRO_1MIN,False
2024-11-25 15:15:00,,,,,,,,,,,False,False,,,,,,,,,,False,2.44,-4.13,-4.74,417.4,5.25,73521.0,True,NASA_CDAWEB_OMNI_HRO_1MIN,False
2024-11-25 15:16:00,,,,,,,,,,,False,False,,,,,,,,,,False,1.44,-6.07,-3.06,417.4,5.25,73521.0,True,NASA_CDAWEB_OMNI_HRO_1MIN,False
2024-11-25 15:17:00,,,,,,,,,,,False,False,,,,,,,,,,False,,,,421.8,5.3,85988.0,False,NASA_CDAWEB_OMNI_HRO_1MIN,False
2024-11-25 15:18:00,,,,,,,,,,,False,False,,,,,,,,,,False,1.08,-6.82,-2.29,421.8,5.3,85988.0,True,NASA_CDAWEB_OMNI_HRO_1MIN,False
2024-11-25 15:19:00,,,,,,,,,,,False,False,,,,,,,,,,False,1.23,-6.79,-2.18,421.8,5.3,85988.0,True,NASA_CDAWEB_OMNI_HRO_1MIN,False
2024-11-25 15:20:00,,,,,,,,,,,False,False,,,,,,,,,,False,1.23,-6.79,-2.18,,,,False,NASA_CDAWEB_OMNI_HRO_1MIN,False
2024-11-25 15:21:00,,,,,,,,,,,False,False,,,,,,,,,,False,1.67,-6.59,-2.53,,,,False,NASA_CDAWEB_OMNI_HRO_1MIN,False
2024-11-25 15:22:00,,,,,,,,,,,False,False,,,,,,,,,,False,,,,,,,False,NASA_CDAWEB_OMNI_HRO_1MIN,False
2024-11-25 15:23:00,,,,,,,,,,,False,False,,,,,,,,,,False,1.6,-6.65,-2.36,,,,False,NASA_CDAWEB_OMNI_HRO_1MIN,False
2024-11-25 15:24:00,,,,,,,,,,,False,False,,,,,,,,,,False,,,,,,,False,NASA_CDAWEB_OMNI_HRO_1MIN,False
2024-11-25 15:25:00,,,,,,,,,,,False,False,,,,,,,,,,False,1.85,-6.62,-2.16,,,,False,NASA_CDAWEB_OMNI_HRO_1MIN,False
2024-11-25 15:26:00,,,,,,,,,,,False,False,,,,,,,,,,False,1.85,-6.62,-2.16,,,,False,NASA_CDAWEB_OMNI_HRO_1MIN,False
2024-11-25 15:27:00,,,,,,,,,,,False,False,,,,,,,,,,False,1.82,-6.63,-2.28,,,,False,NASA_CDAWEB_OMNI_HRO_1MIN,False
2024-11-25 15:28:00,,,,,,,,,,,False,False,,,,,,,,,,False,1.82,-6.63,-2.28,,,,False,NASA_CDAWEB_OMNI_HRO_1MIN,False
2024-11-25 15:29:00,,,,,,,,,,,False,False,,,,,,,,,,False,,,,,,,False,NASA_CDAWEB_OMNI_HRO_1MIN,False
2024-11-25 15:30:00,,,,,,,,,,,False,False,,,,,,,,,,False,1.97,-6.3,-2.85,,,,False,NASA_CDAWEB_OMNI_HRO_1MIN,False
2024-11-25 15:31:00,,,,,,,,,,,False,False,,,,,,,,,,False,2.68,-6.41,-1.75,408.1,5.35,84173.0,True,NASA_CDAWEB_OMNI_HRO_1MIN,False
2024-11-25 15:32:00,,,,,,,,,,,False,False,,,,,,,,,,False,2.62,-6.4,-1.81,410.0,5.29,79731.0,True,NASA_CDAWEB_OMNI_HRO_1MIN,False
2024-11-25 15:33:00,,,,,,,,,,,False,False,,,,,,,,,,False,2.94,-6.23,-1.64,409.8,5.2,81060.0,True,NASA_CDAWEB_OMNI_HRO_1MIN,False
2024-11-25 15:34:00,,,,,,,,,,,False,False,,,,,,,,,,False,2.11,-6.07,-2.73,408.8,4.85,77063.0,True,NASA_CDAWEB_OMNI_HRO_1MIN,False
2024-11-25 15:35:00,,,,,,,,,,,False,False,,,,,,,,,,False,2.71,-5.88,-2.42,408.8,4.85,77063.0,True,NASA_CDAWEB_OMNI_HRO_1MIN,False
2024-11-25 15:36:00,,,,,,,,,,,False,False,,,,,,,,,,False,2.44,-6.11,-2.33,,,,False,NASA_CDAWEB_OMNI_HRO_1MIN,False
2024-11-25 15:37:00,,,,,,,,,,,False,False,,,,,,,,,,False,3.62,-5.5,-2.5,397.3,5.8,101007.0,True,NASA_CDAWEB_OMNI_HRO_1MIN,False
2024-11-25 15:38:00,,,,,,,,,,,False,False,,,,,,,,,,False,2.76,-5.34,-3.26,398.9,5.8,95434.0,True,NASA_CDAWEB_OMNI_HRO_1MIN,False
2024-11-25 15:39:00,,,,,,,,,,,False,False,,,,,,,,,,False,1.59,-5.35,-4.34,408.4,5.66,89274.0,True,NASA_CDAWEB_OMNI_HRO_1MIN,False
2024-11-25 15:40:00,,,,,,,,,,,False,False,,,,,,,,,,False,2.33,-5.42,-3.83,419.4,5.4,97333.0,True,NASA_CDAWEB_OMNI_HRO_1MIN,False
2024-11-25 15:41:00,,,,,,,,,,,False,False,,,,,,,,,,False,2.62,-5.43,-3.69,,,,False,NASA_CDAWEB_OMNI_HRO_1MIN,False
2024-11-25 15:42:00,,,,,,,,,,,False,False,,,,,,,,,,False,3.23,-5.16,-3.38,,,,False,NASA_CDAWEB_OMNI_HRO_1MIN,False
2024-11-25 15:43:00,,,,,,,,,,,False,False,,,,,,,,,,False,3.7,-4.91,-3.27,,,,False,NASA_CDAWEB_OMNI_HRO_1MIN,False
2024-11-25 15:44:00,,,,,,,,,,,False,False,,,,,,,,,,False,3.62,-4.59,-3.7,,,,False,NASA_CDAWEB_OMNI_HRO_1MIN,False
2024-11-25 15:45:00,,,,,,,,,,,False,False,,,,,,,,,,False,3.61,-4.46,-3.76,396.0,5.43,104297.0,True,NASA_CDAWEB_OMNI_HRO_1MIN,False
2024-11-25 15:46:00,,,,,,,,,,,False,False,,,,,,,,,,False,2.67,-4.84,-3.91,396.0,5.43,104297.0,True,NASA_CDAWEB_OMNI_HRO_1MIN,False
2024-11-25 15:47:00,,,,,,,,,,,False,False,,,,,,,,,,False,2.87,-5.21,-3.26,,,,False,NASA_CDAWEB_OMNI_HRO_1MIN,False
2024-11-25 15:48:00,,,,,,,,,,,False,False,,,,,,,,,,False,4.69,-4.54,-2.15,,,,False,NASA_CDAWEB_OMNI_HRO_1MIN,False
2024-11-25 15:49:00,,,,,,,,,,,False,False,,,,,,,,,,False,4.99,-4.61,-1.71,,,,False,NASA_CDAWEB_OMNI_HRO_1MIN,False
2024-11-25 15:50:00,,,,,,,,,,,False,False,,,,,,,,,,False,4.84,-4.57,-2.15,383.6,5.67,97333.0,True,NASA_CDAWEB_OMNI_HRO_1MIN,False
2024-11-25 15:51:00,,,,,,,,,,,False,False,,,,,,,,,,False,5.25,-4.32,-1.86,383.6,5.67,97333.0,True,NASA_CDAWEB_OMNI_HRO_1MIN,False
2024-11-25 15:52:00,,,,,,,,,,,False,False,,,,,,,,,,False,3.77,-4.75,-2.85,392.1,5.0,82008.0,True,NASA_CDAWEB_OMNI_HRO_1MIN,False
2024-11-25 15:53:00,,,,,,,,,,,False,False,,,,,,,,,,False,2.74,-5.18,-3.48,395.5,4.9,79719.0,True,NASA_CDAWEB_OMNI_HRO_1MIN,False
2024-11-25 15:54:00,,,,,,,,,,,False,False,,,,,,,,,,False,3.93,-4.44,-3.47,393.5,5.08,83632.0,True,NASA_CDAWEB_OMNI_HRO_1MIN,False
2024-11-25 15:55:00,,,,,,,,,,,False,False,,,,,,,,,,False,3.68,-4.89,-3.14,393.5,5.08,83632.0,True,NASA_CDAWEB_OMNI_HRO_1MIN,False
2024-11-25 15:56:00,,,,,,,,,,,False,False,,,,,,,,,,False,3.95,-5.01,-2.79,393.5,5.08,83632.0,True,NASA_CDAWEB_OMNI_HRO_1MIN,False
2024-11-25 15:57:00,,,,,,,,,,,False,False,,,,,,,,,,False,4.07,-4.99,-2.69,,,,False,NASA_CDAWEB_OMNI_HRO_1MIN,False
2024-11-25 15:58:00,,,,,,,,,,,False,False,,,,,,,,,,False,4.13,-5.03,-2.36,391.7,5.5,85623.0,True,NASA_CDAWEB_OMNI_HRO_1MIN,False
2024-11-25 15:59:00,,,,,,,,,,,False,False,,,,,,,,,,False,4.13,-5.03,-2.36,391.7,5.5,85623.0,True,NASA_CDAWEB_OMNI_HRO_1MIN,False
2024-11-25 16:00:00,,,,,,,,,,,False,False,,,,,,,,,,False,4.18,-4.9,-2.63,391.7,5.5,85623.0,True,NASA_CDAWEB_OMNI_HRO_1MIN,False
2024-11-25 16:01:00,,,,,,,,,,,False,False,,,,,,,,,,False,2.99,-5.31,-3.56,,,,False,NASA_CDAWEB_OMNI_HRO_1MIN,False
2024-11-25 16:02:00,,,,,,,,,,,False,False,,,,,,,,,,False,3.14,-5.37,-3.09,,,,False,NASA_CDAWEB_OMNI_HRO_1MIN,False
2024-11-25 16:03:00,,,,,,,,,,,False,False,,,,,,,,,,False,3.14,-5.37,-3.09,,,,False,NASA_CDAWEB_OMNI_HRO_1MIN,False
2024-11-25 16:04:00,,,,,,,,,,,False,False,,,,,,,,,,False,4.12,-5.26,-1.75,,,,False,NASA_CDAWEB_OMNI_HRO_1MIN,False
2024-11-25 16:05:00,,,,,,,,,,,False,False,,,,,,,,,,False,4.32,-5.24,-1.51,,,,False,NASA_CDAWEB_OMNI_HRO_1MIN,False
2024-11-25 16:06:00,,,,,,,,,,,False,False,,,,,,,,,,False,3.76,-5.62,-1.38,,,,False,NASA_CDAWEB_OMNI_HRO_1MIN,False
2024-11-25 16:07:00,,,,,,,,,,,False,False,,,,,,,,,,False,3.76,-5.62,-1.38,,,,False,NASA_CDAWEB_OMNI_HRO_1MIN,False
2024-11-25 16:08:00,,,,,,,,,,,False,False,,,,,,,,,,False,3.47,-5.9,-0.49,395.5,5.54,93625.0,True,NASA_CDAWEB_OMNI_HRO_1MIN,False
2024-11-25 16:09:00,,,,,,,,,,,False,False,,,,,,,,,,False,2.98,-5.82,0.07,399.2,5.63,104036.0,True,NASA_CDAWEB_OMNI_HRO_1MIN,False
2024-11-25 16:10:00,,,,,,,,,,,False,False,,,,,,,,,,False,3.62,-4.43,0.48,402.4,5.71,113117.0,True,NASA_CDAWEB_OMNI_HRO_1MIN,False
2024-11-25 16:11:00,,,,,,,,,,,False,False,,,,,,,,,,False,3.85,-4.93,0.99,386.5,6.74,92872.0,True,NASA_CDAWEB_OMNI_HRO_1MIN,False
2024-11-25 16:12:00,,,,,,,,,,,False,False,,,,,,,,,,False,4.68,-4.55,0.91,391.7,5.54,77079.0,True,NASA_CDAWEB_OMNI_HRO_1MIN,False
2024-11-25 16:13:00,,,,,,,,,,,False,False,,,,,,,,,,False,4.16,-4.88,1.0,398.0,4.1,57803.0,True,NASA_CDAWEB_OMNI_HRO_1MIN,False
2024-11-25 16:14:00,,,,,,,,,,,False,False,,,,,,,,,,False,3.44,-5.23,-2.51,,,,False,NASA_CDAWEB_OMNI_HRO_1MIN,False
2024-11-25 16:15:00,,,,,,,,,,,False,False,,,,,,,,,,False,4.26,-4.79,-0.56,401.5,7.27,67491.0,True,NASA_CDAWEB_OMNI_HRO_1MIN,False
2024-11-25 16:16:00,,,,,,,,,,,False,False,,,,,,,,,,False,4.06,-4.91,-1.33,401.5,7.27,67491.0,True,NASA_CDAWEB_OMNI_HRO_1MIN,False
2024-11-25 16:17:00,,,,,,,,,,,False,False,,,,,,,,,,False,2.84,-5.59,-0.94,404.8,4.62,60810.0,True,NASA_CDAWEB_OMNI_HRO_1MIN,False
2024-11-25 16:18:00,,,,,,,,,,,False,False,,,,,,,,,,False,3.4,-5.45,0.44,405.7,4.75,64457.0,True,NASA_CDAWEB_OMNI_HRO_1MIN,False
2024-11-25 16:19:00,,,,,,,,,,,False,False,,,,,,,,,,False,3.4,-5.55,-0.92,395.9,5.28,86097.0,True,NASA_CDAWEB_OMNI_HRO_1MIN,False
2024-11-25 16:20:00,,,,,,,,,,,False,False,,,,,,,,,,False,3.49,-4.93,-1.33,400.8,5.45,90569.0,True,NASA_CDAWEB_OMNI_HRO_1MIN,False
2024-11-25 16:21:00,,,,,,,,,,,False,False,,,,,,,,,,False,3.95,-5.29,1.29,399.9,6.57,91457.0,True,NASA_CDAWEB_OMNI_HRO_1MIN,False
2024-11-25 16:22:00,,,,,,,,,,,False,False,,,,,,,,,,False,3.88,-5.71,0.28,396.6,7.17,94300.0,True,NASA_CDAWEB_OMNI_HRO_1MIN,False
2024-11-25 16:23:00,,,,,,,,,,,False,False,,,,,,,,,,False,3.89,-5.73,-0.24,394.5,5.78,83747.0,True,NASA_CDAWEB_OMNI_HRO_1MIN,False
2024-11-25 16:24:00,,,,,,,,,,,False,False,,,,,,,,,,False,4.17,-4.9,-2.73,395.8,5.71,82700.0,True,NASA_CDAWEB_OMNI_HRO_1MIN,False
2024-11-25 16:25:00,,,,,,,,,,,False,False,,,,,,,,,,False,4.13,-4.71,-3.08,397.8,5.61,81132.0,True,NASA_CDAWEB_OMNI_HRO_1MIN,False
2024-11-25 16:26:00,,,,,,,,,,,False,False,,,,,,,,,,False,,,,,,,False,NASA_CDAWEB_OMNI_HRO_1MIN,False
2024-11-25 16:27:00,,,,,,,,,,,False,False,,,,,,,,,,False,4.65,-4.26,-3.05,,,,False,NASA_CDAWEB_OMNI_HRO_1MIN,False
2024-11-25 16:28:00,,,,,,,,,,,False,False,,,,,,,,,,False,4.57,-4.6,-2.63,386.8,4.89,82959.0,True,NASA_CDAWEB_OMNI_HRO_1MIN,False
2024-11-25 16:29:00,,,,,,,,,,,False,False,,,,,,,,,,False,4.53,-4.95,-2.0,386.8,4.89,82959.0,True,NASA_CDAWEB_OMNI_HRO_1MIN,False
2024-11-25 16:30:00,,,,,,,,,,,False,False,,,,,,,,,,False,4.87,-4.21,-2.87,,,,False,NASA_CDAWEB_OMNI_HRO_1MIN,False
2024-11-25 16:31:00,,,,,,,,,,,False,False,,,,,,,,,,False,4.71,-3.94,-3.48,391.4,5.76,68343.0,True,NASA_CDAWEB_OMNI_HRO_1MIN,False
2024-11-25 16:32:00,,,,,,,,,,,False,False,,,,,,,,,,False,4.52,-3.99,-3.65,391.4,5.76,68343.0,True,NASA_CDAWEB_OMNI_HRO_1MIN,False
2024-11-25 16:33:00,,,,,,,,,,,False,False,,,,,,,,,,False,4.5,-3.83,-3.97,,,,False,NASA_CDAWEB_OMNI_HRO_1MIN,False
2024-11-25 16:34:00,,,,,,,,,,,False,False,,,,,,,,,,False,4.37,-3.46,-4.41,,,,False,NASA_CDAWEB_OMNI_HRO_1MIN,False
2024-11-25 16:35:00,,,,,,,,,,,False,False,,,,,,,,,,False,4.37,-3.46,-4.41,,,,False,NASA_CDAWEB_OMNI_HRO_1MIN,False
2024-11-25 16:36:00,,,,,,,,,,,False,False,,,,,,,,,,False,4.74,-3.4,-4.08,,,,False,NASA_CDAWEB_OMNI_HRO_1MIN,False
2024-11-25 16:37:00,,,,,,,,,,,False,False,,,,,,,,,,False,4.85,-3.22,-4.07,388.5,4.75,52258.0,True,NASA_CDAWEB_OMNI_HRO_1MIN,False
2024-11-25 16:38:00,,,,,,,,,,,False,False,,,,,,,,,,False,5.01,-3.25,-3.72,388.5,4.75,52258.0,True,NASA_CDAWEB_OMNI_HRO_1MIN,False
2024-11-25 16:39:00,,,,,,,,,,,False,False,,,,,,,,,,False,5.37,-3.17,-3.28,388.5,4.75,52258.0,True,NASA_CDAWEB_OMNI_HRO_1MIN,False
2024-11-25 16:40:00,,,,,,,,,,,False,False,,,,,,,,,,False,5.11,-2.33,-4.14,,,,False,NASA_CDAWEB_OMNI_HRO_1MIN,False
2024-11-25 16:41:00,,,,,,,,,,,False,False,,,,,,,,,,False,5.3,-2.19,-4.2,,,,False,NASA_CDAWEB_OMNI_HRO_1MIN,False
2024-11-25 16:42:00,,,,,,,,,,,False,False,,,,,,,,,,False,4.35,-2.46,-4.89,390.0,6.15,95065.0,True,NASA_CDAWEB_OMNI_HRO_1MIN,False
2024-11-25 16:43:00,,,,,,,,,,,False,False,,,,,,,,,,False,4.76,-2.47,-4.52,390.0,6.15,95065.0,True,NASA_CDAWEB_OMNI_HRO_1MIN,False
2024-11-25 16:44:00,,,,,,,,,,,False,False,,,,,,,,,,False,4.81,-3.09,-4.15,390.0,6.15,95065.0,True,NASA_CDAWEB_OMNI_HRO_1MIN,False
2024-11-25 16:45:00,,,,,,,,,,,False,False,,,,,,,,,,False,5.14,-2.62,-4.04,,,,False,NASA_CDAWEB_OMNI_HRO_1MIN,False
2024-11-25 16:46:00,,,,,,,,,,,False,False,,,,,,,,,,False,4.77,-2.19,-4.65,,,,False,NASA_CDAWEB_OMNI_HRO_1MIN,False
2024-11-25 16:47:00,,,,,,,,,,,False,False,,,,,,,,,,False,4.65,-2.34,-4.68,,,,False,NASA_CDAWEB_OMNI_HRO_1MIN,False
2024-11-25 16:48:00,,,,,,,,,,,False,False,,,,,,,,,,False,,,,,,,False,NASA_CDAWEB_OMNI_HRO_1MIN,False
2024-11-25 16:49:00,,,,,,,,,,,False,False,,,,,,,,,,False,4.76,-2.65,-4.46,,,,False,NASA_CDAWEB_OMNI_HRO_1MIN,False
2024-11-25 16:50:00,,,,,,,,,,,False,False,,,,,,,,,,False,4.68,-2.57,-4.56,,,,False,NASA_CDAWEB_OMNI_HRO_1MIN,False
2024-11-25 16:51:00,,,,,,,,,,,False,False,,,,,,,,,,False,4.68,-2.57,-4.56,,,,False,NASA_CDAWEB_OMNI_HRO_1MIN,False
2024-11-25 16:52:00,,,,,,,,,,,False,False,,,,,,,,,,False,4.5,-2.54,-4.77,388.0,4.61,55654.0,True,NASA_CDAWEB_OMNI_HRO_1MIN,False
2024-11-25 16:53:00,,,,,,,,,,,False,False,,,,,,,,,,False,2.84,-3.46,-5.33,388.0,4.61,55654.0,True,NASA_CDAWEB_OMNI_HRO_1MIN,False
2024-11-25 16:54:00,,,,,,,,,,,False,False,,,,,,,,,,False,2.84,-3.46,-5.33,,,,False,NASA_CDAWEB_OMNI_HRO_1MIN,False
2024-11-25 16:55:00,,,,,,,,,,,False,False,,,,,,,,,,False,,,,,,,False,NASA_CDAWEB_OMNI_HRO_1MIN,False
2024-11-25 16:56:00,,,,,,,,,,,False,False,,,,,,,,,,False,2.72,-2.49,-6.03,,,,False,NASA_CDAWEB_OMNI_HRO_1MIN,False
2024-11-25 16:57:00,,,,,,,,,,,False,False,,,,,,,,,,False,4.57,-2.17,4.81,,,,False,NASA_CDAWEB_OMNI_HRO_1MIN,False
2024-11-25 16:58:00,,,,,,,,,,,False,False,,,,,,,,,,False,3.88,-3.37,4.64,391.4,5.24,78190.0,True,NASA_CDAWEB_OMNI_HRO_1MIN,False
2024-11-25 16:59:00,,,,,,,,,,,False,False,,,,,,,,,,False,4.46,-2.73,4.58,391.4,5.24,78190.0,True,NASA_CDAWEB_OMNI_HRO_1MIN,False
2024-11-25 17:00:00,,,,,,,,,,,False,False,,,,,,,,,,False,4.12,-3.67,3.71,,,,False,NASA_CDAWEB_OMNI_HRO_1MIN,False
2024-11-25 17:01:00,,,,,,,,,,,False,False,,,,,,,,,,False,4.12,-2.61,3.25,387.1,4.98,70309.0,True,NASA_CDAWEB_OMNI_HRO_1MIN,False
2024-11-25 17:02:00,,,,,,,,,,,False,False,,,,,,,,,,False,3.26,-4.47,1.59,387.2,4.99,70855.0,True,NASA_CDAWEB_OMNI_HRO_1MIN,False
2024-11-25 17:03:00,,,,,,,,,,,False,False,,,,,,,,,,False,3.09,-4.46,1.76,389.2,5.11,77641.0,True,NASA_CDAWEB_OMNI_HRO_1MIN,False
2024-11-25 17:04:00,,,,,,,,,,,False,False,,,,,,,,,,False,1.43,-6.13,-1.8,400.2,5.06,70858.0,True,NASA_CDAWEB_OMNI_HRO_1MIN,False
2024-11-25 17:05:00,,,,,,,,,,,False,False,,,,,,,,,,False,1.02,-6.77,-1.03,408.2,5.16,68860.0,True,NASA_CDAWEB_OMNI_HRO_1MIN,False
2024-11-25 17:06:00,,,,,,,,,,,False,False,,,,,,,,,,False,2.43,-5.64,0.79,415.6,5.34,67411.0,True,NASA_CDAWEB_OMNI_HRO_1MIN,False
2024-11-25 17:07:00,,,,,,,,,,,False,False,,,,,,,,,,False,1.64,-6.28,-0.41,411.5,5.84,100809.0,True,NASA_CDAWEB_OMNI_HRO_1MIN,False
2024-11-25 17:08:00,,,,,,,,,,,False,False,,,,,,,,,,False,2.17,-4.4,-1.25,409.3,5.69,93958.0,True,NASA_CDAWEB_OMNI_HRO_1MIN,False
2024-11-25 17:09:00,,,,,,,,,,,False,False,,,,,,,,,,False,2.95,-4.95,-1.72,408.1,5.16,63891.0,True,NASA_CDAWEB_OMNI_HRO_1MIN,False
2024-11-25 17:10:00,,,,,,,,,,,False,False,,,,,,,,,,False,2.97,-3.64,-2.82,408.2,5.11,56436.0,True,NASA_CDAWEB_OMNI_HRO_1MIN,False
2024-11-25 17:11:00,,,,,,,,,,,False,False,,,,,,,,,,False,4.68,-3.43,-2.47,389.3,5.55,78932.0,True,NASA_CDAWEB_OMNI_HRO_1MIN,False
2024-11-25 17:12:00,,,,,,,,,,,False,False,,,,,,,,,,False,3.5,-3.26,-3.32,389.3,5.55,78932.0,True,NASA_CDAWEB_OMNI_HRO_1MIN,False
2024-11-25 17:13:00,,,,,,,,,,,False,False,,,,,,,,,,False,4.72,-3.45,-2.44,,,,False,NASA_CDAWEB_OMNI_HRO_1MIN,False
2024-11-25 17:14:00,,,,,,,,,,,False,False,,,,,,,,,,False,4.82,-4.0,-1.41,387.1,4.55,53343.0,True,NASA_CDAWEB_OMNI_HRO_1MIN,False
2024-11-25 17:15:00,,,,,,,,,,,False,False,,,,,,,,,,False,4.6,-3.84,-1.01,383.7,5.18,72522.0,True,NASA_CDAWEB_OMNI_HRO_1MIN,False
2024-11-25 17:16:00,,,,,,,,,,,False,False,,,,,,,,,,False,4.76,-4.74,0.96,387.1,5.44,89414.0,True,NASA_CDAWEB_OMNI_HRO_1MIN,False
2024-11-25 17:17:00,,,,,,,,,,,False,False,,,,,,,,,,False,4.99,-4.44,0.22,387.9,5.61,95161.0,True,NASA_CDAWEB_OMNI_HRO_1MIN,False
2024-11-25 17:18:00,,,,,,,,,,,False,False,,,,,,,,,,False,4.8,-4.48,0.08,,,,False,NASA_CDAWEB_OMNI_HRO_1MIN,False
2024-11-25 17:19:00,,,,,,,,,,,False,False,,,,,,,,,,False,4.98,-3.89,-0.93,386.8,4.56,52314.0,True,NASA_CDAWEB_OMNI_HRO_1MIN,False
2024-11-25 17:20:00,,,,,,,,,,,False,False,,,,,,,,,,False,4.9,-4.73,-0.13,384.8,4.74,54898.0,True,NASA_CDAWEB_OMNI_HRO_1MIN,False
2024-11-25 17:21:00,,,,,,,,,,,False,False,,,,,,,,,,False,5.87,-3.75,-1.26,377.0,5.48,65009.0,True,NASA_CDAWEB_OMNI_HRO_1MIN,False
2024-11-25 17:22:00,,,,,,,,,,,False,False,,,,,,,,,,False,4.9,-4.46,1.37,377.0,5.48,65009.0,True,NASA_CDAWEB_OMNI_HRO_1MIN,False
2024-11-25 17:23:00,,,,,,,,,,,False,False,,,,,,,,,,False,5.82,-3.8,-1.29,,,,False,NASA_CDAWEB_OMNI_HRO_1MIN,False
2024-11-25 17:24:00,,,,,,,,,,,False,False,,,,,,,,,,False,4.53,-4.78,-0.23,383.9,5.3,67572.0,True,NASA_CDAWEB_OMNI_HRO_1MIN,False
2024-11-25 17:25:00,,,,,,,,,,,False,False,,,,,,,,,,False,5.35,-4.08,1.28,383.9,5.3,67572.0,True,NASA_CDAWEB_OMNI_HRO_1MIN,False
2024-11-25 17:26:00,,,,,,,,,,,False,False,,,,,,,,,,False,5.06,-4.27,-0.05,379.4,5.58,71593.0,True,NASA_CDAWEB_OMNI_HRO_1MIN,False
2024-11-25 17:27:00,,,,,,,,,,,False,False,,,,,,,,,,False,5.2,-3.89,-1.38,379.4,5.58,71593.0,True,NASA_CDAWEB_OMNI_HRO_1MIN,False
2024-11-25 17:28:00,,,,,,,,,,,False,False,,,,,,,,,,False,3.85,-5.21,-1.89,,,,False,NASA_CDAWEB_OMNI_HRO_1MIN,False
2024-11-25 17:29:00,,,,,,,,,,,False,False,,,,,,,,,,False,5.47,-3.56,1.61,,,,False,NASA_CDAWEB_OMNI_HRO_1MIN,False
2024-11-25 17:30:00,,,,,,,,,,,False,False,,,,,,,,,,False,4.7,-4.47,-0.64,,,,False,NASA_CDAWEB_OMNI_HRO_1MIN,False
2024-11-25 17:31:00,,,,,,,,,,,False,False,,,,,,,,,,False,4.72,-4.52,-1.11,393.8,5.43,70327.0,True,NASA_CDAWEB_OMNI_HRO_1MIN,False
2024-11-25 17:32:00,,,,,,,,,,,False,False,,,,,,,,,,False,6.04,-0.61,2.32,399.4,5.41,71055.0,True,NASA_CDAWEB_OMNI_HRO_1MIN,False
2024-11-25 17:33:00,,,,,,,,,,,False,False,,,,,,,,,,False,4.98,-2.99,1.73,379.5,5.37,78582.0,True,NASA_CDAWEB_OMNI_HRO_1MIN,False
2024-11-25 17:34:00,,,,,,,,,,,False,False,,,,,,,,,,False,4.65,-3.85,1.02,379.5,5.37,78582.0,True,NASA_CDAWEB_OMNI_HRO_1MIN,False
2024-11-25 17:35:00,,,,,,,,,,,False,False,,,,,,,,,,False,2.08,-4.26,-1.62,379.5,5.37,78582.0,True,NASA_CDAWEB_OMNI_HRO_1MIN,False
2024-11-25 17:36:00,,,,,,,,,,,False,False,,,,,,,,,,False,3.92,-3.86,1.53,383.7,5.05,78103.0,True,NASA_CDAWEB_OMNI_HRO_1MIN,False
2024-11-25 17:37:00,,,,,,,,,,,False,False,,,,,,,,,,False,5.64,-2.87,2.85,379.4,5.04,68237.0,True,NASA_CDAWEB_OMNI_HRO_1MIN,False
2024-11-25 17:38:00,,,,,,,,,,,False,False,,,,,,,,,,False,4.18,-3.69,1.55,376.6,5.27,63634.0,True,NASA_CDAWEB_OMNI_HRO_1MIN,False
2024-11-25 17:39:00,,,,,,,,,,,False,False,,,,,,,,,,False,1.3,-5.7,-2.97,382.9,4.89,75175.0,True,NASA_CDAWEB_OMNI_HRO_1MIN,False
2024-11-25 17:40:00,,,,,,,,,,,False,False,,,,,,,,,,False,5.96,-2.89,1.25,384.8,4.89,74314.0,True,NASA_CDAWEB_OMNI_HRO_1MIN,False
2024-11-25 17:41:00,,,,,,,,,,,False,False,,,,,,,,,,False,0.97,-6.02,-3.44,416.1,4.81,59765.0,True,NASA_CDAWEB_OMNI_HRO_1MIN,False
2024-11-25 17:42:00,,,,,,,,,,,False,False,,,,,,,,,,False,,,,416.1,4.81,59765.0,False,NASA_CDAWEB_OMNI_HRO_1MIN,False
2024-11-25 17:43:00,,,,,,,,,,,False,False,,,,,,,,,,False,5.94,-2.88,0.91,,,,False,NASA_CDAWEB_OMNI_HRO_1MIN,False
2024-11-25 17:44:00,,,,,,,,,,,False,False,,,,,,,,,,False,,,,,,,False,NASA_CDAWEB_OMNI_HRO_1MIN,False
2024-11-25 17:45:00,,,,,,,,,,,False,False,,,,,,,,,,False,5.07,-3.24,2.82,,,,False,NASA_CDAWEB_OMNI_HRO_1MIN,False
2024-11-25 17:46:00,,,,,,,,,,,False,False,,,,,,,,,,False,5.07,-3.24,2.82,,,,False,NASA_CDAWEB_OMNI_HRO_1MIN,False
2024-11-25 17:47:00,,,,,,,,,,,False,False,,,,,,,,,,False,,,,,,,False,NASA_CDAWEB_OMNI_HRO_1MIN,False
2024-11-25 17:48:00,,,,,,,,,,,False,False,,,,,,,,,,False,5.88,-2.83,1.37,,,,False,NASA_CDAWEB_OMNI_HRO_1MIN,False
2024-11-25 17:49:00,,,,,,,,,,,False,False,,,,,,,,,,False,,,,,,,False,NASA_CDAWEB_OMNI_HRO_1MIN,False
2024-11-25 17:50:00,,,,,,,,,,,False,False,,,,,,,,,,False,,,,,,,False,NASA_CDAWEB_OMNI_HRO_1MIN,False
2024-11-25 17:51:00,,,,,,,,,,,False,False,,,,,,,,,,False,6.28,-2.22,0.56,,,,False,NASA_CDAWEB_OMNI_HRO_1MIN,False
2024-11-25 17:52:00,,,,,,,,,,,False,False,,,,,,,,,,False,,,,,,,False,NASA_CDAWEB_OMNI_HRO_1MIN,False
2024-11-25 17:53:00,,,,,,,,,,,False,False,,,,,,,,,,False,6.39,-1.93,-0.48,369.7,5.6,61180.0,True,NASA_CDAWEB_OMNI_HRO_1MIN,False
2024-11-25 17:54:00,,,,,,,,,,,False,False,,,,,,,,,,False,6.54,-0.77,-0.7,369.7,5.6,61180.0,True,NASA_CDAWEB_OMNI_HRO_1MIN,False
2024-11-25 17:55:00,,,,,,,,,,,False,False,,,,,,,,,,False,6.62,-0.36,-0.15,,,,False,NASA_CDAWEB_OMNI_HRO_1MIN,False
2024-11-25 17:56:00,,,,,,,,,,,False,False,,,,,,,,,,False,5.87,-2.9,1.18,375.6,6.06,78582.0,True,NASA_CDAWEB_OMNI_HRO_1MIN,False
2024-11-25 17:57:00,,,,,,,,,,,False,False,,,,,,,,,,False,6.17,-1.99,1.05,375.6,6.06,78582.0,True,NASA_CDAWEB_OMNI_HRO_1MIN,False
2024-11-25 17:58:00,,,,,,,,,,,False,False,,,,,,,,,,False,6.09,-2.13,1.75,,,,False,NASA_CDAWEB_OMNI_HRO_1MIN,False
2024-11-25 17:59:00,,,,,,,,,,,False,False,,,,,,,,,,False,5.87,-2.38,1.5,368.4,5.97,61103.0,True,NASA_CDAWEB_OMNI_HRO_1MIN,False
2024-11-25 18:00:00,,,,,,,,,,,False,False,,,,,,,,,,False,4.82,-3.91,2.41,370.5,5.95,63254.0,True,NASA_CDAWEB_OMNI_HRO_1MIN,False
2024-11-25 18:01:00,,,,,,,,,,,False,False,,,,,,,,,,False,5.12,-3.65,2.16,385.3,5.85,78099.0,True,NASA_CDAWEB_OMNI_HRO_1MIN,False
2024-11-25 18:02:00,,,,,,,,,,,False,False,,,,,,,,,,False,4.9,-3.95,2.33,385.3,5.85,78147.0,True,NASA_CDAWEB_OMNI_HRO_1MIN,False
2024-11-25 18:03:00,,,,,,,,,,,False,False,,,,,,,,,,False,4.72,-4.22,2.64,384.8,5.88,82110.0,True,NASA_CDAWEB_OMNI_HRO_1MIN,False
2024-11-25 18:04:00,,,,,,,,,,,False,False,,,,,,,,,,False,4.85,-4.45,1.92,384.7,5.89,82155.0,True,NASA_CDAWEB_OMNI_HRO_1MIN,False
2024-11-25 18:05:00,,,,,,,,,,,False,False,,,,,,,,,,False,4.8,-3.25,2.99,377.3,6.29,85124.0,True,NASA_CDAWEB_OMNI_HRO_1MIN,False
2024-11-25 18:06:00,,,,,,,,,,,False,False,,,,,,,,,,False,4.27,-5.15,0.75,377.3,6.29,85124.0,True,NASA_CDAWEB_OMNI_HRO_1MIN,False
2024-11-25 18:07:00,,,,,,,,,,,False,False,,,,,,,,,,False,4.71,-3.2,0.31,,,,False,NASA_CDAWEB_OMNI_HRO_1MIN,False
2024-11-25 18:08:00,,,,,,,,,,,False,False,,,,,,,,,,False,3.73,-4.86,0.05,,,,False,NASA_CDAWEB_OMNI_HRO_1MIN,False
2024-11-25 18:09:00,,,,,,,,,,,False,False,,,,,,,,,,False,4.69,-3.77,-1.95,,,,False,NASA_CDAWEB_OMNI_HRO_1MIN,False
2024-11-25 18:10:00,,,,,,,,,,,False,False,,,,,,,,,,False,4.75,-3.68,-0.86,391.1,5.13,65433.0,True,NASA_CDAWEB_OMNI_HRO_1MIN,False
2024-11-25 18:11:00,,,,,,,,,,,False,False,,,,,,,,,,False,4.21,-4.39,-0.43,388.6,5.27,70637.0,True,NASA_CDAWEB_OMNI_HRO_1MIN,False
2024-11-25 18:12:00,,,,,,,,,,,False,False,,,,,,,,,,False,4.33,-4.16,0.17,401.6,5.01,64850.0,True,NASA_CDAWEB_OMNI_HRO_1MIN,False
2024-11-25 18:13:00,,,,,,,,,,,False,False,,,,,,,,,,False,3.58,-5.45,1.28,393.7,5.25,72669.0,True,NASA_CDAWEB_OMNI_HRO_1MIN,False
2024-11-25 18:14:00,,,,,,,,,,,False,False,,,,,,,,,,False,3.61,-5.26,0.75,389.7,5.41,63748.0,True,NASA_CDAWEB_OMNI_HRO_1MIN,False
2024-11-25 18:15:00,,,,,,,,,,,False,False,,,,,,,,,,False,4.49,-4.21,-0.17,389.3,5.45,52900.0,True,NASA_CDAWEB_OMNI_HRO_1MIN,False
2024-11-25 18:16:00,,,,,,,,,,,False,False,,,,,,,,,,False,4.2,-4.76,-0.18,386.5,5.24,60698.0,True,NASA_CDAWEB_OMNI_HRO_1MIN,False
2024-11-25 18:17:00,,,,,,,,,,,False,False,,,,,,,,,,False,4.45,-3.56,-1.85,389.0,5.25,60055.0,True,NASA_CDAWEB_OMNI_HRO_1MIN,False
2024-11-25 18:18:00,,,,,,,,,,,False,False,,,,,,,,,,False,4.76,-3.5,-0.09,385.8,6.19,83528.0,True,NASA_CDAWEB_OMNI_HRO_1MIN,False
2024-11-25 18:19:00,,,,,,,,,,,False,False,,,,,,,,,,False,3.9,-4.74,-2.08,389.6,4.18,43026.0,True,NASA_CDAWEB_OMNI_HRO_1MIN,False
2024-11-25 18:20:00,,,,,,,,,,,False,False,,,,,,,,,,False,3.77,-5.82,0.74,389.7,4.13,42070.0,True,NASA_CDAWEB_OMNI_HRO_1MIN,False
2024-11-25 18:21:00,,,,,,,,,,,False,False,,,,,,,,,,False,4.66,-3.14,-0.25,,,,False,NASA_CDAWEB_OMNI_HRO_1MIN,False
2024-11-25 18:22:00,,,,,,,,,,,False,False,,,,,,,,,,False,4.57,-5.12,0.44,,,,False,NASA_CDAWEB_OMNI_HRO_1MIN,False
2024-11-25 18:23:00,,,,,,,,,,,False,False,,,,,,,,,,False,3.91,-4.13,0.69,383.5,5.58,81043.0,True,NASA_CDAWEB_OMNI_HRO_1MIN,False
2024-11-25 18:24:00,,,,,,,,,,,False,False,,,,,,,,,,False,4.13,-5.51,0.6,383.5,5.58,81043.0,True,NASA_CDAWEB_OMNI_HRO_1MIN,False
2024-11-25 18:25:00,,,,,,,,,,,False,False,,,,,,,,,,False,4.81,-3.71,-0.83,,,,False,NASA_CDAWEB_OMNI_HRO_1MIN,False
2024-11-25 18:26:00,,,,,,,,,,,False,False,,,,,,,,,,False,4.99,-4.07,-0.84,378.0,5.36,60719.0,True,NASA_CDAWEB_OMNI_HRO_1MIN,False
2024-11-25 18:27:00,,,,,,,,,,,False,False,,,,,,,,,,False,5.05,-3.4,-3.04,380.9,5.33,64140.0,True,NASA_CDAWEB_OMNI_HRO_1MIN,False
2024-11-25 18:28:00,,,,,,,,,,,False,False,,,,,,,,,,False,3.31,-4.55,1.2,385.2,5.41,70146.0,True,NASA_CDAWEB_OMNI_HRO_1MIN,False
2024-11-25 18:29:00,,,,,,,,,,,False,False,,,,,,,,,,False,2.69,-5.03,3.38,389.3,5.11,61020.0,True,NASA_CDAWEB_OMNI_HRO_1MIN,False
2024-11-25 18:30:00,,,,,,,,,,,False,False,,,,,,,,,,False,3.4,-4.4,2.05,394.4,5.46,76221.0,True,NASA_CDAWEB_OMNI_HRO_1MIN,False
2024-11-25 18:31:00,,,,,,,,,,,False,False,,,,,,,,,,False,2.25,-5.83,2.13,396.9,4.99,67119.0,True,NASA_CDAWEB_OMNI_HRO_1MIN,False
2024-11-25 18:32:00,,,,,,,,,,,False,False,,,,,,,,,,False,3.08,-5.88,0.08,393.0,5.49,72994.0,True,NASA_CDAWEB_OMNI_HRO_1MIN,False
2024-11-25 18:33:00,,,,,,,,,,,False,False,,,,,,,,,,False,3.71,-4.57,1.26,392.5,5.28,69883.0,True,NASA_CDAWEB_OMNI_HRO_1MIN,False
2024-11-25 18:34:00,,,,,,,,,,,False,False,,,,,,,,,,False,4.11,-3.82,2.23,389.6,5.12,63229.0,True,NASA_CDAWEB_OMNI_HRO_1MIN,False
2024-11-25 18:35:00,,,,,,,,,,,False,False,,,,,,,,,,False,4.2,-3.78,-0.72,388.7,5.65,75361.0,True,NASA_CDAWEB_OMNI_HRO_1MIN,False
2024-11-25 18:36:00,,,,,,,,,,,False,False,,,,,,,,,,False,4.34,-4.13,-0.26,387.7,5.72,77095.0,True,NASA_CDAWEB_OMNI_HRO_1MIN,False
2024-11-25 18:37:00,,,,,,,,,,,False,False,,,,,,,,,,False,4.07,-4.74,-0.13,386.5,5.8,84246.0,True,NASA_CDAWEB_OMNI_HRO_1MIN,False
2024-11-25 18:38:00,,,,,,,,,,,False,False,,,,,,,,,,False,3.07,-5.73,1.05,400.9,5.41,73372.0,True,NASA_CDAWEB_OMNI_HRO_1MIN,False
2024-11-25 18:39:00,,,,,,,,,,,False,False,,,,,,,,,,False,2.61,-6.0,-0.28,407.5,5.67,65486.0,True,NASA_CDAWEB_OMNI_HRO_1MIN,False
2024-11-25 18:40:00,,,,,,,,,,,False,False,,,,,,,,,,False,3.32,-5.97,-0.44,407.0,5.66,65404.0,True,NASA_CDAWEB_OMNI_HRO_1MIN,False
2024-11-25 18:41:00,,,,,,,,,,,False,False,,,,,,,,,,False,4.44,-4.7,-1.18,395.6,5.49,63550.0,True,NASA_CDAWEB_OMNI_HRO_1MIN,False
2024-11-25 18:42:00,,,,,,,,,,,False,False,,,,,,,,,,False,3.02,-5.47,0.08,395.6,5.49,63550.0,True,NASA_CDAWEB_OMNI_HRO_1MIN,False
2024-11-25 18:43:00,,,,,,,,,,,False,False,,,,,,,,,,False,4.11,-5.09,1.61,,,,False,NASA_CDAWEB_OMNI_HRO_1MIN,False
2024-11-25 18:44:00,,,,,,,,,,,False,False,,,,,,,,,,False,3.44,-5.94,0.01,,,,False,NASA_CDAWEB_OMNI_HRO_1MIN,False
2024-11-25 18:45:00,,,,,,,,,,,False,False,,,,,,,,,,False,3.53,-5.37,0.26,394.0,5.75,72847.0,True,NASA_CDAWEB_OMNI_HRO_1MIN,False
2024-11-25 18:46:00,,,,,,,,,,,False,False,,,,,,,,,,False,5.11,-3.86,0.33,394.0,5.75,72847.0,True,NASA_CDAWEB_OMNI_HRO_1MIN,False
2024-11-25 18:47:00,,,,,,,,,,,False,False,,,,,,,,,,False,5.28,-3.4,0.78,,,,False,NASA_CDAWEB_OMNI_HRO_1MIN,False
2024-11-25 18:48:00,,,,,,,,,,,False,False,,,,,,,,,,False,3.97,-4.6,-0.03,408.6,5.04,48866.0,True,NASA_CDAWEB_OMNI_HRO_1MIN,False
2024-11-25 18:49:00,,,,,,,,,,,False,False,,,,,,,,,,False,3.24,-5.44,0.22,408.6,5.04,48866.0,True,NASA_CDAWEB_OMNI_HRO_1MIN,False
2024-11-25 18:50:00,,,,,,,,,,,False,False,,,,,,,,,,False,3.46,-5.36,-1.33,390.1,6.25,79884.0,True,NASA_CDAWEB_OMNI_HRO_1MIN,False
2024-11-25 18:51:00,,,,,,,,,,,False,False,,,,,,,,,,False,3.07,-5.77,-1.54,391.1,5.58,68499.0,True,NASA_CDAWEB_OMNI_HRO_1MIN,False
2024-11-25 18:52:00,,,,,,,,,,,False,False,,,,,,,,,,False,2.69,-6.2,-0.42,398.7,5.16,62568.0,True,NASA_CDAWEB_OMNI_HRO_1MIN,False
2024-11-25 18:53:00,,,,,,,,,,,False,False,,,,,,,,,,False,4.95,-3.62,0.43,384.0,5.46,63607.0,True,NASA_CDAWEB_OMNI_HRO_1MIN,False
2024-11-25 18:54:00,,,,,,,,,,,False,False,,,,,,,,,,False,3.73,-5.19,0.13,374.5,5.67,64394.0,True,NASA_CDAWEB_OMNI_HRO_1MIN,False
2024-11-25 18:55:00,,,,,,,,,,,False,False,,,,,,,,,,False,4.38,-4.27,-0.18,,,,False,NASA_CDAWEB_OMNI_HRO_1MIN,False
2024-11-25 18:56:00,,,,,,,,,,,False,False,,,,,,,,,,False,4.23,-4.85,-0.93,402.8,5.06,54959.0,True,NASA_CDAWEB_OMNI_HRO_1MIN,False
2024-11-25 18:57:00,,,,,,,,,,,False,False,,,,,,,,,,False,3.42,-5.4,-1.0,402.4,5.07,55439.0,True,NASA_CDAWEB_OMNI_HRO_1MIN,False
2024-11-25 18:58:00,,,,,,,,,,,False,False,,,,,,,,,,False,4.43,-3.87,-0.58,382.8,5.81,81531.0,True,NASA_CDAWEB_OMNI_HRO_1MIN,False
2024-11-25 18:59:00,,,,,,,,,,,False,False,,,,,,,,,,False,1.41,-6.59,-1.37,382.8,5.81,81531.0,True,NASA_CDAWEB_OMNI_HRO_1MIN,False
2024-11-25 19:00:00,,,,,,,,,,,False,False,,,,,,,,,,False,3.36,-5.9,-0.75,,,,False,NASA_CDAWEB_OMNI_HRO_1MIN,False
2024-11-25 19:01:00,,,,,,,,,,,False,False,,,,,,,,,,False,4.88,-3.17,0.11,399.9,5.58,46120.0,True,NASA_CDAWEB_OMNI_HRO_1MIN,False
2024-11-25 19:02:00,,,,,,,,,,,False,False,,,,,,,,,,False,4.07,-5.49,-0.3,399.9,5.58,46120.0,True,NASA_CDAWEB_OMNI_HRO_1MIN,False
2024-11-25 19:03:00,,,,,,,,,,,False,False,,,,,,,,,,False,4.32,-5.33,-0.68,,,,False,NASA_CDAWEB_OMNI_HRO_1MIN,False
2024-11-25 19:04:00,,,,,,,,,,,False,False,,,,,,,,,,False,5.86,-2.64,-0.02,362.9,4.67,44333.0,True,NASA_CDAWEB_OMNI_HRO_1MIN,False
2024-11-25 19:05:00,,,,,,,,,,,False,False,,,,,,,,,,False,4.17,-5.47,-0.51,362.9,4.67,44333.0,True,NASA_CDAWEB_OMNI_HRO_1MIN,False
2024-11-25 19:06:00,,,,,,,,,,,False,False,,,,,,,,,,False,4.19,-5.46,-0.69,387.6,5.12,65168.0,True,NASA_CDAWEB_OMNI_HRO_1MIN,False
2024-11-25 19:07:00,,,,,,,,,,,False,False,,,,,,,,,,False,4.85,-4.09,-0.65,387.6,5.12,65168.0,True,NASA_CDAWEB_OMNI_HRO_1MIN,False
2024-11-25 19:08:00,,,,,,,,,,,False,False,,,,,,,,,,False,4.47,-5.13,-0.3,387.6,5.12,65168.0,True,NASA_CDAWEB_OMNI_HRO_1MIN,False
2024-11-25 19:09:00,,,,,,,,,,,False,False,,,,,,,,,,False,4.9,-4.77,0.31,382.2,6.1,68628.0,True,NASA_CDAWEB_OMNI_HRO_1MIN,False
2024-11-25 19:10:00,,,,,,,,,,,False,False,,,,,,,,,,False,4.93,-4.17,-0.14,382.2,6.1,68628.0,True,NASA_CDAWEB_OMNI_HRO_1MIN,False
2024-11-25 19:11:00,,,,,,,,,,,False,False,,,,,,,,,,False,4.39,-5.25,-0.28,382.2,6.1,68628.0,True,NASA_CDAWEB_OMNI_HRO_1MIN,False
2024-11-25 19:12:00,,,,,,,,,,,False,False,,,,,,,,,,False,4.92,-4.86,-0.07,,,,False,NASA_CDAWEB_OMNI_HRO_1MIN,False
2024-11-25 19:13:00,,,,,,,,,,,False,False,,,,,,,,,,False,5.16,-4.53,-0.02,378.4,5.5,57021.0,True,NASA_CDAWEB_OMNI_HRO_1MIN,False
2024-11-25 19:14:00,,,,,,,,,,,False,False,,,,,,,,,,False,5.09,-4.62,0.03,378.4,5.5,57021.0,True,NASA_CDAWEB_OMNI_HRO_1MIN,False
2024-11-25 19:15:00,,,,,,,,,,,False,False,,,,,,,,,,False,5.53,-4.0,0.16,,,,False,NASA_CDAWEB_OMNI_HRO_1MIN,False
2024-11-25 19:16:00,,,,,,,,,,,False,False,,,,,,,,,,False,5.47,-4.1,0.33,,,,False,NASA_CDAWEB_OMNI_HRO_1MIN,False
2024-11-25 19:17:00,,,,,,,,,,,False,False,,,,,,,,,,False,5.48,-4.1,0.49,,,,False,NASA_CDAWEB_OMNI_HRO_1MIN,False
2024-11-25 19:18:00,,,,,,,,,,,False,False,,,,,,,,,,False,5.42,-4.07,0.37,374.2,5.82,62146.0,True,NASA_CDAWEB_OMNI_HRO_1MIN,False
2024-11-25 19:19:00,,,,,,,,,,,False,False,,,,,,,,,,False,5.82,-3.47,0.57,374.2,5.82,62146.0,True,NASA_CDAWEB_OMNI_HRO_1MIN,False
2024-11-25 19:20:00,,,,,,,,,,,False,False,,,,,,,,,,False,5.44,-3.98,0.22,376.7,6.25,88330.0,True,NASA_CDAWEB_OMNI_HRO_1MIN,False
2024-11-25 19:21:00,,,,,,,,,,,False,False,,,,,,,,,,False,5.13,-4.38,-0.26,376.7,6.25,88330.0,True,NASA_CDAWEB_OMNI_HRO_1MIN,False
2024-11-25 19:22:00,,,,,,,,,,,False,False,,,,,,,,,,False,4.9,-4.68,-0.63,376.7,6.25,88330.0,True,NASA_CDAWEB_OMNI_HRO_1MIN,False
2024-11-25 19:23:00,,,,,,,,,,,False,False,,,,,,,,,,False,5.24,-4.21,0.09,,,,False,NASA_CDAWEB_OMNI_HRO_1MIN,False
2024-11-25 19:24:00,,,,,,,,,,,False,False,,,,,,,,,,False,4.95,-4.72,0.26,376.7,6.06,85169.0,True,NASA_CDAWEB_OMNI_HRO_1MIN,False
2024-11-25 19:25:00,,,,,,,,,,,False,False,,,,,,,,,,False,4.22,-5.31,0.49,376.7,6.06,85169.0,True,NASA_CDAWEB_OMNI_HRO_1MIN,False
2024-11-25 19:26:00,,,,,,,,,,,False,False,,,,,,,,,,False,4.94,-4.65,0.67,,,,False,NASA_CDAWEB_OMNI_HRO_1MIN,False
2024-11-25 19:27:00,,,,,,,,,,,False,False,,,,,,,,,,False,5.05,-4.57,-0.06,,,,False,NASA_CDAWEB_OMNI_HRO_1MIN,False
2024-11-25 19:28:00,,,,,,,,,,,False,False,,,,,,,,,,False,5.5,-3.71,-1.69,377.0,5.32,73310.0,True,NASA_CDAWEB_OMNI_HRO_1MIN,False
2024-11-25 19:29:00,,,,,,,,,,,False,False,,,,,,,,,,False,5.35,-4.27,0.09,377.1,5.36,73312.0,True,NASA_CDAWEB_OMNI_HRO_1MIN,False
2024-11-25 19:30:00,,,,,,,,,,,False,False,,,,,,,,,,False,5.27,-4.37,-0.42,377.8,5.85,73347.0,True,NASA_CDAWEB_OMNI_HRO_1MIN,False
2024-11-25 19:31:00,,,,,,,,,,,False,False,,,,,,,,,,False,,,,377.9,5.93,73352.0,False,NASA_CDAWEB_OMNI_HRO_1MIN,False
2024-11-25 19:32:00,,,,,,,,,,,False,False,,,,,,,,,,False,,,,,,,False,NASA_CDAWEB_OMNI_HRO_1MIN,False
2024-11-25 19:33:00,,,,,,,,,,,False,False,,,,,,,,,,False,,,,,,,False,NASA_CDAWEB_OMNI_HRO_1MIN,False
2024-11-25 19:34:00,,,,,,,,,,,False,False,,,,,,,,,,False,,,,,,,False,NASA_CDAWEB_OMNI_HRO_1MIN,False
2024-11-25 19:35:00,,,,,,,,,,,False,False,,,,,,,,,,False,3.04,-4.74,-1.49,382.4,5.7,72145.0,True,NASA_CDAWEB_OMNI_HRO_1MIN,False
2024-11-25 19:36:00,,,,,,,,,,,False,False,,,,,,,,,,False,2.76,-4.78,-1.56,396.6,5.56,62577.0,True,NASA_CDAWEB_OMNI_HRO_1MIN,False
2024-11-25 19:37:00,,,,,,,,,,,False,False,,,,,,,,,,False,3.11,-4.76,-0.53,394.2,5.53,52902.0,True,NASA_CDAWEB_OMNI_HRO_1MIN,False
2024-11-25 19:38:00,,,,,,,,,,,False,False,,,,,,,,,,False,2.88,-4.89,-0.36,391.3,5.3,48691.0,True,NASA_CDAWEB_OMNI_HRO_1MIN,False
2024-11-25 19:39:00,,,,,,,,,,,False,False,,,,,,,,,,False,2.85,-4.46,-0.75,405.8,5.96,69102.0,True,NASA_CDAWEB_OMNI_HRO_1MIN,False
2024-11-25 19:40:00,,,,,,,,,,,False,False,,,,,,,,,,False,3.02,-4.36,-0.55,395.9,5.61,53278.0,True,NASA_CDAWEB_OMNI_HRO_1MIN,False
2024-11-25 19:41:00,,,,,,,,,,,False,False,,,,,,,,,,False,2.29,-4.36,-1.99,399.8,6.02,67046.0,True,NASA_CDAWEB_OMNI_HRO_1MIN,False
2024-11-25 19:42:00,,,,,,,,,,,False,False,,,,,,,,,,False,3.4,-3.65,-1.61,401.7,5.45,64852.0,True,NASA_CDAWEB_OMNI_HRO_1MIN,False
2024-11-25 19:43:00,,,,,,,,,,,False,False,,,,,,,,,,False,4.02,-3.77,-0.73,376.3,4.86,46700.0,True,NASA_CDAWEB_OMNI_HRO_1MIN,False
2024-11-25 19:44:00,,,,,,,,,,,False,False,,,,,,,,,,False,4.5,-3.13,0.66,386.2,5.36,54367.0,True,NASA_CDAWEB_OMNI_HRO_1MIN,False
2024-11-25 19:45:00,,,,,,,,,,,False,False,,,,,,,,,,False,4.49,-3.32,0.86,388.8,5.7,58446.0,True,NASA_CDAWEB_OMNI_HRO_1MIN,False
2024-11-25 19:46:00,,,,,,,,,,,False,False,,,,,,,,,,False,3.91,-3.76,-1.14,378.1,5.66,62484.0,True,NASA_CDAWEB_OMNI_HRO_1MIN,False
2024-11-25 19:47:00,,,,,,,,,,,False,False,,,,,,,,,,False,3.43,-2.62,0.04,375.0,5.88,60873.0,True,NASA_CDAWEB_OMNI_HRO_1MIN,False
2024-11-25 19:48:00,,,,,,,,,,,False,False,,,,,,,,,,False,3.42,-2.95,0.54,411.1,4.93,56205.0,True,NASA_CDAWEB_OMNI_HRO_1MIN,False
2024-11-25 19:49:00,,,,,,,,,,,False,False,,,,,,,,,,False,3.42,-3.28,2.24,402.0,5.32,74369.0,True,NASA_CDAWEB_OMNI_HRO_1MIN,False
2024-11-25 19:50:00,,,,,,,,,,,False,False,,,,,,,,,,False,4.29,-2.11,3.08,398.8,5.46,75782.0,True,NASA_CDAWEB_OMNI_HRO_1MIN,False
2024-11-25 19:51:00,,,,,,,,,,,False,False,,,,,,,,,,False,2.79,-1.84,1.55,398.6,5.56,59672.0,True,NASA_CDAWEB_OMNI_HRO_1MIN,False
2024-11-25 19:52:00,,,,,,,,,,,False,False,,,,,,,,,,False,2.77,-1.61,0.06,395.8,5.54,61528.0,True,NASA_CDAWEB_OMNI_HRO_1MIN,False
2024-11-25 19:53:00,,,,,,,,,,,False,False,,,,,,,,,,False,2.51,-3.86,-1.9,,,,False,NASA_CDAWEB_OMNI_HRO_1MIN,False
2024-11-25 19:54:00,,,,,,,,,,,False,False,,,,,,,,,,False,2.09,-2.11,1.19,401.2,5.06,60184.0,True,NASA_CDAWEB_OMNI_HRO_1MIN,False
2024-11-25 19:55:00,,,,,,,,,,,False,False,,,,,,,,,,False,3.22,-1.77,2.57,401.2,5.06,60184.0,True,NASA_CDAWEB_OMNI_HRO_1MIN,False
2024-11-25 19:56:00,,,,,,,,,,,False,False,,,,,,,,,,False,3.02,-2.86,1.42,401.2,5.06,60184.0,True,NASA_CDAWEB_OMNI_HRO_1MIN,False
2024-11-25 19:57:00,,,,,,,,,,,False,False,,,,,,,,,,False,3.04,-2.13,5.15,,,,False,NASA_CDAWEB_OMNI_HRO_1MIN,False
2024-11-25 19:58:00,,,,,,,,,,,False,False,,,,,,,,,,False,1.76,-4.21,-3.89,,,,False,NASA_CDAWEB_OMNI_HRO_1MIN,False
2024-11-25 19:59:00,,,,,,,,,,,False,False,,,,,,,,,,False,3.15,-2.68,-1.75,391.9,6.53,65884.0,True,NASA_CDAWEB_OMNI_HRO_1MIN,False
2024-11-25 20:00:00,,,,,,,,,,,False,False,,,,,,,,,,False,1.46,-4.04,-2.4,401.9,5.94,65757.0,True,NASA_CDAWEB_OMNI_HRO_1MIN,False
2024-11-25 20:01:00,,,,,,,,,,,False,False,,,,,,,,,,False,3.7,-2.7,-0.39,413.8,5.24,65605.0,True,NASA_CDAWEB_OMNI_HRO_1MIN,False
2024-11-25 20:02:00,,,,,,,,,,,False,False,,,,,,,,,,False,2.12,-2.94,-0.72,,,,False,NASA_CDAWEB_OMNI_HRO_1MIN,False
2024-11-25 20:03:00,,,,,,,,,,,False,False,,,,,,,,,,False,3.66,-3.3,-2.54,396.0,6.57,73352.0,True,NASA_CDAWEB_OMNI_HRO_1MIN,False
2024-11-25 20:04:00,,,,,,,,,,,False,False,,,,,,,,,,False,3.93,-3.92,-1.45,388.2,5.34,58618.0,True,NASA_CDAWEB_OMNI_HRO_1MIN,False
2024-11-25 20:05:00,,,,,,,,,,,False,False,,,,,,,,,,False,1.4,-3.88,-4.68,384.1,4.69,50986.0,True,NASA_CDAWEB_OMNI_HRO_1MIN,False
2024-11-25 20:06:00,,,,,,,,,,,False,False,,,,,,,,,,False,1.24,-3.09,-5.46,,,,False,NASA_CDAWEB_OMNI_HRO_1MIN,False
2024-11-25 20:07:00,,,,,,,,,,,False,False,,,,,,,,,,False,1.98,-3.7,-3.15,,,,False,NASA_CDAWEB_OMNI_HRO_1MIN,False
2024-11-25 20:08:00,,,,,,,,,,,False,False,,,,,,,,,,False,0.48,-3.86,-5.11,411.1,5.8,58479.0,True,NASA_CDAWEB_OMNI_HRO_1MIN,False
2024-11-25 20:09:00,,,,,,,,,,,False,False,,,,,,,,,,False,-0.06,-2.61,-6.14,411.1,5.8,58479.0,True,NASA_CDAWEB_OMNI_HRO_1MIN,False
2024-11-25 20:10:00,,,,,,,,,,,False,False,,,,,,,,,,False,0.4,-3.12,-5.8,424.2,5.41,56155.0,True,NASA_CDAWEB_OMNI_HRO_1MIN,False
2024-11-25 20:11:00,,,,,,,,,,,False,False,,,,,,,,,,False,1.16,-4.15,-2.4,426.0,5.36,55838.0,True,NASA_CDAWEB_OMNI_HRO_1MIN,False
2024-11-25 20:12:00,,,,,,,,,,,False,False,,,,,,,,,,False,-0.26,-2.95,-5.83,,,,False,NASA_CDAWEB_OMNI_HRO_1MIN,False
2024-11-25 20:13:00,,,,,,,,,,,False,False,,,,,,,,,,False,0.84,-3.2,-5.81,414.5,5.04,48078.0,True,NASA_CDAWEB_OMNI_HRO_1MIN,False
2024-11-25 20:14:00,,,,,,,,,,,False,False,,,,,,,,,,False,0.46,-3.27,-5.9,414.5,5.04,48078.0,True,NASA_CDAWEB_OMNI_HRO_1MIN,False
2024-11-25 20:15:00,,,,,,,,,,,False,False,,,,,,,,,,False,1.85,-3.49,-3.62,424.0,6.64,67088.0,True,NASA_CDAWEB_OMNI_HRO_1MIN,False
2024-11-25 20:16:00,,,,,,,,,,,False,False,,,,,,,,,,False,1.65,-3.12,-5.79,424.0,6.64,67088.0,True,NASA_CDAWEB_OMNI_HRO_1MIN,False
2024-11-25 20:17:00,,,,,,,,,,,False,False,,,,,,,,,,False,-0.03,-2.93,-6.08,,,,False,NASA_CDAWEB_OMNI_HRO_1MIN,False
2024-11-25 20:18:00,,,,,,,,,,,False,False,,,,,,,,,,False,1.37,-3.38,-5.76,,,,False,NASA_CDAWEB_OMNI_HRO_1MIN,False
2024-11-25 20:19:00,,,,,,,,,,,False,False,,,,,,,,,,False,1.19,-4.01,-5.62,,,,False,NASA_CDAWEB_OMNI_HRO_1MIN,False
2024-11-25 20:20:00,,,,,,,,,,,False,False,,,,,,,,,,False,0.63,-3.72,-5.67,409.4,5.78,64336.0,True,NASA_CDAWEB_OMNI_HRO_1MIN,False
2024-11-25 20:21:00,,,,,,,,,,,False,False,,,,,,,,,,False,0.89,-4.41,-5.35,409.4,5.78,64336.0,True,NASA_CDAWEB_OMNI_HRO_1MIN,False
2024-11-25 20:22:00,,,,,,,,,,,False,False,,,,,,,,,,False,0.96,-4.43,-5.15,409.4,5.78,64336.0,True,NASA_CDAWEB_OMNI_HRO_1MIN,False
2024-11-25 20:23:00,,,,,,,,,,,False,False,,,,,,,,,,False,0.83,-3.18,-5.85,413.8,5.57,52187.0,True,NASA_CDAWEB_OMNI_HRO_1MIN,False
2024-11-25 20:24:00,,,,,,,,,,,False,False,,,,,,,,,,False,0.78,-4.34,-5.32,413.8,5.57,52187.0,True,NASA_CDAWEB_OMNI_HRO_1MIN,False
2024-11-25 20:25:00,,,,,,,,,,,False,False,,,,,,,,,,False,0.86,-4.6,-5.23,,,,False,NASA_CDAWEB_OMNI_HRO_1MIN,False
2024-11-25 20:26:00,,,,,,,,,,,False,False,,,,,,,,,,False,0.89,-4.67,-5.12,,,,False,NASA_CDAWEB_OMNI_HRO_1MIN,False
2024-11-25 20:27:00,,,,,,,,,,,False,False,,,,,,,,,,False,3.76,-5.18,-0.42,390.1,5.97,53259.0,True,NASA_CDAWEB_OMNI_HRO_1MIN,False
2024-11-25 20:28:00,,,,,,,,,,,False,False,,,,,,,,,,False,1.73,-4.52,-4.01,399.3,5.78,56154.0,True,NASA_CDAWEB_OMNI_HRO_1MIN,False
2024-11-25 20:29:00,,,,,,,,,,,False,False,,,,,,,,,,False,2.22,-4.38,-2.66,410.2,5.57,60058.0,True,NASA_CDAWEB_OMNI_HRO_1MIN,False
2024-11-25 20:30:00,,,,,,,,,,,False,False,,,,,,,,,,False,0.75,-4.78,-5.07,411.1,5.45,57557.0,True,NASA_CDAWEB_OMNI_HRO_1MIN,False
2024-11-25 20:31:00,,,,,,,,,,,False,False,,,,,,,,,,False,4.1,-3.21,1.3,411.1,5.45,57542.0,True,NASA_CDAWEB_OMNI_HRO_1MIN,False
2024-11-25 20:32:00,,,,,,,,,,,False,False,,,,,,,,,,False,,,,,,,False,NASA_CDAWEB_OMNI_HRO_1MIN,False
2024-11-25 20:33:00,,,,,,,,,,,False,False,,,,,,,,,,False,4.32,-3.99,2.71,,,,False,NASA_CDAWEB_OMNI_HRO_1MIN,False
2024-11-25 20:34:00,,,,,,,,,,,False,False,,,,,,,,,,False,4.43,-4.66,0.13,,,,False,NASA_CDAWEB_OMNI_HRO_1MIN,False
2024-11-25 20:35:00,,,,,,,,,,,False,False,,,,,,,,,,False,3.08,-4.19,-1.06,,,,False,NASA_CDAWEB_OMNI_HRO_1MIN,False
2024-11-25 20:36:00,,,,,,,,,,,False,False,,,,,,,,,,False,3.07,-4.14,-1.93,404.6,5.25,44596.0,True,NASA_CDAWEB_OMNI_HRO_1MIN,False
2024-11-25 20:37:00,,,,,,,,,,,False,False,,,,,,,,,,False,2.96,-4.47,-2.04,399.0,5.55,51529.0,True,NASA_CDAWEB_OMNI_HRO_1MIN,False
2024-11-25 20:38:00,,,,,,,,,,,False,False,,,,,,,,,,False,1.57,-4.6,-3.93,389.4,6.06,63241.0,True,NASA_CDAWEB_OMNI_HRO_1MIN,False
2024-11-25 20:39:00,,,,,,,,,,,False,False,,,,,,,,,,False,3.02,-4.04,-1.68,,,,False,NASA_CDAWEB_OMNI_HRO_1MIN,False
2024-11-25 20:40:00,,,,,,,,,,,False,False,,,,,,,,,,False,3.34,-2.97,0.07,380.3,6.5,65009.0,True,NASA_CDAWEB_OMNI_HRO_1MIN,False
2024-11-25 20:41:00,,,,,,,,,,,False,False,,,,,,,,,,False,2.85,-1.28,0.22,391.9,5.88,55503.0,True,NASA_CDAWEB_OMNI_HRO_1MIN,False
2024-11-25 20:42:00,,,,,,,,,,,False,False,,,,,,,,,,False,2.63,-3.68,-0.7,415.5,4.64,36251.0,True,NASA_CDAWEB_OMNI_HRO_1MIN,False
2024-11-25 20:43:00,,,,,,,,,,,False,False,,,,,,,,,,False,3.1,-2.3,3.48,397.5,6.06,78147.0,True,NASA_CDAWEB_OMNI_HRO_1MIN,False
2024-11-25 20:44:00,,,,,,,,,,,False,False,,,,,,,,,,False,3.2,-1.94,2.19,397.2,5.1,51888.0,True,NASA_CDAWEB_OMNI_HRO_1MIN,False
2024-11-25 20:45:00,,,,,,,,,,,False,False,,,,,,,,,,False,3.26,-3.08,1.22,393.8,5.5,58230.0,True,NASA_CDAWEB_OMNI_HRO_1MIN,False
2024-11-25 20:46:00,,,,,,,,,,,False,False,,,,,,,,,,False,2.64,-4.63,-2.57,395.6,5.73,61361.0,True,NASA_CDAWEB_OMNI_HRO_1MIN,False
2024-11-25 20:47:00,,,,,,,,,,,False,False,,,,,,,,,,False,2.11,-5.28,-3.01,396.2,5.56,62759.0,True,NASA_CDAWEB_OMNI_HRO_1MIN,False
2024-11-25 20:48:00,,,,,,,,,,,False,False,,,,,,,,,,False,2.91,-5.07,-0.61,397.0,5.49,57859.0,True,NASA_CDAWEB_OMNI_HRO_1MIN,False
2024-11-25 20:49:00,,,,,,,,,,,False,False,,,,,,,,,,False,2.16,-5.39,-2.42,399.5,5.94,63761.0,True,NASA_CDAWEB_OMNI_HRO_1MIN,False
2024-11-25 20:50:00,,,,,,,,,,,False,False,,,,,,,,,,False,2.0,-5.33,-1.87,393.3,5.55,60635.0,True,NASA_CDAWEB_OMNI_HRO_1MIN,False
2024-11-25 20:51:00,,,,,,,,,,,False,False,,,,,,,,,,False,2.43,-5.41,-1.85,399.9,5.96,60969.0,True,NASA_CDAWEB_OMNI_HRO_1MIN,False
2024-11-25 20:52:00,,,,,,,,,,,False,False,,,,,,,,,,False,2.26,-5.82,-1.12,404.1,5.84,62951.0,True,NASA_CDAWEB_OMNI_HRO_1MIN,False
2024-11-25 20:53:00,,,,,,,,,,,False,False,,,,,,,,,,False,3.05,-5.12,-2.15,396.4,5.84,73003.0,True,NASA_CDAWEB_OMNI_HRO_1MIN,False
2024-11-25 20:54:00,,,,,,,,,,,False,False,,,,,,,,,,False,1.88,-5.61,-1.78,386.7,6.51,78748.0,True,NASA_CDAWEB_OMNI_HRO_1MIN,False
2024-11-25 20:55:00,,,,,,,,,,,False,False,,,,,,,,,,False,1.49,-5.71,-2.82,394.7,6.26,63478.0,True,NASA_CDAWEB_OMNI_HRO_1MIN,False
2024-11-25 20:56:00,,,,,,,,,,,False,False,,,,,,,,,,False,1.16,-5.68,-2.65,399.8,6.3,66597.0,True,NASA_CDAWEB_OMNI_HRO_1MIN,False
2024-11-25 20:57:00,,,,,,,,,,,False,False,,,,,,,,,,False,-0.31,-5.5,-3.26,414.7,6.35,61351.0,True,NASA_CDAWEB_OMNI_HRO_1MIN,False
2024-11-25 20:58:00,,,,,,,,,,,False,False,,,,,,,,,,False,-0.73,-6.06,-2.29,415.2,6.06,57733.0,True,NASA_CDAWEB_OMNI_HRO_1MIN,False
2024-11-25 20:59:00,,,,,,,,,,,False,False,,,,,,,,,,False,-1.01,-6.4,-1.7,417.3,5.76,47133.0,True,NASA_CDAWEB_OMNI_HRO_1MIN,False
2024-11-25 21:00:00,,,,,,,,,,,False,False,,,,,,,,,,False,-1.66,-5.56,-3.19,424.0,5.1,41759.0,True,NASA_CDAWEB_OMNI_HRO_1MIN,False
2024-11-25 21:01:00,,,,,,,,,,,False,False,,,,,,,,,,False,-1.65,-5.29,-3.57,421.4,5.06,40128.0,True,NASA_CDAWEB_OMNI_HRO_1MIN,False
2024-11-25 21:02:00,,,,,,,,,,,False,False,,,,,,,,,,False,-1.27,-5.42,-3.95,417.4,5.0,37571.0,True,NASA_CDAWEB_OMNI_HRO_1MIN,False
2024-11-25 21:03:00,,,,,,,,,,,False,False,,,,,,,,,,False,-1.06,-5.09,-4.41,,,,False,NASA_CDAWEB_OMNI_HRO_1MIN,False
2024-11-25 21:04:00,,,,,,,,,,,False,False,,,,,,,,,,False,-1.33,-5.03,-4.39,416.9,6.45,62924.0,True,NASA_CDAWEB_OMNI_HRO_1MIN,False
2024-11-25 21:05:00,,,,,,,,,,,False,False,,,,,,,,,,False,-1.52,-5.36,-3.73,416.9,6.45,62924.0,True,NASA_CDAWEB_OMNI_HRO_1MIN,False
2024-11-25 21:06:00,,,,,,,,,,,False,False,,,,,,,,,,False,-1.42,-5.54,-3.76,,,,False,NASA_CDAWEB_OMNI_HRO_1MIN,False
2024-11-25 21:07:00,,,,,,,,,,,False,False,,,,,,,,,,False,-1.42,-5.54,-3.76,,,,False,NASA_CDAWEB_OMNI_HRO_1MIN,False
2024-11-25 21:08:00,,,,,,,,,,,False,False,,,,,,,,,,False,-1.2,-6.03,-2.83,,,,False,NASA_CDAWEB_OMNI_HRO_1MIN,False
2024-11-25 21:09:00,,,,,,,,,,,False,False,,,,,,,,,,False,,,,,,,False,NASA_CDAWEB_OMNI_HRO_1MIN,False
2024-11-25 21:10:00,,,,,,,,,,,False,False,,,,,,,,,,False,-1.75,-5.28,-3.77,422.5,5.89,58403.0,True,NASA_CDAWEB_OMNI_HRO_1MIN,False
2024-11-25 21:11:00,,,,,,,,,,,False,False,,,,,,,,,,False,0.57,-4.03,-2.17,422.5,5.89,58403.0,True,NASA_CDAWEB_OMNI_HRO_1MIN,False
2024-11-25 21:12:00,,,,,,,,,,,False,False,,,,,,,,,,False,0.69,-3.87,-2.06,419.7,6.13,62912.0,True,NASA_CDAWEB_OMNI_HRO_1MIN,False
2024-11-25 21:13:00,,,,,,,,,,,False,False,,,,,,,,,,False,-2.01,-4.81,-4.5,419.7,6.13,62963.0,True,NASA_CDAWEB_OMNI_HRO_1MIN,False
2024-11-25 21:14:00,,,,,,,,,,,False,False,,,,,,,,,,False,-2.03,-4.78,-4.51,,,,False,NASA_CDAWEB_OMNI_HRO_1MIN,False
2024-11-25 21:15:00,,,,,,,,,,,False,False,,,,,,,,,,False,4.49,-2.18,0.73,,,,False,NASA_CDAWEB_OMNI_HRO_1MIN,False
2024-11-25 21:16:00,,,,,,,,,,,False,False,,,,,,,,,,False,-1.79,-4.59,-4.82,,,,False,NASA_CDAWEB_OMNI_HRO_1MIN,False
2024-11-25 21:17:00,,,,,,,,,,,False,False,,,,,,,,,,False,-1.83,-4.42,-4.88,,,,False,NASA_CDAWEB_OMNI_HRO_1MIN,False
2024-11-25 21:18:00,,,,,,,,,,,False,False,,,,,,,,,,False,5.64,-2.76,1.18,376.2,5.52,83408.0,True,NASA_CDAWEB_OMNI_HRO_1MIN,False
2024-11-25 21:19:00,,,,,,,,,,,False,False,,,,,,,,,,False,1.4,-3.19,-1.88,376.2,5.52,83408.0,True,NASA_CDAWEB_OMNI_HRO_1MIN,False
2024-11-25 21:20:00,,,,,,,,,,,False,False,,,,,,,,,,False,5.97,-1.31,2.28,376.2,5.52,83408.0,True,NASA_CDAWEB_OMNI_HRO_1MIN,False
2024-11-25 21:21:00,,,,,,,,,,,False,False,,,,,,,,,,False,6.04,-1.13,2.16,,,,False,NASA_CDAWEB_OMNI_HRO_1MIN,False
2024-11-25 21:22:00,,,,,,,,,,,False,False,,,,,,,,,,False,5.82,-2.6,1.25,,,,False,NASA_CDAWEB_OMNI_HRO_1MIN,False
2024-11-25 21:23:00,,,,,,,,,,,False,False,,,,,,,,,,False,1.61,-2.7,-1.2,,,,False,NASA_CDAWEB_OMNI_HRO_1MIN,False
2024-11-25 21:24:00,,,,,,,,,,,False,False,,,,,,,,,,False,1.59,-2.39,-1.45,,,,False,NASA_CDAWEB_OMNI_HRO_1MIN,False
2024-11-25 21:25:00,,,,,,,,,,,False,False,,,,,,,,,,False,0.98,-3.64,-2.3,372.9,5.74,71635.0,True,NASA_CDAWEB_OMNI_HRO_1MIN,False
2024-11-25 21:26:00,,,,,,,,,,,False,False,,,,,,,,,,False,1.25,-2.47,-1.63,399.5,5.79,65394.0,True,NASA_CDAWEB_OMNI_HRO_1MIN,False
2024-11-25 21:27:00,,,,,,,,,,,False,False,,,,,,,,,,False,0.52,-2.51,-1.72,410.2,5.8,62896.0,True,NASA_CDAWEB_OMNI_HRO_1MIN,False
2024-11-25 21:28:00,,,,,,,,,,,False,False,,,,,,,,,,False,5.39,-1.28,1.98,,,,False,NASA_CDAWEB_OMNI_HRO_1MIN,False
2024-11-25 21:29:00,,,,,,,,,,,False,False,,,,,,,,,,False,2.72,-2.73,0.06,,,,False,NASA_CDAWEB_OMNI_HRO_1MIN,False
2024-11-25 21:30:00,,,,,,,,,,,False,False,,,,,,,,,,False,2.21,-1.51,-1.19,,,,False,NASA_CDAWEB_OMNI_HRO_1MIN,False
2024-11-25 21:31:00,,,,,,,,,,,False,False,,,,,,,,,,False,0.48,-2.23,-1.84,,,,False,NASA_CDAWEB_OMNI_HRO_1MIN,False
2024-11-25 21:32:00,,,,,,,,,,,False,False,,,,,,,,,,False,2.46,-2.36,-0.55,,,,False,NASA_CDAWEB_OMNI_HRO_1MIN,False
2024-11-25 21:33:00,,,,,,,,,,,False,False,,,,,,,,,,False,1.35,-1.28,-2.04,370.2,5.81,68536.0,True,NASA_CDAWEB_OMNI_HRO_1MIN,False
2024-11-25 21:34:00,,,,,,,,,,,False,False,,,,,,,,,,False,-3.35,-2.01,-5.96,407.2,5.81,58791.0,True,NASA_CDAWEB_OMNI_HRO_1MIN,False
2024-11-25 21:35:00,,,,,,,,,,,False,False,,,,,,,,,,False,0.81,-1.36,-1.27,433.8,5.81,51797.0,True,NASA_CDAWEB_OMNI_HRO_1MIN,False
2024-11-25 21:36:00,,,,,,,,,,,False,False,,,,,,,,,,False,1.19,-2.11,-2.31,,,,False,NASA_CDAWEB_OMNI_HRO_1MIN,False
2024-11-25 21:37:00,,,,,,,,,,,False,False,,,,,,,,,,False,1.07,-0.96,-1.57,,,,False,NASA_CDAWEB_OMNI_HRO_1MIN,False
2024-11-25 21:38:00,,,,,,,,,,,False,False,,,,,,,,,,False,-3.11,-1.08,-6.06,,,,False,NASA_CDAWEB_OMNI_HRO_1MIN,False
2024-11-25 21:39:00,,,,,,,,,,,False,False,,,,,,,,,,False,5.5,-2.01,1.05,,,,False,NASA_CDAWEB_OMNI_HRO_1MIN,False
2024-11-25 21:40:00,,,,,,,,,,,False,False,,,,,,,,,,False,-2.83,-1.33,-6.09,433.2,5.51,53835.0,True,NASA_CDAWEB_OMNI_HRO_1MIN,False
2024-11-25 21:41:00,,,,,,,,,,,False,False,,,,,,,,,,False,0.87,-1.66,-1.61,433.2,5.51,53835.0,True,NASA_CDAWEB_OMNI_HRO_1MIN,False
2024-11-25 21:42:00,,,,,,,,,,,False,False,,,,,,,,,,False,3.45,-1.45,0.71,433.2,5.51,53835.0,True,NASA_CDAWEB_OMNI_HRO_1MIN,False
2024-11-25 21:43:00,,,,,,,,,,,False,False,,,,,,,,,,False,2.2,-0.05,0.12,,,,False,NASA_CDAWEB_OMNI_HRO_1MIN,False
2024-11-25 21:44:00,,,,,,,,,,,False,False,,,,,,,,,,False,4.05,-3.55,1.05,,,,False,NASA_CDAWEB_OMNI_HRO_1MIN,False
2024-11-25 21:45:00,,,,,,,,,,,False,False,,,,,,,,,,False,5.84,-1.57,1.93,366.9,5.72,67162.0,True,NASA_CDAWEB_OMNI_HRO_1MIN,False
2024-11-25 21:46:00,,,,,,,,,,,False,False,,,,,,,,,,False,5.35,-2.76,2.02,369.4,5.83,69278.0,True,NASA_CDAWEB_OMNI_HRO_1MIN,False
2024-11-25 21:47:00,,,,,,,,,,,False,False,,,,,,,,,,False,5.41,-2.16,2.54,376.0,6.41,77133.0,True,NASA_CDAWEB_OMNI_HRO_1MIN,False
2024-11-25 21:48:00,,,,,,,,,,,False,False,,,,,,,,,,False,5.94,-0.86,2.19,370.7,5.13,56909.0,True,NASA_CDAWEB_OMNI_HRO_1MIN,False
2024-11-25 21:49:00,,,,,,,,,,,False,False,,,,,,,,,,False,5.74,-1.13,2.65,368.9,5.55,58579.0,True,NASA_CDAWEB_OMNI_HRO_1MIN,False
2024-11-25 21:50:00,,,,,,,,,,,False,False,,,,,,,,,,False,5.69,-1.53,2.6,368.5,5.65,58827.0,True,NASA_CDAWEB_OMNI_HRO_1MIN,False
2024-11-25 21:51:00,,,,,,,,,,,False,False,,,,,,,,,,False,5.11,-0.17,3.99,382.8,5.92,75431.0,True,NASA_CDAWEB_OMNI_HRO_1MIN,False
2024-11-25 21:52:00,,,,,,,,,,,False,False,,,,,,,,,,False,5.71,-2.35,1.88,382.8,5.92,75431.0,True,NASA_CDAWEB_OMNI_HRO_1MIN,False
2024-11-25 21:53:00,,,,,,,,,,,False,False,,,,,,,,,,False,5.46,-1.72,2.61,382.8,5.92,75431.0,True,NASA_CDAWEB_OMNI_HRO_1MIN,False
2024-11-25 21:54:00,,,,,,,,,,,False,False,,,,,,,,,,False,5.46,-1.68,2.81,375.3,5.55,64732.0,True,NASA_CDAWEB_OMNI_HRO_1MIN,False
2024-11-25 21:55:00,,,,,,,,,,,False,False,,,,,,,,,,False,5.66,-2.12,2.39,375.3,5.55,64732.0,True,NASA_CDAWEB_OMNI_HRO_1MIN,False
2024-11-25 21:56:00,,,,,,,,,,,False,False,,,,,,,,,,False,5.08,-3.27,2.16,376.1,6.63,74359.0,True,NASA_CDAWEB_OMNI_HRO_1MIN,False
2024-11-25 21:57:00,,,,,,,,,,,False,False,,,,,,,,,,False,5.52,-2.77,1.76,376.4,6.2,78066.0,True,NASA_CDAWEB_OMNI_HRO_1MIN,False
2024-11-25 21:58:00,,,,,,,,,,,False,False,,,,,,,,,,False,5.66,-2.38,1.8,371.9,5.98,65365.0,True,NASA_CDAWEB_OMNI_HRO_1MIN,False
2024-11-25 21:59:00,,,,,,,,,,,False,False,,,,,,,,,,False,5.86,-2.02,1.58,369.1,5.94,57579.0,True,NASA_CDAWEB_OMNI_HRO_1MIN,False
2024-11-25 22:00:00,,,,,,,,,,,False,False,,,,,,,,,,False,6.22,-1.44,1.34,,,,False,NASA_CDAWEB_OMNI_HRO_1MIN,False
2024-11-25 22:01:00,,,,,,,,,,,False,False,,,,,,,,,,False,5.84,-1.83,2.14,374.8,5.63,77950.0,True,NASA_CDAWEB_OMNI_HRO_1MIN,False
2024-11-25 22:02:00,,,,,,,,,,,False,False,,,,,,,,,,False,6.26,-0.9,1.76,373.1,5.64,84083.0,True,NASA_CDAWEB_OMNI_HRO_1MIN,False
2024-11-25 22:03:00,,,,,,,,,,,False,False,,,,,,,,,,False,6.06,-1.25,2.19,,,,False,NASA_CDAWEB_OMNI_HRO_1MIN,False
2024-11-25 22:04:00,,,,,,,,,,,False,False,,,,,,,,,,False,6.01,-1.52,1.73,,,,False,NASA_CDAWEB_OMNI_HRO_1MIN,False
2024-11-25 22:05:00,,,,,,,,,,,False,False,,,,,,,,,,False,6.25,-0.92,1.81,,,,False,NASA_CDAWEB_OMNI_HRO_1MIN,False
2024-11-25 22:06:00,,,,,,,,,,,False,False,,,,,,,,,,False,6.01,-1.49,1.97,369.5,5.03,58818.0,True,NASA_CDAWEB_OMNI_HRO_1MIN,False
2024-11-25 22:07:00,,,,,,,,,,,False,False,,,,,,,,,,False,5.75,-2.36,1.85,369.2,5.25,59115.0,True,NASA_CDAWEB_OMNI_HRO_1MIN,False
2024-11-25 22:08:00,,,,,,,,,,,False,False,,,,,,,,,,False,5.87,-1.72,1.92,368.5,5.79,59840.0,True,NASA_CDAWEB_OMNI_HRO_1MIN,False
2024-11-25 22:09:00,,,,,,,,,,,False,False,,,,,,,,,,False,6.47,0.0,0.91,,,,False,NASA_CDAWEB_OMNI_HRO_1MIN,False
2024-11-25 22:10:00,,,,,,,,,,,False,False,,,,,,,,,,False,6.08,-1.01,1.63,,,,False,NASA_CDAWEB_OMNI_HRO_1MIN,False
2024-11-25 22:11:00,,,,,,,,,,,False,False,,,,,,,,,,False,5.65,-2.36,2.36,383.5,5.53,84851.0,True,NASA_CDAWEB_OMNI_HRO_1MIN,False
2024-11-25 22:12:00,,,,,,,,,,,False,False,,,,,,,,,,False,6.01,-1.52,1.65,383.5,5.53,84851.0,True,NASA_CDAWEB_OMNI_HRO_1MIN,False
2024-11-25 22:13:00,,,,,,,,,,,False,False,,,,,,,,,,False,6.12,-1.23,1.51,383.5,5.53,84851.0,True,NASA_CDAWEB_OMNI_HRO_1MIN,False
2024-11-25 22:14:00,,,,,,,,,,,False,False,,,,,,,,,,False,5.8,-2.21,2.04,,,,False,NASA_CDAWEB_OMNI_HRO_1MIN,False
2024-11-25 22:15:00,,,,,,,,,,,False,False,,,,,,,,,,False,5.81,-1.91,1.91,,,,False,NASA_CDAWEB_OMNI_HRO_1MIN,False
2024-11-25 22:16:00,,,,,,,,,,,False,False,,,,,,,,,,False,6.08,-1.4,1.53,369.2,5.5,61257.0,True,NASA_CDAWEB_OMNI_HRO_1MIN,False
2024-11-25 22:17:00,,,,,,,,,,,False,False,,,,,,,,,,False,6.26,-1.2,1.41,369.6,5.52,62733.0,True,NASA_CDAWEB_OMNI_HRO_1MIN,False
2024-11-25 22:18:00,,,,,,,,,,,False,False,,,,,,,,,,False,6.23,-1.35,1.5,373.5,5.73,76460.0,True,NASA_CDAWEB_OMNI_HRO_1MIN,False
2024-11-25 22:19:00,,,,,,,,,,,False,False,,,,,,,,,,False,6.39,-0.84,1.43,373.5,5.73,76460.0,True,NASA_CDAWEB_OMNI_HRO_1MIN,False
2024-11-25 22:20:00,,,,,,,,,,,False,False,,,,,,,,,,False,6.39,-0.84,1.43,,,,False,NASA_CDAWEB_OMNI_HRO_1MIN,False
2024-11-25 22:21:00,,,,,,,,,,,False,False,,,,,,,,,,False,6.32,-1.22,1.51,,,,False,NASA_CDAWEB_OMNI_HRO_1MIN,False
2024-11-25 22:22:00,,,,,,,,,,,False,False,,,,,,,,,,False,6.28,-1.43,1.41,,,,False,NASA_CDAWEB_OMNI_HRO_1MIN,False
2024-11-25 22:23:00,,,,,,,,,,,False,False,,,,,,,,,,False,6.3,-1.35,1.39,,,,False,NASA_CDAWEB_OMNI_HRO_1MIN,False
2024-11-25 22:24:00,,,,,,,,,,,False,False,,,,,,,,,,False,6.22,-1.36,1.68,,,,False,NASA_CDAWEB_OMNI_HRO_1MIN,False
2024-11-25 22:25:00,,,,,,,,,,,False,False,,,,,,,,,,False,5.97,-2.14,1.65,380.4,5.48,86216.0,True,NASA_CDAWEB_OMNI_HRO_1MIN,False
2024-11-25 22:26:00,,,,,,,,,,,False,False,,,,,,,,,,False,6.03,-2.11,1.27,380.4,5.48,86216.0,True,NASA_CDAWEB_OMNI_HRO_1MIN,False
2024-11-25 22:27:00,,,,,,,,,,,False,False,,,,,,,,,,False,6.01,-1.78,1.85,380.4,5.48,86216.0,True,NASA_CDAWEB_OMNI_HRO_1MIN,False
2024-11-25 22:28:00,,,,,,,,,,,False,False,,,,,,,,,,False,5.89,-2.09,1.95,369.5,6.46,101057.0,True,NASA_CDAWEB_OMNI_HRO_1MIN,False
2024-11-25 22:29:00,,,,,,,,,,,False,False,,,,,,,,,,False,5.92,-2.29,1.65,369.5,6.46,101057.0,True,NASA_CDAWEB_OMNI_HRO_1MIN,False
2024-11-25 22:30:00,,,,,,,,,,,False,False,,,,,,,,,,False,5.95,-2.3,1.48,,,,False,NASA_CDAWEB_OMNI_HRO_1MIN,False
2024-11-25 22:31:00,,,,,,,,,,,False,False,,,,,,,,,,False,5.97,-2.09,1.66,,,,False,NASA_CDAWEB_OMNI_HRO_1MIN,False
2024-11-25 22:32:00,,,,,,,,,,,False,False,,,,,,,,,,False,6.09,-1.76,1.63,,,,False,NASA_CDAWEB_OMNI_HRO_1MIN,False
2024-11-25 22:33:00,,,,,,,,,,,False,False,,,,,,,,,,False,6.01,-1.63,2.03,374.0,5.87,87546.0,True,NASA_CDAWEB_OMNI_HRO_1MIN,False
2024-11-25 22:34:00,,,,,,,,,,,False,False,,,,,,,,,,False,6.07,-1.6,1.83,374.0,5.87,87546.0,True,NASA_CDAWEB_OMNI_HRO_1MIN,False
2024-11-25 22:35:00,,,,,,,,,,,False,False,,,,,,,,,,False,6.07,-1.6,1.83,,,,False,NASA_CDAWEB_OMNI_HRO_1MIN,False
2024-11-25 22:36:00,,,,,,,,,,,False,False,,,,,,,,,,False,6.19,-1.51,1.64,,,,False,NASA_CDAWEB_OMNI_HRO_1MIN,False
2024-11-25 22:37:00,,,,,,,,,,,False,False,,,,,,,,,,False,6.01,-1.73,1.95,,,,False,NASA_CDAWEB_OMNI_HRO_1MIN,False
2024-11-25 22:38:00,,,,,,,,,,,False,False,,,,,,,,,,False,5.93,-2.22,1.72,,,,False,NASA_CDAWEB_OMNI_HRO_1MIN,False
2024-11-25 22:39:00,,,,,,,,,,,False,False,,,,,,,,,,False,5.93,-2.22,1.72,,,,False,NASA_CDAWEB_OMNI_HRO_1MIN,False
2024-11-25 22:40:00,,,,,,,,,,,False,False,,,,,,,,,,False,6.12,-1.38,1.91,,,,False,NASA_CDAWEB_OMNI_HRO_1MIN,False
2024-11-25 22:41:00,,,,,,,,,,,False,False,,,,,,,,,,False,6.1,-1.52,1.84,368.0,4.86,57766.0,True,NASA_CDAWEB_OMNI_HRO_1MIN,False
2024-11-25 22:42:00,,,,,,,,,,,False,False,,,,,,,,,,False,5.77,-2.51,1.68,370.3,5.09,64466.0,True,NASA_CDAWEB_OMNI_HRO_1MIN,False
2024-11-25 22:43:00,,,,,,,,,,,False,False,,,,,,,,,,False,5.87,-2.36,1.72,375.9,5.65,80552.0,True,NASA_CDAWEB_OMNI_HRO_1MIN,False
2024-11-25 22:44:00,,,,,,,,,,,False,False,,,,,,,,,,False,5.57,-2.91,1.77,373.9,5.81,85112.0,True,NASA_CDAWEB_OMNI_HRO_1MIN,False
2024-11-25 22:45:00,,,,,,,,,,,False,False,,,,,,,,,,False,5.75,-2.71,1.49,372.3,5.89,89309.0,True,NASA_CDAWEB_OMNI_HRO_1MIN,False
2024-11-25 22:46:00,,,,,,,,,,,False,False,,,,,,,,,,False,5.75,-2.71,1.49,,,,False,NASA_CDAWEB_OMNI_HRO_1MIN,False
2024-11-25 22:47:00,,,,,,,,,,,False,False,,,,,,,,,,False,5.48,-3.04,1.8,,,,False,NASA_CDAWEB_OMNI_HRO_1MIN,False
2024-11-25 22:48:00,,,,,,,,,,,False,False,,,,,,,,,,False,,,,,,,False,NASA_CDAWEB_OMNI_HRO_1MIN,False
2024-11-25 22:49:00,,,,,,,,,,,False,False,,,,,,,,,,False,5.76,-2.71,1.32,,,,False,NASA_CDAWEB_OMNI_HRO_1MIN,False
2024-11-25 22:50:00,,,,,,,,,,,False,False,,,,,,,,,,False,,,,,,,False,NASA_CDAWEB_OMNI_HRO_1MIN,False
2024-11-25 22:51:00,,,,,,,,,,,False,False,,,,,,,,,,False,5.86,-2.52,1.3,,,,False,NASA_CDAWEB_OMNI_HRO_1MIN,False
2024-11-25 22:52:00,,,,,,,,,,,False,False,,,,,,,,,,False,5.83,-2.67,1.28,,,,False,NASA_CDAWEB_OMNI_HRO_1MIN,False
2024-11-25 22:53:00,,,,,,,,,,,False,False,,,,,,,,,,False,5.66,-1.13,-1.04,368.7,5.44,75431.0,True,NASA_CDAWEB_OMNI_HRO_1MIN,False
2024-11-25 22:54:00,,,,,,,,,,,False,False,,,,,,,,,,False,5.56,-3.04,1.54,368.7,5.44,75431.0,True,NASA_CDAWEB_OMNI_HRO_1MIN,False
2024-11-25 22:55:00,,,,,,,,,,,False,False,,,,,,,,,,False,5.38,-3.33,1.58,368.7,5.44,75431.0,True,NASA_CDAWEB_OMNI_HRO_1MIN,False
2024-11-25 22:56:00,,,,,,,,,,,False,False,,,,,,,,,,False,5.37,-3.2,1.86,,,,False,NASA_CDAWEB_OMNI_HRO_1MIN,False
2024-11-25 22:57:00,,,,,,,,,,,False,False,,,,,,,,,,False,5.56,-2.97,1.67,371.1,6.03,81754.0,True,NASA_CDAWEB_OMNI_HRO_1MIN,False
2024-11-25 22:58:00,,,,,,,,,,,False,False,,,,,,,,,,False,5.94,-2.48,1.13,371.1,6.03,81754.0,True,NASA_CDAWEB_OMNI_HRO_1MIN,False
2024-11-25 22:59:00,,,,,,,,,,,False,False,,,,,,,,,,False,5.92,-2.39,1.3,368.0,4.89,63041.0,True,NASA_CDAWEB_OMNI_HRO_1MIN,False
2024-11-25 23:00:00,,,,,,,,,,,False,False,,,,,,,,,,False,5.73,-2.67,1.51,368.0,4.89,63041.0,True,NASA_CDAWEB_OMNI_HRO_1MIN,False
2024-11-25 23:01:00,,,,,,,,,,,False,False,,,,,,,,,,False,5.74,-2.68,1.54,368.0,4.89,63041.0,True,NASA_CDAWEB_OMNI_HRO_1MIN,False
2024-11-25 23:02:00,,,,,,,,,,,False,False,,,,,,,,,,False,5.72,-2.78,1.3,373.5,5.28,84797.0,True,NASA_CDAWEB_OMNI_HRO_1MIN,False
2024-11-25 23:03:00,,,,,,,,,,,False,False,,,,,,,,,,False,5.62,-2.87,1.37,372.2,5.3,84444.0,True,NASA_CDAWEB_OMNI_HRO_1MIN,False
2024-11-25 23:04:00,,,,,,,,,,,False,False,,,,,,,,,,False,5.67,-2.95,1.09,372.8,5.4,84941.0,True,NASA_CDAWEB_OMNI_HRO_1MIN,False
2024-11-25 23:05:00,,,,,,,,,,,False,False,,,,,,,,,,False,5.38,-3.36,1.26,373.4,5.42,85214.0,True,NASA_CDAWEB_OMNI_HRO_1MIN,False
2024-11-25 23:06:00,,,,,,,,,,,False,False,,,,,,,,,,False,5.58,-3.08,1.24,376.0,5.32,88840.0,True,NASA_CDAWEB_OMNI_HRO_1MIN,False
2024-11-25 23:07:00,,,,,,,,,,,False,False,,,,,,,,,,False,,,,376.0,5.32,88840.0,False,NASA_CDAWEB_OMNI_HRO_1MIN,False
2024-11-25 23:08:00,,,,,,,,,,,False,False,,,,,,,,,,False,5.57,-3.15,1.12,,,,False,NASA_CDAWEB_OMNI_HRO_1MIN,False
2024-11-25 23:09:00,,,,,,,,,,,False,False,,,,,,,,,,False,,,,,,,False,NASA_CDAWEB_OMNI_HRO_1MIN,False
2024-11-25 23:10:00,,,,,,,,,,,False,False,,,,,,,,,,False,5.09,-3.81,1.16,,,,False,NASA_CDAWEB_OMNI_HRO_1MIN,False
2024-11-25 23:11:00,,,,,,,,,,,False,False,,,,,,,,,,False,,,,,,,False,NASA_CDAWEB_OMNI_HRO_1MIN,False
2024-11-25 23:12:00,,,,,,,,,,,False,False,,,,,,,,,,False,5.28,-3.37,1.67,,,,False,NASA_CDAWEB_OMNI_HRO_1MIN,False
2024-11-25 23:13:00,,,,,,,,,,,False,False,,,,,,,,,,False,5.48,-3.26,1.22,376.0,5.4,89490.0,True,NASA_CDAWEB_OMNI_HRO_1MIN,False
2024-11-25 23:14:00,,,,,,,,,,,False,False,,,,,,,,,,False,5.52,-3.1,1.25,376.0,5.4,89490.0,True,NASA_CDAWEB_OMNI_HRO_1MIN,False
2024-11-25 23:15:00,,,,,,,,,,,False,False,,,,,,,,,,False,5.39,-3.45,0.76,,,,False,NASA_CDAWEB_OMNI_HRO_1MIN,False
2024-11-25 23:16:00,,,,,,,,,,,False,False,,,,,,,,,,False,5.33,-2.92,-1.16,373.2,6.68,79194.0,True,NASA_CDAWEB_OMNI_HRO_1MIN,False
2024-11-25 23:17:00,,,,,,,,,,,False,False,,,,,,,,,,False,5.32,-2.43,-1.37,373.2,6.67,79001.0,True,NASA_CDAWEB_OMNI_HRO_1MIN,False
2024-11-25 23:18:00,,,,,,,,,,,False,False,,,,,,,,,,False,4.34,-3.18,-1.44,377.3,6.12,65394.0,True,NASA_CDAWEB_OMNI_HRO_1MIN,False
2024-11-25 23:19:00,,,,,,,,,,,False,False,,,,,,,,,,False,4.23,-3.43,-0.37,377.8,5.89,70965.0,True,NASA_CDAWEB_OMNI_HRO_1MIN,False
2024-11-25 23:20:00,,,,,,,,,,,False,False,,,,,,,,,,False,4.55,-2.71,-1.36,386.1,5.78,81849.0,True,NASA_CDAWEB_OMNI_HRO_1MIN,False
2024-11-25 23:21:00,,,,,,,,,,,False,False,,,,,,,,,,False,3.68,-3.47,-2.24,389.0,5.73,69860.0,True,NASA_CDAWEB_OMNI_HRO_1MIN,False
2024-11-25 23:22:00,,,,,,,,,,,False,False,,,,,,,,,,False,3.58,-4.33,-1.07,391.7,5.79,58691.0,True,NASA_CDAWEB_OMNI_HRO_1MIN,False
2024-11-25 23:23:00,,,,,,,,,,,False,False,,,,,,,,,,False,3.81,-3.34,-1.41,,,,False,NASA_CDAWEB_OMNI_HRO_1MIN,False
2024-11-25 23:24:00,,,,,,,,,,,False,False,,,,,,,,,,False,4.24,-3.75,-1.16,385.3,6.06,74750.0,True,NASA_CDAWEB_OMNI_HRO_1MIN,False
2024-11-25 23:25:00,,,,,,,,,,,False,False,,,,,,,,,,False,4.39,-3.52,-1.08,382.2,5.72,83603.0,True,NASA_CDAWEB_OMNI_HRO_1MIN,False
2024-11-25 23:26:00,,,,,,,,,,,False,False,,,,,,,,,,False,4.22,-3.74,-1.95,376.9,6.24,65193.0,True,NASA_CDAWEB_OMNI_HRO_1MIN,False
2024-11-25 23:27:00,,,,,,,,,,,False,False,,,,,,,,,,False,4.01,-4.25,-1.27,379.4,5.86,65220.0,True,NASA_CDAWEB_OMNI_HRO_1MIN,False
2024-11-25 23:28:00,,,,,,,,,,,False,False,,,,,,,,,,False,4.18,-3.46,-1.87,383.6,6.34,76238.0,True,NASA_CDAWEB_OMNI_HRO_1MIN,False
2024-11-25 23:29:00,,,,,,,,,,,False,False,,,,,,,,,,False,4.51,-3.81,-1.52,384.2,6.43,69074.0,True,NASA_CDAWEB_OMNI_HRO_1MIN,False
2024-11-25 23:30:00,,,,,,,,,,,False,False,,,,,,,,,,False,4.61,-2.43,-2.34,387.4,6.33,61255.0,True,NASA_CDAWEB_OMNI_HRO_1MIN,False
2024-11-25 23:31:00,,,,,,,,,,,False,False,,,,,,,,,,False,4.2,-4.21,-1.35,376.6,6.06,77886.0,True,NASA_CDAWEB_OMNI_HRO_1MIN,False
2024-11-25 23:32:00,,,,,,,,,,,False,False,,,,,,,,,,False,4.67,-2.92,-1.24,376.6,6.06,77886.0,True,NASA_CDAWEB_OMNI_HRO_1MIN,False
2024-11-25 23:33:00,,,,,,,,,,,False,False,,,,,,,,,,False,3.53,-4.85,-0.41,390.7,6.39,62902.0,True,NASA_CDAWEB_OMNI_HRO_1MIN,False
2024-11-25 23:34:00,,,,,,,,,,,False,False,,,,,,,,,,False,4.64,-2.8,-0.78,387.6,7.05,71242.0,True,NASA_CDAWEB_OMNI_HRO_1MIN,False
2024-11-25 23:35:00,,,,,,,,,,,False,False,,,,,,,,,,False,4.27,-4.05,-0.83,377.2,6.06,82287.0,True,NASA_CDAWEB_OMNI_HRO_1MIN,False
2024-11-25 23:36:00,,,,,,,,,,,False,False,,,,,,,,,,False,4.02,-3.43,-2.21,388.1,5.65,55288.0,True,NASA_CDAWEB_OMNI_HRO_1MIN,False
2024-11-25 23:37:00,,,,,,,,,,,False,False,,,,,,,,,,False,4.14,-3.99,-1.56,388.1,5.65,55288.0,True,NASA_CDAWEB_OMNI_HRO_1MIN,False
2024-11-25 23:38:00,,,,,,,,,,,False,False,,,,,,,,,,False,4.21,-3.92,-1.56,391.8,6.0,61315.0,True,NASA_CDAWEB_OMNI_HRO_1MIN,False
2024-11-25 23:39:00,,,,,,,,,,,False,False,,,,,,,,,,False,3.18,-4.02,-3.44,388.5,6.2,59585.0,True,NASA_CDAWEB_OMNI_HRO_1MIN,False
2024-11-25 23:40:00,,,,,,,,,,,False,False,,,,,,,,,,False,2.81,-3.3,-4.04,385.2,5.8,58185.0,True,NASA_CDAWEB_OMNI_HRO_1MIN,False
2024-11-25 23:41:00,,,,,,,,,,,False,False,,,,,,,,,,False,3.18,-2.82,-3.77,394.9,6.55,62207.0,True,NASA_CDAWEB_OMNI_HRO_1MIN,False
2024-11-25 23:42:00,,,,,,,,,,,False,False,,,,,,,,,,False,2.57,-2.67,-4.61,393.9,6.0,51329.0,True,NASA_CDAWEB_OMNI_HRO_1MIN,False
2024-11-25 23:43:00,,,,,,,,,,,False,False,,,,,,,,,,False,3.57,-2.65,-3.58,387.4,6.46,61832.0,True,NASA_CDAWEB_OMNI_HRO_1MIN,False
2024-11-25 23:44:00,,,,,,,,,,,False,False,,,,,,,,,,False,3.59,-3.15,-3.31,389.8,5.67,58164.0,True,NASA_CDAWEB_OMNI_HRO_1MIN,False
2024-11-25 23:45:00,,,,,,,,,,,False,False,,,,,,,,,,False,4.3,-2.19,-2.73,401.5,6.26,50134.0,True,NASA_CDAWEB_OMNI_HRO_1MIN,False
2024-11-25 23:46:00,,,,,,,,,,,False,False,,,,,,,,,,False,4.31,-3.13,-2.64,376.8,6.32,70788.0,True,NASA_CDAWEB_OMNI_HRO_1MIN,False
2024-11-25 23:47:00,,,,,,,,,,,False,False,,,,,,,,,,False,1.78,-2.68,-4.64,372.8,6.37,70467.0,True,NASA_CDAWEB_OMNI_HRO_1MIN,False
2024-11-25 23:48:00,,,,,,,,,,,False,False,,,,,,,,,,False,2.5,-3.85,-4.1,,,,False,NASA_CDAWEB_OMNI_HRO_1MIN,False
2024-11-25 23:49:00,,,,,,,,,,,False,False,,,,,,,,,,False,1.81,-1.21,-5.62,389.8,6.3,69281.0,True,NASA_CDAWEB_OMNI_HRO_1MIN,False
2024-11-25 23:50:00,,,,,,,,,,,False,False,,,,,,,,,,False,1.4,-2.76,-4.84,392.9,6.21,67069.0,True,NASA_CDAWEB_OMNI_HRO_1MIN,False
2024-11-25 23:51:00,,,,,,,,,,,False,False,,,,,,,,,,False,2.59,-3.56,-4.21,402.2,5.91,60512.0,True,NASA_CDAWEB_OMNI_HRO_1MIN,False
2024-11-25 23:52:00,,,,,,,,,,,False,False,,,,,,,,,,False,1.76,-3.87,-4.08,,,,False,NASA_CDAWEB_OMNI_HRO_1MIN,False
2024-11-25 23:53:00,,,,,,,,,,,False,False,,,,,,,,,,False,0.84,-0.72,-6.52,,,,False,NASA_CDAWEB_OMNI_HRO_1MIN,False
2024-11-25 23:54:00,,,,,,,,,,,False,False,,,,,,,,,,False,1.69,-2.48,-5.05,,,,False,NASA_CDAWEB_OMNI_HRO_1MIN,False
2024-11-25 23:55:00,,,,,,,,,,,False,False,,,,,,,,,,False,3.05,-3.86,-3.74,,,,False,NASA_CDAWEB_OMNI_HRO_1MIN,False
2024-11-25 23:56:00,,,,,,,,,,,False,False,,,,,,,,,,False,1.94,-1.77,-5.26,,,,False,NASA_CDAWEB_OMNI_HRO_1MIN,False
2024-11-25 23:57:00,,,,,,,,,,,False,False,,,,,,,,,,False,0.74,-4.26,-3.49,,,,False,NASA_CDAWEB_OMNI_HRO_1MIN,False
2024-11-25 23:58:00,,,,,,,,,,,False,False,,,,,,,,,,False,3.85,-3.41,-2.47,375.1,5.67,65605.0,True,NASA_CDAWEB_OMNI_HRO_1MIN,False
2024-11-25 23:59:00,,,,,,,,,,,False,False,,,,,,,,,,False,1.22,-3.19,-4.57,377.6,5.82,66572.0,True,NASA_CDAWEB_OMNI_HRO_1MIN,False
2024-11-26 00:00:00,,,,,,,,,,,False,False,,,,,,,,,,False,0.83,-2.99,-5.11,395.5,6.09,62890.0,True,NASA_CDAWEB_OMNI_HRO_1MIN,False
2024-11-26 00:01:00,,,,,,,,,,,False,False,,,,,,,,,,False,1.64,-4.72,-3.52,405.7,5.71,52082.0,True,NASA_CDAWEB_OMNI_HRO_1MIN,False
2024-11-26 00:02:00,,,,,,,,,,,False,False,,,,,,,,,,False,2.24,-2.61,-4.68,406.3,5.78,50565.0,True,NASA_CDAWEB_OMNI_HRO_1MIN,False
2024-11-26 00:03:00,,,,,,,,,,,False,False,,,,,,,,,,False,0.92,-3.65,-4.52,,,,False,NASA_CDAWEB_OMNI_HRO_1MIN,False
2024-11-26 00:04:00,,,,,,,,,,,False,False,,,,,,,,,,False,0.9,-3.74,-4.32,,,,False,NASA_CDAWEB_OMNI_HRO_1MIN,False
2024-11-26 00:05:00,,,,,,,,,,,False,False,,,,,,,,,,False,2.55,-3.71,-3.13,,,,False,NASA_CDAWEB_OMNI_HRO_1MIN,False
2024-11-26 00:06:00,,,,,,,,,,,False,False,,,,,,,,,,False,1.88,-4.01,-3.9,,,,False,NASA_CDAWEB_OMNI_HRO_1MIN,False
2024-11-26 00:07:00,,,,,,,,,,,False,False,,,,,,,,,,False,0.7,-2.08,-5.81,405.4,6.31,58291.0,True,NASA_CDAWEB_OMNI_HRO_1MIN,False
2024-11-26 00:08:00,,,,,,,,,,,False,False,,,,,,,,,,False,2.0,-3.2,-4.7,405.3,6.24,56406.0,True,NASA_CDAWEB_OMNI_HRO_1MIN,False
2024-11-26 00:09:00,,,,,,,,,,,False,False,,,,,,,,,,False,2.24,-3.2,-4.51,400.9,5.89,52456.0,True,NASA_CDAWEB_OMNI_HRO_1MIN,False
2024-11-26 00:10:00,,,,,,,,,,,False,False,,,,,,,,,,False,1.83,-3.36,-4.77,387.2,5.74,64714.0,True,NASA_CDAWEB_OMNI_HRO_1MIN,False
2024-11-26 00:11:00,,,,,,,,,,,False,False,,,,,,,,,,False,1.87,-3.35,-4.69,,,,False,NASA_CDAWEB_OMNI_HRO_1MIN,False
2024-11-26 00:12:00,,,,,,,,,,,False,False,,,,,,,,,,False,2.17,-2.88,-4.98,,,,False,NASA_CDAWEB_OMNI_HRO_1MIN,False
2024-11-26 00:13:00,,,,,,,,,,,False,False,,,,,,,,,,False,2.14,-2.14,-5.18,394.6,6.67,63589.0,True,NASA_CDAWEB_OMNI_HRO_1MIN,False
2024-11-26 00:14:00,,,,,,,,,,,False,False,,,,,,,,,,False,1.71,-2.89,-5.16,395.0,6.54,60374.0,True,NASA_CDAWEB_OMNI_HRO_1MIN,False
2024-11-26 00:15:00,,,,,,,,,,,False,False,,,,,,,,,,False,2.02,-2.53,-4.93,397.0,6.03,48081.0,True,NASA_CDAWEB_OMNI_HRO_1MIN,False
2024-11-26 00:16:00,,,,,,,,,,,False,False,,,,,,,,,,False,0.97,-4.01,-4.68,396.9,6.44,58332.0,True,NASA_CDAWEB_OMNI_HRO_1MIN,False
2024-11-26 00:17:00,,,,,,,,,,,False,False,,,,,,,,,,False,1.92,-2.21,-5.0,397.7,6.64,59689.0,True,NASA_CDAWEB_OMNI_HRO_1MIN,False
2024-11-26 00:18:00,,,,,,,,,,,False,False,,,,,,,,,,False,1.72,-3.45,-4.86,,,,False,NASA_CDAWEB_OMNI_HRO_1MIN,False
2024-11-26 00:19:00,,,,,,,,,,,False,False,,,,,,,,,,False,2.39,-2.24,-4.82,391.8,6.39,57505.0,True,NASA_CDAWEB_OMNI_HRO_1MIN,False
2024-11-26 00:20:00,,,,,,,,,,,False,False,,,,,,,,,,False,3.04,-3.0,-4.09,389.8,6.04,51605.0,True,NASA_CDAWEB_OMNI_HRO_1MIN,False
2024-11-26 00:21:00,,,,,,,,,,,False,False,,,,,,,,,,False,3.36,-2.88,-3.65,391.0,5.93,51057.0,True,NASA_CDAWEB_OMNI_HRO_1MIN,False
2024-11-26 00:22:00,,,,,,,,,,,False,False,,,,,,,,,,False,4.52,-3.97,-1.84,385.4,7.24,64179.0,True,NASA_CDAWEB_OMNI_HRO_1MIN,False
2024-11-26 00:23:00,,,,,,,,,,,False,False,,,,,,,,,,False,4.0,-3.6,-2.62,388.5,6.31,51487.0,True,NASA_CDAWEB_OMNI_HRO_1MIN,False
2024-11-26 00:24:00,,,,,,,,,,,False,False,,,,,,,,,,False,4.45,-3.52,-2.4,380.4,6.4,66274.0,True,NASA_CDAWEB_OMNI_HRO_1MIN,False
2024-11-26 00:25:00,,,,,,,,,,,False,False,,,,,,,,,,False,3.39,-3.58,-3.34,376.1,6.54,74834.0,True,NASA_CDAWEB_OMNI_HRO_1MIN,False
2024-11-26 00:26:00,,,,,,,,,,,False,False,,,,,,,,,,False,2.89,-2.78,-3.93,395.6,6.87,82507.0,True,NASA_CDAWEB_OMNI_HRO_1MIN,False
2024-11-26 00:27:00,,,,,,,,,,,False,False,,,,,,,,,,False,4.2,-3.57,-2.86,385.7,6.81,80464.0,True,NASA_CDAWEB_OMNI_HRO_1MIN,False
2024-11-26 00:28:00,,,,,,,,,,,False,False,,,,,,,,,,False,4.15,-2.54,-3.27,375.7,6.73,77994.0,True,NASA_CDAWEB_OMNI_HRO_1MIN,False
2024-11-26 00:29:00,,,,,,,,,,,False,False,,,,,,,,,,False,3.01,-3.31,-4.17,385.8,5.63,63903.0,True,NASA_CDAWEB_OMNI_HRO_1MIN,False
2024-11-26 00:30:00,,,,,,,,,,,False,False,,,,,,,,,,False,3.26,-2.7,-3.71,385.8,5.63,63903.0,True,NASA_CDAWEB_OMNI_HRO_1MIN,False
2024-11-26 00:31:00,,,,,,,,,,,False,False,,,,,,,,,,False,2.43,0.61,-1.52,,,,False,NASA_CDAWEB_OMNI_HRO_1MIN,False
2024-11-26 00:32:00,,,,,,,,,,,False,False,,,,,,,,,,False,3.63,-2.91,-3.29,383.4,6.82,105708.0,True,NASA_CDAWEB_OMNI_HRO_1MIN,False
2024-11-26 00:33:00,,,,,,,,,,,False,False,,,,,,,,,,False,4.3,-0.82,-2.51,383.4,6.82,105708.0,True,NASA_CDAWEB_OMNI_HRO_1MIN,False
2024-11-26 00:34:00,,,,,,,,,,,False,False,,,,,,,,,,False,3.76,-0.91,-3.35,383.4,6.82,105708.0,True,NASA_CDAWEB_OMNI_HRO_1MIN,False
2024-11-26 00:35:00,,,,,,,,,,,False,False,,,,,,,,,,False,1.43,-3.63,-4.64,,,,False,NASA_CDAWEB_OMNI_HRO_1MIN,False
2024-11-26 00:36:00,,,,,,,,,,,False,False,,,,,,,,,,False,4.29,-0.68,-3.1,,,,False,NASA_CDAWEB_OMNI_HRO_1MIN,False
2024-11-26 00:37:00,,,,,,,,,,,False,False,,,,,,,,,,False,3.84,-2.61,-3.38,377.3,5.99,79695.0,True,NASA_CDAWEB_OMNI_HRO_1MIN,False
2024-11-26 00:38:00,,,,,,,,,,,False,False,,,,,,,,,,False,4.36,-1.63,-3.01,378.8,6.22,69021.0,True,NASA_CDAWEB_OMNI_HRO_1MIN,False
2024-11-26 00:39:00,,,,,,,,,,,False,False,,,,,,,,,,False,3.6,-2.74,-3.37,379.5,6.31,64398.0,True,NASA_CDAWEB_OMNI_HRO_1MIN,False
2024-11-26 00:40:00,,,,,,,,,,,False,False,,,,,,,,,,False,3.72,-2.62,-3.48,377.2,6.69,80072.0,True,NASA_CDAWEB_OMNI_HRO_1MIN,False
2024-11-26 00:41:00,,,,,,,,,,,False,False,,,,,,,,,,False,3.5,-3.16,-2.59,384.3,6.9,71916.0,True,NASA_CDAWEB_OMNI_HRO_1MIN,False
2024-11-26 00:42:00,,,,,,,,,,,False,False,,,,,,,,,,False,3.32,-2.79,-3.05,385.8,6.9,72866.0,True,NASA_CDAWEB_OMNI_HRO_1MIN,False
2024-11-26 00:43:00,,,,,,,,,,,False,False,,,,,,,,,,False,3.36,-2.92,-2.76,381.4,6.67,84942.0,True,NASA_CDAWEB_OMNI_HRO_1MIN,False
2024-11-26 00:44:00,,,,,,,,,,,False,False,,,,,,,,,,False,2.62,-3.25,-4.58,381.4,6.67,84942.0,True,NASA_CDAWEB_OMNI_HRO_1MIN,False
2024-11-26 00:45:00,,,,,,,,,,,False,False,,,,,,,,,,False,3.98,-2.35,-2.85,,,,False,NASA_CDAWEB_OMNI_HRO_1MIN,False
2024-11-26 00:46:00,,,,,,,,,,,False,False,,,,,,,,,,False,2.87,-3.23,-3.69,,,,False,NASA_CDAWEB_OMNI_HRO_1MIN,False
2024-11-26 00:47:00,,,,,,,,,,,False,False,,,,,,,,,,False,2.26,-2.24,-4.14,407.8,7.13,76031.0,True,NASA_CDAWEB_OMNI_HRO_1MIN,False
2024-11-26 00:48:00,,,,,,,,,,,False,False,,,,,,,,,,False,1.9,-2.03,-4.23,407.1,7.01,73511.0,True,NASA_CDAWEB_OMNI_HRO_1MIN,False
2024-11-26 00:49:00,,,,,,,,,,,False,False,,,,,,,,,,False,1.8,-2.47,-5.01,404.3,6.54,63889.0,True,NASA_CDAWEB_OMNI_HRO_1MIN,False
2024-11-26 00:50:00,,,,,,,,,,,False,False,,,,,,,,,,False,1.63,-2.18,-3.67,388.4,6.16,61541.0,True,NASA_CDAWEB_OMNI_HRO_1MIN,False
2024-11-26 00:51:00,,,,,,,,,,,False,False,,,,,,,,,,False,2.21,-2.63,-4.55,395.2,6.1,56879.0,True,NASA_CDAWEB_OMNI_HRO_1MIN,False
2024-11-26 00:52:00,,,,,,,,,,,False,False,,,,,,,,,,False,2.1,-2.15,-4.04,389.8,6.69,72747.0,True,NASA_CDAWEB_OMNI_HRO_1MIN,False
2024-11-26 00:53:00,,,,,,,,,,,False,False,,,,,,,,,,False,1.6,-2.62,-4.72,388.8,6.49,82657.0,True,NASA_CDAWEB_OMNI_HRO_1MIN,False
2024-11-26 00:54:00,,,,,,,,,,,False,False,,,,,,,,,,False,2.05,-2.88,-4.27,386.9,6.33,63040.0,True,NASA_CDAWEB_OMNI_HRO_1MIN,False
2024-11-26 00:55:00,,,,,,,,,,,False,False,,,,,,,,,,False,1.76,-1.34,-2.71,392.4,6.25,60981.0,True,NASA_CDAWEB_OMNI_HRO_1MIN,False
2024-11-26 00:56:00,,,,,,,,,,,False,False,,,,,,,,,,False,1.92,-2.08,-5.04,402.7,7.14,57378.0,True,NASA_CDAWEB_OMNI_HRO_1MIN,False
2024-11-26 00:57:00,,,,,,,,,,,False,False,,,,,,,,,,False,1.43,-1.36,-3.28,389.4,5.84,73015.0,True,NASA_CDAWEB_OMNI_HRO_1MIN,False
2024-11-26 00:58:00,,,,,,,,,,,False,False,,,,,,,,,,False,2.57,-2.66,-3.3,389.4,5.84,73015.0,True,NASA_CDAWEB_OMNI_HRO_1MIN,False
2024-11-26 00:59:00,,,,,,,,,,,False,False,,,,,,,,,,False,2.2,-2.83,-4.62,389.4,5.84,73015.0,True,NASA_CDAWEB_OMNI_HRO_1MIN,False
2024-11-26 01:00:00,,,,,,,,,,,False,False,,,,,,,,,,False,2.41,-1.35,-2.69,393.5,6.42,52812.0,True,NASA_CDAWEB_OMNI_HRO_1MIN,False
2024-11-26 01:01:00,,,,,,,,,,,False,False,,,,,,,,,,False,2.34,-1.44,-4.85,396.3,6.38,49852.0,True,NASA_CDAWEB_OMNI_HRO_1MIN,False
2024-11-26 01:02:00,,,,,,,,,,,False,False,,,,,,,,,,False,2.51,-2.26,-3.88,387.0,6.11,64336.0,True,NASA_CDAWEB_OMNI_HRO_1MIN,False
2024-11-26 01:03:00,,,,,,,,,,,False,False,,,,,,,,,,False,2.83,-2.08,-2.72,390.4,6.33,75989.0,True,NASA_CDAWEB_OMNI_HRO_1MIN,False
2024-11-26 01:04:00,,,,,,,,,,,False,False,,,,,,,,,,False,3.03,-1.61,-4.43,395.8,6.7,94576.0,True,NASA_CDAWEB_OMNI_HRO_1MIN,False
2024-11-26 01:05:00,,,,,,,,,,,False,False,,,,,,,,,,False,2.8,-1.59,-4.2,402.3,6.17,44104.0,True,NASA_CDAWEB_OMNI_HRO_1MIN,False
2024-11-26 01:06:00,,,,,,,,,,,False,False,,,,,,,,,,False,2.67,-0.6,-2.8,402.3,6.17,44104.0,True,NASA_CDAWEB_OMNI_HRO_1MIN,False
2024-11-26 01:07:00,,,,,,,,,,,False,False,,,,,,,,,,False,2.53,-1.16,-3.0,402.3,6.17,44104.0,True,NASA_CDAWEB_OMNI_HRO_1MIN,False
2024-11-26 01:08:00,,,,,,,,,,,False,False,,,,,,,,,,False,2.7,-2.83,-4.41,,,,False,NASA_CDAWEB_OMNI_HRO_1MIN,False
2024-11-26 01:09:00,,,,,,,,,,,False,False,,,,,,,,,,False,2.4,-1.96,-3.33,391.5,6.12,62729.0,True,NASA_CDAWEB_OMNI_HRO_1MIN,False
2024-11-26 01:10:00,,,,,,,,,,,False,False,,,,,,,,,,False,2.74,-2.59,-2.81,390.7,6.24,60691.0,True,NASA_CDAWEB_OMNI_HRO_1MIN,False
2024-11-26 01:11:00,,,,,,,,,,,False,False,,,,,,,,,,False,3.19,-3.1,-3.62,386.4,6.49,70310.0,True,NASA_CDAWEB_OMNI_HRO_1MIN,False
2024-11-26 01:12:00,,,,,,,,,,,False,False,,,,,,,,,,False,2.94,-1.34,-4.41,397.9,6.06,67007.0,True,NASA_CDAWEB_OMNI_HRO_1MIN,False
2024-11-26 01:13:00,,,,,,,,,,,False,False,,,,,,,,,,False,2.92,-1.52,-3.22,390.9,6.05,54613.0,True,NASA_CDAWEB_OMNI_HRO_1MIN,False
2024-11-26 01:14:00,,,,,,,,,,,False,False,,,,,,,,,,False,2.65,-0.86,-3.23,389.0,6.16,56862.0,True,NASA_CDAWEB_OMNI_HRO_1MIN,False
2024-11-26 01:15:00,,,,,,,,,,,False,False,,,,,,,,,,False,3.02,-1.62,-4.77,,,,False,NASA_CDAWEB_OMNI_HRO_1MIN,False
2024-11-26 01:16:00,,,,,,,,,,,False,False,,,,,,,,,,False,2.8,-1.47,-2.82,403.5,7.36,62885.0,True,NASA_CDAWEB_OMNI_HRO_1MIN,False
2024-11-26 01:17:00,,,,,,,,,,,False,False,,,,,,,,,,False,2.85,-2.16,-3.42,392.9,6.77,63749.0,True,NASA_CDAWEB_OMNI_HRO_1MIN,False
2024-11-26 01:18:00,,,,,,,,,,,False,False,,,,,,,,,,False,3.39,-3.16,-3.98,388.8,6.7,62974.0,True,NASA_CDAWEB_OMNI_HRO_1MIN,False
2024-11-26 01:19:00,,,,,,,,,,,False,False,,,,,,,,,,False,2.94,-2.61,-2.61,390.9,6.57,60795.0,True,NASA_CDAWEB_OMNI_HRO_1MIN,False
2024-11-26 01:20:00,,,,,,,,,,,False,False,,,,,,,,,,False,2.91,-2.11,-2.05,391.6,6.56,60834.0,True,NASA_CDAWEB_OMNI_HRO_1MIN,False
2024-11-26 01:21:00,,,,,,,,,,,False,False,,,,,,,,,,False,3.01,-2.68,-1.85,393.5,6.13,76073.0,True,NASA_CDAWEB_OMNI_HRO_1MIN,False
2024-11-26 01:22:00,,,,,,,,,,,False,False,,,,,,,,,,False,2.83,-2.69,-3.62,395.1,6.22,65967.0,True,NASA_CDAWEB_OMNI_HRO_1MIN,False
2024-11-26 01:23:00,,,,,,,,,,,False,False,,,,,,,,,,False,3.12,-2.78,-3.65,396.7,6.31,55581.0,True,NASA_CDAWEB_OMNI_HRO_1MIN,False
2024-11-26 01:24:00,,,,,,,,,,,False,False,,,,,,,,,,False,2.27,-1.66,-1.9,382.8,5.57,41182.0,True,NASA_CDAWEB_OMNI_HRO_1MIN,False
2024-11-26 01:25:00,,,,,,,,,,,False,False,,,,,,,,,,False,3.15,-2.44,-2.36,383.6,5.74,46547.0,True,NASA_CDAWEB_OMNI_HRO_1MIN,False
2024-11-26 01:26:00,,,,,,,,,,,False,False,,,,,,,,,,False,2.55,-1.11,-2.64,385.8,6.21,61927.0,True,NASA_CDAWEB_OMNI_HRO_1MIN,False
2024-11-26 01:27:00,,,,,,,,,,,False,False,,,,,,,,,,False,2.84,-1.12,-3.77,390.6,6.02,62380.0,True,NASA_CDAWEB_OMNI_HRO_1MIN,False
2024-11-26 01:28:00,,,,,,,,,,,False,False,,,,,,,,,,False,2.68,-1.11,-0.79,390.6,6.02,62379.0,True,NASA_CDAWEB_OMNI_HRO_1MIN,False
2024-11-26 01:29:00,,,,,,,,,,,False,False,,,,,,,,,,False,1.18,-1.3,4.94,392.6,6.26,75405.0,True,NASA_CDAWEB_OMNI_HRO_1MIN,False
2024-11-26 01:30:00,,,,,,,,,,,False,False,,,,,,,,,,False,1.18,-1.3,4.94,393.5,6.38,81487.0,True,NASA_CDAWEB_OMNI_HRO_1MIN,False
2024-11-26 01:31:00,,,,,,,,,,,False,False,,,,,,,,,,False,1.84,-0.85,4.6,393.5,6.38,81487.0,True,NASA_CDAWEB_OMNI_HRO_1MIN,False
2024-11-26 01:32:00,,,,,,,,,,,False,False,,,,,,,,,,False,1.69,-0.66,4.87,,,,False,NASA_CDAWEB_OMNI_HRO_1MIN,False
2024-11-26 01:33:00,,,,,,,,,,,False,False,,,,,,,,,,False,1.7,-0.63,5.0,,,,False,NASA_CDAWEB_OMNI_HRO_1MIN,False
2024-11-26 01:34:00,,,,,,,,,,,False,False,,,,,,,,,,False,,,,,,,False,NASA_CDAWEB_OMNI_HRO_1MIN,False
2024-11-26 01:35:00,,,,,,,,,,,False,False,,,,,,,,,,False,2.14,-0.84,4.78,,,,False,NASA_CDAWEB_OMNI_HRO_1MIN,False
2024-11-26 01:36:00,,,,,,,,,,,False,False,,,,,,,,,,False,2.53,-1.1,4.68,,,,False,NASA_CDAWEB_OMNI_HRO_1MIN,False
2024-11-26 01:37:00,,,,,,,,,,,False,False,,,,,,,,,,False,3.25,-1.43,4.03,385.5,5.94,71760.0,True,NASA_CDAWEB_OMNI_HRO_1MIN,False
2024-11-26 01:38:00,,,,,,,,,,,False,False,,,,,,,,,,False,2.64,-0.82,4.42,385.5,5.94,71760.0,True,NASA_CDAWEB_OMNI_HRO_1MIN,False
2024-11-26 01:39:00,,,,,,,,,,,False,False,,,,,,,,,,False,2.65,-0.87,4.46,385.5,5.94,71760.0,True,NASA_CDAWEB_OMNI_HRO_1MIN,False
2024-11-26 01:40:00,,,,,,,,,,,False,False,,,,,,,,,,False,2.67,-1.06,4.61,,,,False,NASA_CDAWEB_OMNI_HRO_1MIN,False
2024-11-26 01:41:00,,,,,,,,,,,False,False,,,,,,,,,,False,2.72,-1.05,4.59,,,,False,NASA_CDAWEB_OMNI_HRO_1MIN,False
2024-11-26 01:42:00,,,,,,,,,,,False,False,,,,,,,,,,False,2.73,-1.28,4.49,,,,False,NASA_CDAWEB_OMNI_HRO_1MIN,False
2024-11-26 01:43:00,,,,,,,,,,,False,False,,,,,,,,,,False,3.4,-2.37,3.58,,,,False,NASA_CDAWEB_OMNI_HRO_1MIN,False
2024-11-26 01:44:00,,,,,,,,,,,False,False,,,,,,,,,,False,3.61,-2.1,3.43,,,,False,NASA_CDAWEB_OMNI_HRO_1MIN,False
2024-11-26 01:45:00,,,,,,,,,,,False,False,,,,,,,,,,False,3.33,2.42,3.35,,,,False,NASA_CDAWEB_OMNI_HRO_1MIN,False
2024-11-26 01:46:00,,,,,,,,,,,False,False,,,,,,,,,,False,3.51,1.68,3.51,,,,False,NASA_CDAWEB_OMNI_HRO_1MIN,False
2024-11-26 01:47:00,,,,,,,,,,,False,False,,,,,,,,,,False,4.01,-0.37,3.96,,,,False,NASA_CDAWEB_OMNI_HRO_1MIN,False
2024-11-26 01:48:00,,,,,,,,,,,False,False,,,,,,,,,,False,3.68,-0.44,4.29,,,,False,NASA_CDAWEB_OMNI_HRO_1MIN,False
2024-11-26 01:49:00,,,,,,,,,,,False,False,,,,,,,,,,False,3.69,-0.18,4.39,,,,False,NASA_CDAWEB_OMNI_HRO_1MIN,False
2024-11-26 01:50:00,,,,,,,,,,,False,False,,,,,,,,,,False,3.49,0.58,4.53,,,,False,NASA_CDAWEB_OMNI_HRO_1MIN,False
2024-11-26 01:51:00,,,,,,,,,,,False,False,,,,,,,,,,False,3.49,0.32,4.55,,,,False,NASA_CDAWEB_OMNI_HRO_1MIN,False
2024-11-26 01:52:00,,,,,,,,,,,False,False,,,,,,,,,,False,3.57,0.5,4.46,,,,False,NASA_CDAWEB_OMNI_HRO_1MIN,False
2024-11-26 01:53:00,,,,,,,,,,,False,False,,,,,,,,,,False,3.56,0.23,4.47,382.3,6.28,77150.0,True,NASA_CDAWEB_OMNI_HRO_1MIN,False
2024-11-26 01:54:00,,,,,,,,,,,False,False,,,,,,,,,,False,3.48,-0.25,4.57,382.3,6.28,77150.0,True,NASA_CDAWEB_OMNI_HRO_1MIN,False
2024-11-26 01:55:00,,,,,,,,,,,False,False,,,,,,,,,,False,3.57,-0.58,4.42,382.3,6.28,77150.0,True,NASA_CDAWEB_OMNI_HRO_1MIN,False
2024-11-26 01:56:00,,,,,,,,,,,False,False,,,,,,,,,,False,3.57,-0.61,4.41,,,,False,NASA_CDAWEB_OMNI_HRO_1MIN,False
2024-11-26 01:57:00,,,,,,,,,,,False,False,,,,,,,,,,False,3.38,-0.85,4.51,,,,False,NASA_CDAWEB_OMNI_HRO_1MIN,False
2024-11-26 01:58:00,,,,,,,,,,,False,False,,,,,,,,,,False,3.27,-1.23,4.56,,,,False,NASA_CDAWEB_OMNI_HRO_1MIN,False
2024-11-26 01:59:00,,,,,,,,,,,False,False,,,,,,,,,,False,2.95,-1.53,4.68,,,,False,NASA_CDAWEB_OMNI_HRO_1MIN,False
2024-11-26 02:00:00,,,,,,,,,,,False,False,,,,,,,,,,False,2.71,-1.65,4.82,,,,False,NASA_CDAWEB_OMNI_HRO_1MIN,False
2024-11-26 02:01:00,,,,,,,,,,,False,False,,,,,,,,,,False,2.91,-1.55,4.72,,,,False,NASA_CDAWEB_OMNI_HRO_1MIN,False
2024-11-26 02:02:00,,,,,,,,,,,False,False,,,,,,,,,,False,3.3,-1.3,4.56,,,,False,NASA_CDAWEB_OMNI_HRO_1MIN,False
2024-11-26 02:03:00,,,,,,,,,,,False,False,,,,,,,,,,False,3.46,-2.01,4.1,379.7,6.82,89863.0,True,NASA_CDAWEB_OMNI_HRO_1MIN,False
2024-11-26 02:04:00,,,,,,,,,,,False,False,,,,,,,,,,False,3.19,-2.2,4.08,379.7,6.82,89863.0,True,NASA_CDAWEB_OMNI_HRO_1MIN,False
2024-11-26 02:05:00,,,,,,,,,,,False,False,,,,,,,,,,False,3.8,-1.25,4.2,381.0,6.78,80200.0,True,NASA_CDAWEB_OMNI_HRO_1MIN,False
2024-11-26 02:06:00,,,,,,,,,,,False,False,,,,,,,,,,False,3.65,-1.42,4.41,381.5,6.6,80263.0,True,NASA_CDAWEB_OMNI_HRO_1MIN,False
2024-11-26 02:07:00,,,,,,,,,,,False,False,,,,,,,,,,False,4.04,-1.02,4.14,377.8,6.51,77373.0,True,NASA_CDAWEB_OMNI_HRO_1MIN,False
2024-11-26 02:08:00,,,,,,,,,,,False,False,,,,,,,,,,False,4.22,-0.73,4.01,377.2,6.43,79495.0,True,NASA_CDAWEB_OMNI_HRO_1MIN,False
2024-11-26 02:09:00,,,,,,,,,,,False,False,,,,,,,,,,False,4.01,-1.89,3.95,376.2,6.28,81661.0,True,NASA_CDAWEB_OMNI_HRO_1MIN,False
2024-11-26 02:10:00,,,,,,,,,,,False,False,,,,,,,,,,False,4.23,-2.0,3.66,,,,False,NASA_CDAWEB_OMNI_HRO_1MIN,False
2024-11-26 02:11:00,,,,,,,,,,,False,False,,,,,,,,,,False,4.4,-1.84,3.76,,,,False,NASA_CDAWEB_OMNI_HRO_1MIN,False
2024-11-26 02:12:00,,,,,,,,,,,False,False,,,,,,,,,,False,4.51,-1.64,3.79,,,,False,NASA_CDAWEB_OMNI_HRO_1MIN,False
2024-11-26 02:13:00,,,,,,,,,,,False,False,,,,,,,,,,False,4.69,-0.98,3.58,,,,False,NASA_CDAWEB_OMNI_HRO_1MIN,False
2024-11-26 02:14:00,,,,,,,,,,,False,False,,,,,,,,,,False,4.51,-1.89,3.52,371.5,6.96,79896.0,True,NASA_CDAWEB_OMNI_HRO_1MIN,False
2024-11-26 02:15:00,,,,,,,,,,,False,False,,,,,,,,,,False,4.32,-2.76,3.03,371.5,6.96,79896.0,True,NASA_CDAWEB_OMNI_HRO_1MIN,False
2024-11-26 02:16:00,,,,,,,,,,,False,False,,,,,,,,,,False,4.25,-3.08,2.88,371.5,6.96,79896.0,True,NASA_CDAWEB_OMNI_HRO_1MIN,False
2024-11-26 02:17:00,,,,,,,,,,,False,False,,,,,,,,,,False,3.58,-3.32,3.27,,,,False,NASA_CDAWEB_OMNI_HRO_1MIN,False
2024-11-26 02:18:00,,,,,,,,,,,False,False,,,,,,,,,,False,3.46,-3.36,3.58,,,,False,NASA_CDAWEB_OMNI_HRO_1MIN,False
2024-11-26 02:19:00,,,,,,,,,,,False,False,,,,,,,,,,False,3.1,-3.54,3.68,,,,False,NASA_CDAWEB_OMNI_HRO_1MIN,False
2024-11-26 02:20:00,,,,,,,,,,,False,False,,,,,,,,,,False,3.22,-3.64,3.51,381.5,6.48,68709.0,True,NASA_CDAWEB_OMNI_HRO_1MIN,False
2024-11-26 02:21:00,,,,,,,,,,,False,False,,,,,,,,,,False,3.49,-3.86,3.11,381.5,6.48,68709.0,True,NASA_CDAWEB_OMNI_HRO_1MIN,False
2024-11-26 02:22:00,,,,,,,,,,,False,False,,,,,,,,,,False,3.34,-3.85,3.26,381.5,6.48,68709.0,True,NASA_CDAWEB_OMNI_HRO_1MIN,False
2024-11-26 02:23:00,,,,,,,,,,,False,False,,,,,,,,,,False,3.38,-3.57,3.47,,,,False,NASA_CDAWEB_OMNI_HRO_1MIN,False
2024-11-26 02:24:00,,,,,,,,,,,False,False,,,,,,,,,,False,3.5,-3.56,3.29,,,,False,NASA_CDAWEB_OMNI_HRO_1MIN,False
2024-11-26 02:25:00,,,,,,,,,,,False,False,,,,,,,,,,False,3.11,-3.64,3.49,,,,False,NASA_CDAWEB_OMNI_HRO_1MIN,False
2024-11-26 02:26:00,,,,,,,,,,,False,False,,,,,,,,,,False,3.4,-3.52,3.37,378.7,6.67,82110.0,True,NASA_CDAWEB_OMNI_HRO_1MIN,False
2024-11-26 02:27:00,,,,,,,,,,,False,False,,,,,,,,,,False,3.77,-3.79,2.54,378.7,6.67,82110.0,True,NASA_CDAWEB_OMNI_HRO_1MIN,False
2024-11-26 02:28:00,,,,,,,,,,,False,False,,,,,,,,,,False,4.04,-3.87,2.11,378.7,6.67,82110.0,True,NASA_CDAWEB_OMNI_HRO_1MIN,False
2024-11-26 02:29:00,,,,,,,,,,,False,False,,,,,,,,,,False,4.5,-3.49,1.9,373.1,6.37,61219.0,True,NASA_CDAWEB_OMNI_HRO_1MIN,False
2024-11-26 02:30:00,,,,,,,,,,,False,False,,,,,,,,,,False,3.98,-4.39,0.58,373.1,6.37,61219.0,True,NASA_CDAWEB_OMNI_HRO_1MIN,False
2024-11-26 02:31:00,,,,,,,,,,,False,False,,,,,,,,,,False,4.28,-3.98,1.36,375.9,6.38,86034.0,True,NASA_CDAWEB_OMNI_HRO_1MIN,False
2024-11-26 02:32:00,,,,,,,,,,,False,False,,,,,,,,,,False,4.52,-3.77,1.5,375.9,6.38,86034.0,True,NASA_CDAWEB_OMNI_HRO_1MIN,False
2024-11-26 02:33:00,,,,,,,,,,,False,False,,,,,,,,,,False,4.62,-3.52,1.66,375.9,6.38,86034.0,True,NASA_CDAWEB_OMNI_HRO_1MIN,False
2024-11-26 02:34:00,,,,,,,,,,,False,False,,,,,,,,,,False,4.59,-2.72,2.87,,,,False,NASA_CDAWEB_OMNI_HRO_1MIN,False
2024-11-26 02:35:00,,,,,,,,,,,False,False,,,,,,,,,,False,4.53,-3.14,2.63,,,,False,NASA_CDAWEB_OMNI_HRO_1MIN,False
2024-11-26 02:36:00,,,,,,,,,,,False,False,,,,,,,,,,False,4.52,-3.22,2.44,,,,False,NASA_CDAWEB_OMNI_HRO_1MIN,False
2024-11-26 02:37:00,,,,,,,,,,,False,False,,,,,,,,,,False,4.89,-2.67,2.48,,,,False,NASA_CDAWEB_OMNI_HRO_1MIN,False
2024-11-26 02:38:00,,,,,,,,,,,False,False,,,,,,,,,,False,5.18,-2.52,1.99,,,,False,NASA_CDAWEB_OMNI_HRO_1MIN,False
2024-11-26 02:39:00,,,,,,,,,,,False,False,,,,,,,,,,False,5.13,-2.19,2.52,,,,False,NASA_CDAWEB_OMNI_HRO_1MIN,False
2024-11-26 02:40:00,,,,,,,,,,,False,False,,,,,,,,,,False,5.15,-1.32,2.7,,,,False,NASA_CDAWEB_OMNI_HRO_1MIN,False
2024-11-26 02:41:00,,,,,,,,,,,False,False,,,,,,,,,,False,5.03,-2.19,2.75,,,,False,NASA_CDAWEB_OMNI_HRO_1MIN,False
2024-11-26 02:42:00,,,,,,,,,,,False,False,,,,,,,,,,False,4.93,-2.18,2.75,,,,False,NASA_CDAWEB_OMNI_HRO_1MIN,False
2024-11-26 02:43:00,,,,,,,,,,,False,False,,,,,,,,,,False,4.85,-1.64,2.94,,,,False,NASA_CDAWEB_OMNI_HRO_1MIN,False
2024-11-26 02:44:00,,,,,,,,,,,False,False,,,,,,,,,,False,4.3,-2.44,3.41,,,,False,NASA_CDAWEB_OMNI_HRO_1MIN,False
2024-11-26 02:45:00,,,,,,,,,,,False,False,,,,,,,,,,False,4.35,-2.44,3.34,,,,False,NASA_CDAWEB_OMNI_HRO_1MIN,False
2024-11-26 02:46:00,,,,,,,,,,,False,False,,,,,,,,,,False,4.23,-2.41,3.46,,,,False,NASA_CDAWEB_OMNI_HRO_1MIN,False
2024-11-26 02:47:00,,,,,,,,,,,False,False,,,,,,,,,,False,0.44,-2.34,3.4,405.0,6.33,59908.0,True,NASA_CDAWEB_OMNI_HRO_1MIN,False
2024-11-26 02:48:00,,,,,,,,,,,False,False,,,,,,,,,,False,1.23,-4.18,2.07,406.2,6.34,60972.0,True,NASA_CDAWEB_OMNI_HRO_1MIN,False
2024-11-26 02:49:00,,,,,,,,,,,False,False,,,,,,,,,,False,1.48,-3.56,1.01,389.7,7.4,76323.0,True,NASA_CDAWEB_OMNI_HRO_1MIN,False
2024-11-26 02:50:00,,,,,,,,,,,False,False,,,,,,,,,,False,2.15,-3.59,1.66,389.2,6.75,70223.0,True,NASA_CDAWEB_OMNI_HRO_1MIN,False
2024-11-26 02:51:00,,,,,,,,,,,False,False,,,,,,,,,,False,2.85,-3.34,2.37,379.6,6.39,76786.0,True,NASA_CDAWEB_OMNI_HRO_1MIN,False
2024-11-26 02:52:00,,,,,,,,,,,False,False,,,,,,,,,,False,3.38,-3.3,1.31,380.5,6.23,75580.0,True,NASA_CDAWEB_OMNI_HRO_1MIN,False
2024-11-26 02:53:00,,,,,,,,,,,False,False,,,,,,,,,,False,2.96,-3.29,0.97,379.0,6.67,72946.0,True,NASA_CDAWEB_OMNI_HRO_1MIN,False
2024-11-26 02:54:00,,,,,,,,,,,False,False,,,,,,,,,,False,3.26,-3.54,1.26,374.1,6.54,71611.0,True,NASA_CDAWEB_OMNI_HRO_1MIN,False
2024-11-26 02:55:00,,,,,,,,,,,False,False,,,,,,,,,,False,3.89,-3.64,0.34,367.0,7.17,83037.0,True,NASA_CDAWEB_OMNI_HRO_1MIN,False
2024-11-26 02:56:00,,,,,,,,,,,False,False,,,,,,,,,,False,3.05,-4.65,-0.6,378.5,6.68,72623.0,True,NASA_CDAWEB_OMNI_HRO_1MIN,False
2024-11-26 02:57:00,,,,,,,,,,,False,False,,,,,,,,,,False,3.1,-4.51,-0.51,380.1,6.66,71549.0,True,NASA_CDAWEB_OMNI_HRO_1MIN,False
2024-11-26 02:58:00,,,,,,,,,,,False,False,,,,,,,,,,False,3.07,-3.52,1.97,,,,False,NASA_CDAWEB_OMNI_HRO_1MIN,False
2024-11-26 02:59:00,,,,,,,,,,,False,False,,,,,,,,,,False,1.47,-5.4,-1.5,388.6,6.82,74834.0,True,NASA_CDAWEB_OMNI_HRO_1MIN,False
2024-11-26 03:00:00,,,,,,,,,,,False,False,,,,,,,,,,False,2.09,-5.16,-0.13,388.6,6.82,74834.0,True,NASA_CDAWEB_OMNI_HRO_1MIN,False
2024-11-26 03:01:00,,,,,,,,,,,False,False,,,,,,,,,,False,2.59,-4.43,0.21,,,,False,NASA_CDAWEB_OMNI_HRO_1MIN,False
2024-11-26 03:02:00,,,,,,,,,,,False,False,,,,,,,,,,False,1.27,-5.25,-2.11,,,,False,NASA_CDAWEB_OMNI_HRO_1MIN,False
2024-11-26 03:03:00,,,,,,,,,,,False,False,,,,,,,,,,False,,,,,,,False,NASA_CDAWEB_OMNI_HRO_1MIN,False
2024-11-26 03:04:00,,,,,,,,,,,False,False,,,,,,,,,,False,1.69,-5.56,-0.08,,,,False,NASA_CDAWEB_OMNI_HRO_1MIN,False
2024-11-26 03:05:00,,,,,,,,,,,False,False,,,,,,,,,,False,,,,,,,False,NASA_CDAWEB_OMNI_HRO_1MIN,False
2024-11-26 03:06:00,,,,,,,,,,,False,False,,,,,,,,,,False,3.09,-3.98,1.2,,,,False,NASA_CDAWEB_OMNI_HRO_1MIN,False
2024-11-26 03:07:00,,,,,,,,,,,False,False,,,,,,,,,,False,1.57,-5.69,-0.81,393.3,5.99,56391.0,True,NASA_CDAWEB_OMNI_HRO_1MIN,False
2024-11-26 03:08:00,,,,,,,,,,,False,False,,,,,,,,,,False,2.99,-4.25,0.89,393.3,5.99,56391.0,True,NASA_CDAWEB_OMNI_HRO_1MIN,False
2024-11-26 03:09:00,,,,,,,,,,,False,False,,,,,,,,,,False,0.49,-5.43,-2.35,,,,False,NASA_CDAWEB_OMNI_HRO_1MIN,False
2024-11-26 03:10:00,,,,,,,,,,,False,False,,,,,,,,,,False,3.24,-3.51,1.55,371.6,7.02,65287.0,True,NASA_CDAWEB_OMNI_HRO_1MIN,False
2024-11-26 03:11:00,,,,,,,,,,,False,False,,,,,,,,,,False,3.42,-3.58,2.24,371.6,7.02,65287.0,True,NASA_CDAWEB_OMNI_HRO_1MIN,False
2024-11-26 03:12:00,,,,,,,,,,,False,False,,,,,,,,,,False,0.55,-5.06,-3.22,,,,False,NASA_CDAWEB_OMNI_HRO_1MIN,False
2024-11-26 03:13:00,,,,,,,,,,,False,False,,,,,,,,,,False,2.91,-2.55,1.13,,,,False,NASA_CDAWEB_OMNI_HRO_1MIN,False
2024-11-26 03:14:00,,,,,,,,,,,False,False,,,,,,,,,,False,1.93,-3.07,-0.07,,,,False,NASA_CDAWEB_OMNI_HRO_1MIN,False
2024-11-26 03:15:00,,,,,,,,,,,False,False,,,,,,,,,,False,0.0,-4.99,-3.41,405.1,6.14,49625.0,True,NASA_CDAWEB_OMNI_HRO_1MIN,False
2024-11-26 03:16:00,,,,,,,,,,,False,False,,,,,,,,,,False,2.01,-3.37,-0.05,405.1,6.14,49625.0,True,NASA_CDAWEB_OMNI_HRO_1MIN,False
2024-11-26 03:17:00,,,,,,,,,,,False,False,,,,,,,,,,False,0.58,-4.18,-2.13,,,,False,NASA_CDAWEB_OMNI_HRO_1MIN,False
2024-11-26 03:18:00,,,,,,,,,,,False,False,,,,,,,,,,False,0.84,-4.72,-2.04,,,,False,NASA_CDAWEB_OMNI_HRO_1MIN,False
2024-11-26 03:19:00,,,,,,,,,,,False,False,,,,,,,,,,False,2.24,-3.32,-0.57,,,,False,NASA_CDAWEB_OMNI_HRO_1MIN,False
2024-11-26 03:20:00,,,,,,,,,,,False,False,,,,,,,,,,False,2.71,-2.27,-0.23,390.7,6.71,58324.0,True,NASA_CDAWEB_OMNI_HRO_1MIN,False
2024-11-26 03:21:00,,,,,,,,,,,False,False,,,,,,,,,,False,5.09,-1.11,2.48,375.5,6.7,59891.0,True,NASA_CDAWEB_OMNI_HRO_1MIN,False
2024-11-26 03:22:00,,,,,,,,,,,False,False,,,,,,,,,,False,4.83,-2.07,2.61,371.6,6.55,58479.0,True,NASA_CDAWEB_OMNI_HRO_1MIN,False
2024-11-26 03:23:00,,,,,,,,,,,False,False,,,,,,,,,,False,4.96,-1.18,2.69,370.7,6.94,65128.0,True,NASA_CDAWEB_OMNI_HRO_1MIN,False
2024-11-26 03:24:00,,,,,,,,,,,False,False,,,,,,,,,,False,5.02,-1.13,2.74,370.7,6.94,65258.0,True,NASA_CDAWEB_OMNI_HRO_1MIN,False
2024-11-26 03:25:00,,,,,,,,,,,False,False,,,,,,,,,,False,5.08,-1.47,2.33,367.9,7.12,76116.0,True,NASA_CDAWEB_OMNI_HRO_1MIN,False
2024-11-26 03:26:00,,,,,,,,,,,False,False,,,,,,,,,,False,2.33,-4.19,-0.39,367.9,7.12,76116.0,True,NASA_CDAWEB_OMNI_HRO_1MIN,False
2024-11-26 03:27:00,,,,,,,,,,,False,False,,,,,,,,,,False,4.75,-2.17,1.94,373.9,7.29,75734.0,True,NASA_CDAWEB_OMNI_HRO_1MIN,False
2024-11-26 03:28:00,,,,,,,,,,,False,False,,,,,,,,,,False,4.69,-2.01,1.5,371.4,7.01,73808.0,True,NASA_CDAWEB_OMNI_HRO_1MIN,False
2024-11-26 03:29:00,,,,,,,,,,,False,False,,,,,,,,,,False,4.66,-2.39,1.33,369.1,6.77,72111.0,True,NASA_CDAWEB_OMNI_HRO_1MIN,False
2024-11-26 03:30:00,,,,,,,,,,,False,False,,,,,,,,,,False,4.8,-2.05,1.68,,,,False,NASA_CDAWEB_OMNI_HRO_1MIN,False
2024-11-26 03:31:00,,,,,,,,,,,False,False,,,,,,,,,,False,5.08,-0.48,2.92,,,,False,NASA_CDAWEB_OMNI_HRO_1MIN,False
2024-11-26 03:32:00,,,,,,,,,,,False,False,,,,,,,,,,False,4.46,-3.85,1.7,,,,False,NASA_CDAWEB_OMNI_HRO_1MIN,False
2024-11-26 03:33:00,,,,,,,,,,,False,False,,,,,,,,,,False,5.13,-1.1,2.74,,,,False,NASA_CDAWEB_OMNI_HRO_1MIN,False
2024-11-26 03:34:00,,,,,,,,,,,False,False,,,,,,,,,,False,4.25,-4.34,1.15,,,,False,NASA_CDAWEB_OMNI_HRO_1MIN,False
2024-11-26 03:35:00,,,,,,,,,,,False,False,,,,,,,,,,False,,,,,,,False,NASA_CDAWEB_OMNI_HRO_1MIN,False
2024-11-26 03:36:00,,,,,,,,,,,False,False,,,,,,,,,,False,4.74,-2.87,1.76,369.1,7.25,62690.0,True,NASA_CDAWEB_OMNI_HRO_1MIN,False
2024-11-26 03:37:00,,,,,,,,,,,False,False,,,,,,,,,,False,5.2,-1.11,2.63,369.1,7.25,62690.0,True,NASA_CDAWEB_OMNI_HRO_1MIN,False
2024-11-26 03:38:00,,,,,,,,,,,False,False,,,,,,,,,,False,4.32,-4.18,0.92,369.1,7.25,62690.0,True,NASA_CDAWEB_OMNI_HRO_1MIN,False
2024-11-26 03:39:00,,,,,,,,,,,False,False,,,,,,,,,,False,,,,,,,False,NASA_CDAWEB_OMNI_HRO_1MIN,False
2024-11-26 03:40:00,,,,,,,,,,,False,False,,,,,,,,,,False,4.48,-3.67,0.73,,,,False,NASA_CDAWEB_OMNI_HRO_1MIN,False
2024-11-26 03:41:00,,,,,,,,,,,False,False,,,,,,,,,,False,,,,371.7,6.98,81976.0,False,NASA_CDAWEB_OMNI_HRO_1MIN,False
2024-11-26 03:42:00,,,,,,,,,,,False,False,,,,,,,,,,False,4.29,-3.76,0.71,371.7,6.98,81976.0,True,NASA_CDAWEB_OMNI_HRO_1MIN,False
2024-11-26 03:43:00,,,,,,,,,,,False,False,,,,,,,,,,False,4.45,-3.73,0.69,371.7,6.98,81976.0,True,NASA_CDAWEB_OMNI_HRO_1MIN,False
2024-11-26 03:44:00,,,,,,,,,,,False,False,,,,,,,,,,False,4.45,-3.71,0.69,,,,False,NASA_CDAWEB_OMNI_HRO_1MIN,False
2024-11-26 03:45:00,,,,,,,,,,,False,False,,,,,,,,,,False,4.45,-3.71,0.69,,,,False,NASA_CDAWEB_OMNI_HRO_1MIN,False
2024-11-26 03:46:00,,,,,,,,,,,False,False,,,,,,,,,,False,4.35,-3.88,0.35,,,,False,NASA_CDAWEB_OMNI_HRO_1MIN,False
2024-11-26 03:47:00,,,,,,,,,,,False,False,,,,,,,,,,False,4.23,-4.21,0.95,,,,False,NASA_CDAWEB_OMNI_HRO_1MIN,False
2024-11-26 03:48:00,,,,,,,,,,,False,False,,,,,,,,,,False,4.23,-4.21,0.95,,,,False,NASA_CDAWEB_OMNI_HRO_1MIN,False
2024-11-26 03:49:00,,,,,,,,,,,False,False,,,,,,,,,,False,4.75,-3.85,0.42,,,,False,NASA_CDAWEB_OMNI_HRO_1MIN,False
2024-11-26 03:50:00,,,,,,,,,,,False,False,,,,,,,,,,False,,,,,,,False,NASA_CDAWEB_OMNI_HRO_1MIN,False
2024-11-26 03:51:00,,,,,,,,,,,False,False,,,,,,,,,,False,5.31,-3.09,-0.14,,,,False,NASA_CDAWEB_OMNI_HRO_1MIN,False
2024-11-26 03:52:00,,,,,,,,,,,False,False,,,,,,,,,,False,,,,,,,False,NASA_CDAWEB_OMNI_HRO_1MIN,False
2024-11-26 03:53:00,,,,,,,,,,,False,False,,,,,,,,,,False,5.41,-2.73,-0.45,369.4,6.71,57617.0,True,NASA_CDAWEB_OMNI_HRO_1MIN,False
2024-11-26 03:54:00,,,,,,,,,,,False,False,,,,,,,,,,False,,,,369.4,6.71,57617.0,False,NASA_CDAWEB_OMNI_HRO_1MIN,False
2024-11-26 03:55:00,,,,,,,,,,,False,False,,,,,,,,,,False,5.58,-2.37,-0.4,,,,False,NASA_CDAWEB_OMNI_HRO_1MIN,False
2024-11-26 03:56:00,,,,,,,,,,,False,False,,,,,,,,,,False,5.42,-2.74,0.33,,,,False,NASA_CDAWEB_OMNI_HRO_1MIN,False
2024-11-26 03:57:00,,,,,,,,,,,False,False,,,,,,,,,,False,5.49,-2.69,-0.13,,,,False,NASA_CDAWEB_OMNI_HRO_1MIN,False
2024-11-26 03:58:00,,,,,,,,,,,False,False,,,,,,,,,,False,1.71,-0.68,3.9,395.9,5.57,52829.0,True,NASA_CDAWEB_OMNI_HRO_1MIN,False
2024-11-26 03:59:00,,,,,,,,,,,False,False,,,,,,,,,,False,1.65,0.28,5.23,395.8,5.6,52858.0,True,NASA_CDAWEB_OMNI_HRO_1MIN,False
2024-11-26 04:00:00,,,,,,,,,,,False,False,,,,,,,,,,False,2.56,-0.63,4.79,393.9,6.52,53882.0,True,NASA_CDAWEB_OMNI_HRO_1MIN,False
2024-11-26 04:01:00,,,,,,,,,,,False,False,,,,,,,,,,False,2.96,-1.19,4.28,393.4,6.77,54160.0,True,NASA_CDAWEB_OMNI_HRO_1MIN,False
2024-11-26 04:02:00,,,,,,,,,,,False,False,,,,,,,,,,False,3.97,-1.89,3.92,,,,False,NASA_CDAWEB_OMNI_HRO_1MIN,False
2024-11-26 04:03:00,,,,,,,,,,,False,False,,,,,,,,,,False,4.19,-2.0,3.79,377.5,6.82,80645.0,True,NASA_CDAWEB_OMNI_HRO_1MIN,False
2024-11-26 04:04:00,,,,,,,,,,,False,False,,,,,,,,,,False,4.42,-2.58,3.2,377.5,6.82,80645.0,True,NASA_CDAWEB_OMNI_HRO_1MIN,False
2024-11-26 04:05:00,,,,,,,,,,,False,False,,,,,,,,,,False,4.66,-2.92,2.6,368.5,6.95,58328.0,True,NASA_CDAWEB_OMNI_HRO_1MIN,False
2024-11-26 04:06:00,,,,,,,,,,,False,False,,,,,,,,,,False,4.13,-3.31,2.95,371.3,6.93,66724.0,True,NASA_CDAWEB_OMNI_HRO_1MIN,False
2024-11-26 04:07:00,,,,,,,,,,,False,False,,,,,,,,,,False,4.74,-2.27,3.14,375.0,6.9,77930.0,True,NASA_CDAWEB_OMNI_HRO_1MIN,False
2024-11-26 04:08:00,,,,,,,,,,,False,False,,,,,,,,,,False,,,,,,,False,NASA_CDAWEB_OMNI_HRO_1MIN,False
2024-11-26 04:09:00,,,,,,,,,,,False,False,,,,,,,,,,False,,,,,,,False,NASA_CDAWEB_OMNI_HRO_1MIN,False
2024-11-26 04:10:00,,,,,,,,,,,False,False,,,,,,,,,,False,4.92,-2.81,2.41,,,,False,NASA_CDAWEB_OMNI_HRO_1MIN,False
2024-11-26 04:11:00,,,,,,,,,,,False,False,,,,,,,,,,False,4.87,-2.79,2.55,,,,False,NASA_CDAWEB_OMNI_HRO_1MIN,False
2024-11-26 04:12:00,,,,,,,,,,,False,False,,,,,,,,,,False,,,,,,,False,NASA_CDAWEB_OMNI_HRO_1MIN,False
2024-11-26 04:13:00,,,,,,,,,,,False,False,,,,,,,,,,False,5.0,-2.82,2.06,370.2,6.51,64179.0,True,NASA_CDAWEB_OMNI_HRO_1MIN,False
2024-11-26 04:14:00,,,,,,,,,,,False,False,,,,,,,,,,False,5.25,-2.33,2.07,370.2,6.51,64179.0,True,NASA_CDAWEB_OMNI_HRO_1MIN,False
2024-11-26 04:15:00,,,,,,,,,,,False,False,,,,,,,,,,False,5.15,-2.75,1.79,,,,False,NASA_CDAWEB_OMNI_HRO_1MIN,False
2024-11-26 04:16:00,,,,,,,,,,,False,False,,,,,,,,,,False,4.9,-3.45,1.49,,,,False,NASA_CDAWEB_OMNI_HRO_1MIN,False
2024-11-26 04:17:00,,,,,,,,,,,False,False,,,,,,,,,,False,4.77,-3.69,1.21,,,,False,NASA_CDAWEB_OMNI_HRO_1MIN,False
2024-11-26 04:18:00,,,,,,,,,,,False,False,,,,,,,,,,False,4.92,-3.4,1.76,370.9,7.39,79896.0,True,NASA_CDAWEB_OMNI_HRO_1MIN,False
2024-11-26 04:19:00,,,,,,,,,,,False,False,,,,,,,,,,False,4.89,-3.39,1.9,370.9,7.39,79896.0,True,NASA_CDAWEB_OMNI_HRO_1MIN,False
2024-11-26 04:20:00,,,,,,,,,,,False,False,,,,,,,,,,False,4.87,-3.42,1.95,,,,False,NASA_CDAWEB_OMNI_HRO_1MIN,False
2024-11-26 04:21:00,,,,,,,,,,,False,False,,,,,,,,,,False,5.12,-3.36,1.24,369.4,7.51,76761.0,True,NASA_CDAWEB_OMNI_HRO_1MIN,False
2024-11-26 04:22:00,,,,,,,,,,,False,False,,,,,,,,,,False,4.85,-3.48,1.85,369.4,7.51,76761.0,True,NASA_CDAWEB_OMNI_HRO_1MIN,False
2024-11-26 04:23:00,,,,,,,,,,,False,False,,,,,,,,,,False,4.76,-3.76,1.6,,,,False,NASA_CDAWEB_OMNI_HRO_1MIN,False
2024-11-26 04:24:00,,,,,,,,,,,False,False,,,,,,,,,,False,4.75,-3.9,1.23,,,,False,NASA_CDAWEB_OMNI_HRO_1MIN,False
2024-11-26 04:25:00,,,,,,,,,,,False,False,,,,,,,,,,False,5.12,-3.5,0.85,369.5,7.25,68824.0,True,NASA_CDAWEB_OMNI_HRO_1MIN,False
2024-11-26 04:26:00,,,,,,,,,,,False,False,,,,,,,,,,False,4.85,-3.88,0.68,369.6,7.25,68837.0,True,NASA_CDAWEB_OMNI_HRO_1MIN,False
2024-11-26 04:27:00,,,,,,,,,,,False,False,,,,,,,,,,False,5.01,-3.5,1.17,,,,False,NASA_CDAWEB_OMNI_HRO_1MIN,False
2024-11-26 04:28:00,,,,,,,,,,,False,False,,,,,,,,,,False,,,,,,,False,NASA_CDAWEB_OMNI_HRO_1MIN,False
2024-11-26 04:29:00,,,,,,,,,,,False,False,,,,,,,,,,False,4.97,-2.96,-0.37,,,,False,NASA_CDAWEB_OMNI_HRO_1MIN,False
2024-11-26 04:30:00,,,,,,,,,,,False,False,,,,,,,,,,False,5.3,-3.13,0.79,,,,False,NASA_CDAWEB_OMNI_HRO_1MIN,False
2024-11-26 04:31:00,,,,,,,,,,,False,False,,,,,,,,,,False,5.6,-2.86,0.52,,,,False,NASA_CDAWEB_OMNI_HRO_1MIN,False
2024-11-26 04:32:00,,,,,,,,,,,False,False,,,,,,,,,,False,5.37,-3.2,0.19,,,,False,NASA_CDAWEB_OMNI_HRO_1MIN,False
2024-11-26 04:33:00,,,,,,,,,,,False,False,,,,,,,,,,False,3.84,-1.9,-3.78,,,,False,NASA_CDAWEB_OMNI_HRO_1MIN,False
2024-11-26 04:34:00,,,,,,,,,,,False,False,,,,,,,,,,False,4.58,-2.66,-2.14,367.5,7.36,55288.0,True,NASA_CDAWEB_OMNI_HRO_1MIN,False
2024-11-26 04:35:00,,,,,,,,,,,False,False,,,,,,,,,,False,4.52,-2.41,-2.44,367.5,7.36,55288.0,True,NASA_CDAWEB_OMNI_HRO_1MIN,False
2024-11-26 04:36:00,,,,,,,,,,,False,False,,,,,,,,,,False,4.95,-2.29,-2.06,370.2,6.83,66265.0,True,NASA_CDAWEB_OMNI_HRO_1MIN,False
2024-11-26 04:37:00,,,,,,,,,,,False,False,,,,,,,,,,False,4.43,-2.19,-2.74,368.4,7.0,67690.0,True,NASA_CDAWEB_OMNI_HRO_1MIN,False
2024-11-26 04:38:00,,,,,,,,,,,False,False,,,,,,,,,,False,4.52,-2.31,-2.74,365.9,7.2,72505.0,True,NASA_CDAWEB_OMNI_HRO_1MIN,False
2024-11-26 04:39:00,,,,,,,,,,,False,False,,,,,,,,,,False,4.42,-3.16,-1.62,369.2,6.5,83856.0,True,NASA_CDAWEB_OMNI_HRO_1MIN,False
2024-11-26 04:40:00,,,,,,,,,,,False,False,,,,,,,,,,False,4.17,-2.27,-3.08,372.4,6.6,83936.0,True,NASA_CDAWEB_OMNI_HRO_1MIN,False
2024-11-26 04:41:00,,,,,,,,,,,False,False,,,,,,,,,,False,4.58,-2.64,-1.74,371.3,6.9,75527.0,True,NASA_CDAWEB_OMNI_HRO_1MIN,False
2024-11-26 04:42:00,,,,,,,,,,,False,False,,,,,,,,,,False,4.43,-2.53,-1.75,373.2,6.76,71196.0,True,NASA_CDAWEB_OMNI_HRO_1MIN,False
2024-11-26 04:43:00,,,,,,,,,,,False,False,,,,,,,,,,False,4.74,-2.22,-2.33,370.1,6.61,64962.0,True,NASA_CDAWEB_OMNI_HRO_1MIN,False
2024-11-26 04:44:00,,,,,,,,,,,False,False,,,,,,,,,,False,5.14,-2.48,-1.28,366.6,6.67,65284.0,True,NASA_CDAWEB_OMNI_HRO_1MIN,False
2024-11-26 04:45:00,,,,,,,,,,,False,False,,,,,,,,,,False,4.04,-2.47,-3.15,361.9,6.78,72436.0,True,NASA_CDAWEB_OMNI_HRO_1MIN,False
2024-11-26 04:46:00,,,,,,,,,,,False,False,,,,,,,,,,False,4.42,-2.05,-3.16,370.5,6.94,75496.0,True,NASA_CDAWEB_OMNI_HRO_1MIN,False
2024-11-26 04:47:00,,,,,,,,,,,False,False,,,,,,,,,,False,3.37,-3.61,-2.29,373.9,6.33,69655.0,True,NASA_CDAWEB_OMNI_HRO_1MIN,False
2024-11-26 04:48:00,,,,,,,,,,,False,False,,,,,,,,,,False,4.67,-2.74,-1.75,378.0,5.88,58954.0,True,NASA_CDAWEB_OMNI_HRO_1MIN,False
2024-11-26 04:49:00,,,,,,,,,,,False,False,,,,,,,,,,False,3.68,-2.72,-3.44,379.8,5.98,61588.0,True,NASA_CDAWEB_OMNI_HRO_1MIN,False
2024-11-26 04:50:00,,,,,,,,,,,False,False,,,,,,,,,,False,4.47,-2.46,-2.59,372.5,6.94,78155.0,True,NASA_CDAWEB_OMNI_HRO_1MIN,False
2024-11-26 04:51:00,,,,,,,,,,,False,False,,,,,,,,,,False,3.68,-2.62,-3.44,373.2,6.88,75213.0,True,NASA_CDAWEB_OMNI_HRO_1MIN,False
2024-11-26 04:52:00,,,,,,,,,,,False,False,,,,,,,,,,False,4.37,-2.37,-2.56,377.7,6.43,73112.0,True,NASA_CDAWEB_OMNI_HRO_1MIN,False
2024-11-26 04:53:00,,,,,,,,,,,False,False,,,,,,,,,,False,4.11,-2.45,-3.07,372.1,6.8,72914.0,True,NASA_CDAWEB_OMNI_HRO_1MIN,False
2024-11-26 04:54:00,,,,,,,,,,,False,False,,,,,,,,,,False,3.34,-1.97,-3.08,378.6,6.54,75176.0,True,NASA_CDAWEB_OMNI_HRO_1MIN,False
2024-11-26 04:55:00,,,,,,,,,,,False,False,,,,,,,,,,False,3.92,-2.49,-3.2,373.4,6.48,80859.0,True,NASA_CDAWEB_OMNI_HRO_1MIN,False
2024-11-26 04:56:00,,,,,,,,,,,False,False,,,,,,,,,,False,4.03,-2.58,-1.66,369.6,6.99,86001.0,True,NASA_CDAWEB_OMNI_HRO_1MIN,False
2024-11-26 04:57:00,,,,,,,,,,,False,False,,,,,,,,,,False,4.87,-1.52,-2.9,363.1,7.31,73639.0,True,NASA_CDAWEB_OMNI_HRO_1MIN,False
2024-11-26 04:58:00,,,,,,,,,,,False,False,,,,,,,,,,False,3.89,-2.64,-1.93,365.2,6.89,64218.0,True,NASA_CDAWEB_OMNI_HRO_1MIN,False
2024-11-26 04:59:00,,,,,,,,,,,False,False,,,,,,,,,,False,4.17,-1.54,-3.44,364.9,6.62,66280.0,True,NASA_CDAWEB_OMNI_HRO_1MIN,False
2024-11-26 05:00:00,,,,,,,,,,,False,False,,,,,,,,,,False,3.91,-2.77,-0.74,366.0,6.27,70368.0,True,NASA_CDAWEB_OMNI_HRO_1MIN,False
2024-11-26 05:01:00,,,,,,,,,,,False,False,,,,,,,,,,False,3.72,-4.04,-0.37,372.3,6.78,72660.0,True,NASA_CDAWEB_OMNI_HRO_1MIN,False
2024-11-26 05:02:00,,,,,,,,,,,False,False,,,,,,,,,,False,3.83,-3.27,-2.42,373.5,6.88,73100.0,True,NASA_CDAWEB_OMNI_HRO_1MIN,False
2024-11-26 05:03:00,,,,,,,,,,,False,False,,,,,,,,,,False,3.99,-2.1,-3.6,,,,False,NASA_CDAWEB_OMNI_HRO_1MIN,False
2024-11-26 05:04:00,,,,,,,,,,,False,False,,,,,,,,,,False,3.68,-2.42,-3.56,,,,False,NASA_CDAWEB_OMNI_HRO_1MIN,False
2024-11-26 05:05:00,,,,,,,,,,,False,False,,,,,,,,,,False,4.09,-2.4,-3.21,376.1,6.37,55178.0,True,NASA_CDAWEB_OMNI_HRO_1MIN,False
2024-11-26 05:06:00,,,,,,,,,,,False,False,,,,,,,,,,False,3.41,-2.61,-3.71,376.1,6.37,55178.0,True,NASA_CDAWEB_OMNI_HRO_1MIN,False
2024-11-26 05:07:00,,,,,,,,,,,False,False,,,,,,,,,,False,4.48,-2.42,-1.62,,,,False,NASA_CDAWEB_OMNI_HRO_1MIN,False
2024-11-26 05:08:00,,,,,,,,,,,False,False,,,,,,,,,,False,4.72,-2.48,-0.53,,,,False,NASA_CDAWEB_OMNI_HRO_1MIN,False
2024-11-26 05:09:00,,,,,,,,,,,False,False,,,,,,,,,,False,4.84,-2.06,-1.9,367.4,6.93,68186.0,True,NASA_CDAWEB_OMNI_HRO_1MIN,False
2024-11-26 05:10:00,,,,,,,,,,,False,False,,,,,,,,,,False,4.54,-2.67,-2.22,366.5,6.9,66940.0,True,NASA_CDAWEB_OMNI_HRO_1MIN,False
2024-11-26 05:11:00,,,,,,,,,,,False,False,,,,,,,,,,False,4.0,-3.34,-2.19,,,,False,NASA_CDAWEB_OMNI_HRO_1MIN,False
2024-11-26 05:12:00,,,,,,,,,,,False,False,,,,,,,,,,False,3.65,-2.98,-2.98,,,,False,NASA_CDAWEB_OMNI_HRO_1MIN,False
2024-11-26 05:13:00,,,,,,,,,,,False,False,,,,,,,,,,False,3.65,-3.27,-2.69,,,,False,NASA_CDAWEB_OMNI_HRO_1MIN,False
2024-11-26 05:14:00,,,,,,,,,,,False,False,,,,,,,,,,False,4.42,-1.6,-3.69,,,,False,NASA_CDAWEB_OMNI_HRO_1MIN,False
2024-11-26 05:15:00,,,,,,,,,,,False,False,,,,,,,,,,False,4.5,-2.26,-2.72,370.5,5.67,61373.0,True,NASA_CDAWEB_OMNI_HRO_1MIN,False
2024-11-26 05:16:00,,,,,,,,,,,False,False,,,,,,,,,,False,,,,370.5,5.67,61373.0,False,NASA_CDAWEB_OMNI_HRO_1MIN,False
2024-11-26 05:17:00,,,,,,,,,,,False,False,,,,,,,,,,False,4.58,-1.73,-3.4,,,,False,NASA_CDAWEB_OMNI_HRO_1MIN,False
2024-11-26 05:18:00,,,,,,,,,,,False,False,,,,,,,,,,False,5.08,-2.26,-1.18,,,,False,NASA_CDAWEB_OMNI_HRO_1MIN,False
2024-11-26 05:19:00,,,,,,,,,,,False,False,,,,,,,,,,False,4.35,-1.72,-3.71,,,,False,NASA_CDAWEB_OMNI_HRO_1MIN,False
2024-11-26 05:20:00,,,,,,,,,,,False,False,,,,,,,,,,False,4.35,-1.73,-3.79,371.1,7.08,71012.0,True,NASA_CDAWEB_OMNI_HRO_1MIN,False
2024-11-26 05:21:00,,,,,,,,,,,False,False,,,,,,,,,,False,,,,371.1,7.08,71012.0,False,NASA_CDAWEB_OMNI_HRO_1MIN,False
2024-11-26 05:22:00,,,,,,,,,,,False,False,,,,,,,,,,False,5.2,-1.81,-0.93,371.1,7.08,71012.0,True,NASA_CDAWEB_OMNI_HRO_1MIN,False
2024-11-26 05:23:00,,,,,,,,,,,False,False,,,,,,,,,,False,,,,,,,False,NASA_CDAWEB_OMNI_HRO_1MIN,False
2024-11-26 05:24:00,,,,,,,,,,,False,False,,,,,,,,,,False,,,,,,,False,NASA_CDAWEB_OMNI_HRO_1MIN,False
2024-11-26 05:25:00,,,,,,,,,,,False,False,,,,,,,,,,False,,,,,,,False,NASA_CDAWEB_OMNI_HRO_1MIN,False
2024-11-26 05:26:00,,,,,,,,,,,False,False,,,,,,,,,,False,5.53,-1.28,-0.3,,,,False,NASA_CDAWEB_OMNI_HRO_1MIN,False
2024-11-26 05:27:00,,,,,,,,,,,False,False,,,,,,,,,,False,,,,,,,False,NASA_CDAWEB_OMNI_HRO_1MIN,False
2024-11-26 05:28:00,,,,,,,,,,,False,False,,,,,,,,,,False,,,,,,,False,NASA_CDAWEB_OMNI_HRO_1MIN,False
2024-11-26 05:29:00,,,,,,,,,,,False,False,,,,,,,,,,False,,,,,,,False,NASA_CDAWEB_OMNI_HRO_1MIN,False
2024-11-26 05:30:00,,,,,,,,,,,False,False,,,,,,,,,,False,5.64,-0.87,-0.09,,,,False,NASA_CDAWEB_OMNI_HRO_1MIN,False
2024-11-26 05:31:00,,,,,,,,,,,False,False,,,,,,,,,,False,,,,,,,False,NASA_CDAWEB_OMNI_HRO_1MIN,False
2024-11-26 05:32:00,,,,,,,,,,,False,False,,,,,,,,,,False,,,,,,,False,NASA_CDAWEB_OMNI_HRO_1MIN,False
2024-11-26 05:33:00,,,,,,,,,,,False,False,,,,,,,,,,False,,,,,,,False,NASA_CDAWEB_OMNI_HRO_1MIN,False
2024-11-26 05:34:00,,,,,,,,,,,False,False,,,,,,,,,,False,5.01,-1.92,-1.4,,,,False,NASA_CDAWEB_OMNI_HRO_1MIN,False
2024-11-26 05:35:00,,,,,,,,,,,False,False,,,,,,,,,,False,,,,,,,False,NASA_CDAWEB_OMNI_HRO_1MIN,False
2024-11-26 05:36:00,,,,,,,,,,,False,False,,,,,,,,,,False,,,,,,,False,NASA_CDAWEB_OMNI_HRO_1MIN,False
2024-11-26 05:37:00,,,,,,,,,,,False,False,,,,,,,,,,False,,,,,,,False,NASA_CDAWEB_OMNI_HRO_1MIN,False
2024-11-26 05:38:00,,,,,,,,,,,False,False,,,,,,,,,,False,,,,,,,False,NASA_CDAWEB_OMNI_HRO_1MIN,False
2024-11-26 05:39:00,,,,,,,,,,,False,False,,,,,,,,,,False,5.11,-1.92,-1.06,360.3,6.96,63746.0,True,NASA_CDAWEB_OMNI_HRO_1MIN,False
2024-11-26 05:40:00,,,,,,,,,,,False,False,,,,,,,,,,False,5.42,-1.45,-0.15,360.3,6.96,63746.0,True,NASA_CDAWEB_OMNI_HRO_1MIN,False
2024-11-26 05:41:00,,,,,,,,,,,False,False,,,,,,,,,,False,4.55,-2.01,-2.96,,,,False,NASA_CDAWEB_OMNI_HRO_1MIN,False
2024-11-26 05:42:00,,,,,,,,,,,False,False,,,,,,,,,,False,4.87,-2.02,-1.74,,,,False,NASA_CDAWEB_OMNI_HRO_1MIN,False
2024-11-26 05:43:00,,,,,,,,,,,False,False,,,,,,,,,,False,4.57,-2.38,-2.36,,,,False,NASA_CDAWEB_OMNI_HRO_1MIN,False
2024-11-26 05:44:00,,,,,,,,,,,False,False,,,,,,,,,,False,4.87,-2.33,-1.38,,,,False,NASA_CDAWEB_OMNI_HRO_1MIN,False
2024-11-26 05:45:00,,,,,,,,,,,False,False,,,,,,,,,,False,4.35,-2.7,-2.03,,,,False,NASA_CDAWEB_OMNI_HRO_1MIN,False
2024-11-26 05:46:00,,,,,,,,,,,False,False,,,,,,,,,,False,5.35,-1.37,1.4,355.7,6.51,64376.0,True,NASA_CDAWEB_OMNI_HRO_1MIN,False
2024-11-26 05:47:00,,,,,,,,,,,False,False,,,,,,,,,,False,4.86,-2.27,0.14,355.9,6.51,64569.0,True,NASA_CDAWEB_OMNI_HRO_1MIN,False
2024-11-26 05:48:00,,,,,,,,,,,False,False,,,,,,,,,,False,3.81,-2.92,-2.82,365.5,6.66,73864.0,True,NASA_CDAWEB_OMNI_HRO_1MIN,False
2024-11-26 05:49:00,,,,,,,,,,,False,False,,,,,,,,,,False,4.05,-3.14,-2.0,368.2,6.7,71550.0,True,NASA_CDAWEB_OMNI_HRO_1MIN,False
2024-11-26 05:50:00,,,,,,,,,,,False,False,,,,,,,,,,False,4.02,-2.97,-2.02,361.5,6.35,59732.0,True,NASA_CDAWEB_OMNI_HRO_1MIN,False
2024-11-26 05:51:00,,,,,,,,,,,False,False,,,,,,,,,,False,4.07,-2.69,-0.91,368.3,6.1,59252.0,True,NASA_CDAWEB_OMNI_HRO_1MIN,False
2024-11-26 05:52:00,,,,,,,,,,,False,False,,,,,,,,,,False,4.37,-2.5,-0.88,366.7,6.19,67795.0,True,NASA_CDAWEB_OMNI_HRO_1MIN,False
2024-11-26 05:53:00,,,,,,,,,,,False,False,,,,,,,,,,False,4.58,-1.72,0.39,362.6,6.17,64395.0,True,NASA_CDAWEB_OMNI_HRO_1MIN,False
2024-11-26 05:54:00,,,,,,,,,,,False,False,,,,,,,,,,False,4.36,-2.19,-0.22,363.5,6.3,61754.0,True,NASA_CDAWEB_OMNI_HRO_1MIN,False
2024-11-26 05:55:00,,,,,,,,,,,False,False,,,,,,,,,,False,4.7,-2.31,0.05,362.6,6.56,62549.0,True,NASA_CDAWEB_OMNI_HRO_1MIN,False
2024-11-26 05:56:00,,,,,,,,,,,False,False,,,,,,,,,,False,5.02,-1.86,0.95,359.4,6.54,60943.0,True,NASA_CDAWEB_OMNI_HRO_1MIN,False
2024-11-26 05:57:00,,,,,,,,,,,False,False,,,,,,,,,,False,4.75,-1.85,0.68,359.8,6.56,65385.0,True,NASA_CDAWEB_OMNI_HRO_1MIN,False
2024-11-26 05:58:00,,,,,,,,,,,False,False,,,,,,,,,,False,4.7,-2.15,-0.08,366.9,5.93,64003.0,True,NASA_CDAWEB_OMNI_HRO_1MIN,False
2024-11-26 05:59:00,,,,,,,,,,,False,False,,,,,,,,,,False,4.95,-1.67,1.12,362.1,6.12,56428.0,True,NASA_CDAWEB_OMNI_HRO_1MIN,False
2024-11-26 06:00:00,,,,,,,,,,,False,False,,,,,,,,,,False,4.8,-1.67,0.46,363.2,6.54,64207.0,True,NASA_CDAWEB_OMNI_HRO_1MIN,False
2024-11-26 06:01:00,,,,,,,,,,,False,False,,,,,,,,,,False,4.81,-1.49,0.45,358.2,6.3,50680.0,True,NASA_CDAWEB_OMNI_HRO_1MIN,False
2024-11-26 06:02:00,,,,,,,,,,,False,False,,,,,,,,,,False,5.07,-1.07,1.53,359.0,6.73,71829.0,True,NASA_CDAWEB_OMNI_HRO_1MIN,False
2024-11-26 06:03:00,,,,,,,,,,,False,False,,,,,,,,,,False,4.45,-2.55,-0.19,358.7,6.64,70666.0,True,NASA_CDAWEB_OMNI_HRO_1MIN,False
2024-11-26 06:04:00,,,,,,,,,,,False,False,,,,,,,,,,False,4.29,-3.05,-1.53,363.0,6.57,72285.0,True,NASA_CDAWEB_OMNI_HRO_1MIN,False
2024-11-26 06:05:00,,,,,,,,,,,False,False,,,,,,,,,,False,4.35,-3.03,-0.05,364.1,6.67,72689.0,True,NASA_CDAWEB_OMNI_HRO_1MIN,False
2024-11-26 06:06:00,,,,,,,,,,,False,False,,,,,,,,,,False,4.0,-3.27,-0.21,362.5,6.5,67383.0,True,NASA_CDAWEB_OMNI_HRO_1MIN,False
2024-11-26 06:07:00,,,,,,,,,,,False,False,,,,,,,,,,False,4.37,-3.08,0.3,360.6,6.47,63675.0,True,NASA_CDAWEB_OMNI_HRO_1MIN,False
2024-11-26 06:08:00,,,,,,,,,,,False,False,,,,,,,,,,False,4.49,-2.74,0.77,360.1,6.71,55035.0,True,NASA_CDAWEB_OMNI_HRO_1MIN,False
2024-11-26 06:09:00,,,,,,,,,,,False,False,,,,,,,,,,False,4.6,-2.54,0.25,366.2,6.49,66030.0,True,NASA_CDAWEB_OMNI_HRO_1MIN,False
2024-11-26 06:10:00,,,,,,,,,,,False,False,,,,,,,,,,False,4.71,-2.4,0.16,366.3,6.47,66405.0,True,NASA_CDAWEB_OMNI_HRO_1MIN,False
2024-11-26 06:11:00,,,,,,,,,,,False,False,,,,,,,,,,False,4.48,-2.61,-0.27,355.0,6.19,52972.0,True,NASA_CDAWEB_OMNI_HRO_1MIN,False
2024-11-26 06:12:00,,,,,,,,,,,False,False,,,,,,,,,,False,4.83,-2.4,0.36,355.0,6.19,52942.0,True,NASA_CDAWEB_OMNI_HRO_1MIN,False
2024-11-26 06:13:00,,,,,,,,,,,False,False,,,,,,,,,,False,5.21,-1.87,0.76,352.2,6.38,53115.0,True,NASA_CDAWEB_OMNI_HRO_1MIN,False
2024-11-26 06:14:00,,,,,,,,,,,False,False,,,,,,,,,,False,4.57,-2.64,1.15,354.0,6.34,56172.0,True,NASA_CDAWEB_OMNI_HRO_1MIN,False
2024-11-26 06:15:00,,,,,,,,,,,False,False,,,,,,,,,,False,4.91,-2.49,-0.06,358.2,6.32,64830.0,True,NASA_CDAWEB_OMNI_HRO_1MIN,False
2024-11-26 06:16:00,,,,,,,,,,,False,False,,,,,,,,,,False,5.06,-2.42,0.78,358.8,6.43,71446.0,True,NASA_CDAWEB_OMNI_HRO_1MIN,False
2024-11-26 06:17:00,,,,,,,,,,,False,False,,,,,,,,,,False,5.06,-2.24,0.8,355.4,6.62,69692.0,True,NASA_CDAWEB_OMNI_HRO_1MIN,False
2024-11-26 06:18:00,,,,,,,,,,,False,False,,,,,,,,,,False,5.13,-2.12,1.15,352.4,6.62,83076.0,True,NASA_CDAWEB_OMNI_HRO_1MIN,False
2024-11-26 06:19:00,,,,,,,,,,,False,False,,,,,,,,,,False,4.66,-2.86,0.56,352.1,6.6,84399.0,True,NASA_CDAWEB_OMNI_HRO_1MIN,False
2024-11-26 06:20:00,,,,,,,,,,,False,False,,,,,,,,,,False,5.0,-1.9,1.9,,,,False,NASA_CDAWEB_OMNI_HRO_1MIN,False
2024-11-26 06:21:00,,,,,,,,,,,False,False,,,,,,,,,,False,4.96,-2.39,0.75,353.0,6.62,69594.0,True,NASA_CDAWEB_OMNI_HRO_1MIN,False
2024-11-26 06:22:00,,,,,,,,,,,False,False,,,,,,,,,,False,5.06,-1.82,1.79,353.1,6.58,67469.0,True,NASA_CDAWEB_OMNI_HRO_1MIN,False
2024-11-26 06:23:00,,,,,,,,,,,False,False,,,,,,,,,,False,4.73,-2.41,2.09,354.8,6.37,59240.0,True,NASA_CDAWEB_OMNI_HRO_1MIN,False
2024-11-26 06:24:00,,,,,,,,,,,False,False,,,,,,,,,,False,4.94,-2.32,0.73,357.8,6.42,62187.0,True,NASA_CDAWEB_OMNI_HRO_1MIN,False
2024-11-26 06:25:00,,,,,,,,,,,False,False,,,,,,,,,,False,4.88,-2.29,1.88,363.0,6.31,60520.0,True,NASA_CDAWEB_OMNI_HRO_1MIN,False
2024-11-26 06:26:00,,,,,,,,,,,False,False,,,,,,,,,,False,5.12,-2.12,1.16,353.7,6.08,46254.0,True,NASA_CDAWEB_OMNI_HRO_1MIN,False
2024-11-26 06:27:00,,,,,,,,,,,False,False,,,,,,,,,,False,5.22,-1.95,-0.92,353.7,6.08,46254.0,True,NASA_CDAWEB_OMNI_HRO_1MIN,False
2024-11-26 06:28:00,,,,,,,,,,,False,False,,,,,,,,,,False,5.11,-1.57,-2.02,,,,False,NASA_CDAWEB_OMNI_HRO_1MIN,False
2024-11-26 06:29:00,,,,,,,,,,,False,False,,,,,,,,,,False,4.88,-2.77,0.1,,,,False,NASA_CDAWEB_OMNI_HRO_1MIN,False
2024-11-26 06:30:00,,,,,,,,,,,False,False,,,,,,,,,,False,5.01,-2.41,1.22,,,,False,NASA_CDAWEB_OMNI_HRO_1MIN,False
2024-11-26 06:31:00,,,,,,,,,,,False,False,,,,,,,,,,False,5.07,-1.87,-0.37,,,,False,NASA_CDAWEB_OMNI_HRO_1MIN,False
2024-11-26 06:32:00,,,,,,,,,,,False,False,,,,,,,,,,False,3.96,-3.71,-1.31,,,,False,NASA_CDAWEB_OMNI_HRO_1MIN,False
2024-11-26 06:33:00,,,,,,,,,,,False,False,,,,,,,,,,False,4.91,-1.85,1.7,362.2,6.57,57617.0,True,NASA_CDAWEB_OMNI_HRO_1MIN,False
2024-11-26 06:34:00,,,,,,,,,,,False,False,,,,,,,,,,False,3.46,-1.05,3.6,362.7,6.53,56962.0,True,NASA_CDAWEB_OMNI_HRO_1MIN,False
2024-11-26 06:35:00,,,,,,,,,,,False,False,,,,,,,,,,False,3.21,-2.35,2.11,383.9,4.58,26250.0,True,NASA_CDAWEB_OMNI_HRO_1MIN,False
2024-11-26 06:36:00,,,,,,,,,,,False,False,,,,,,,,,,False,-0.1,-4.39,2.71,385.8,4.4,23551.0,True,NASA_CDAWEB_OMNI_HRO_1MIN,False
2024-11-26 06:37:00,,,,,,,,,,,False,False,,,,,,,,,,False,1.31,-4.0,2.45,356.7,6.57,53726.0,True,NASA_CDAWEB_OMNI_HRO_1MIN,False
2024-11-26 06:38:00,,,,,,,,,,,False,False,,,,,,,,,,False,3.33,-1.17,3.56,356.7,6.57,53726.0,True,NASA_CDAWEB_OMNI_HRO_1MIN,False
2024-11-26 06:39:00,,,,,,,,,,,False,False,,,,,,,,,,False,1.56,-1.86,5.13,,,,False,NASA_CDAWEB_OMNI_HRO_1MIN,False
2024-11-26 06:40:00,,,,,,,,,,,False,False,,,,,,,,,,False,2.47,-2.49,4.41,,,,False,NASA_CDAWEB_OMNI_HRO_1MIN,False
2024-11-26 06:41:00,,,,,,,,,,,False,False,,,,,,,,,,False,2.5,-2.57,4.29,,,,False,NASA_CDAWEB_OMNI_HRO_1MIN,False
2024-11-26 06:42:00,,,,,,,,,,,False,False,,,,,,,,,,False,2.4,-2.95,3.81,375.3,6.49,52614.0,True,NASA_CDAWEB_OMNI_HRO_1MIN,False
2024-11-26 06:43:00,,,,,,,,,,,False,False,,,,,,,,,,False,2.27,-3.43,3.53,375.3,6.49,52614.0,True,NASA_CDAWEB_OMNI_HRO_1MIN,False
2024-11-26 06:44:00,,,,,,,,,,,False,False,,,,,,,,,,False,1.3,-2.24,4.69,375.3,6.49,52614.0,True,NASA_CDAWEB_OMNI_HRO_1MIN,False
2024-11-26 06:45:00,,,,,,,,,,,False,False,,,,,,,,,,False,2.0,-4.26,2.7,375.8,6.36,54772.0,True,NASA_CDAWEB_OMNI_HRO_1MIN,False
2024-11-26 06:46:00,,,,,,,,,,,False,False,,,,,,,,,,False,1.93,-2.93,3.67,373.7,6.3,55426.0,True,NASA_CDAWEB_OMNI_HRO_1MIN,False
2024-11-26 06:47:00,,,,,,,,,,,False,False,,,,,,,,,,False,2.47,0.68,4.62,372.6,6.27,55765.0,True,NASA_CDAWEB_OMNI_HRO_1MIN,False
2024-11-26 06:48:00,,,,,,,,,,,False,False,,,,,,,,,,False,1.83,0.58,3.88,377.8,6.53,51549.0,True,NASA_CDAWEB_OMNI_HRO_1MIN,False
2024-11-26 06:49:00,,,,,,,,,,,False,False,,,,,,,,,,False,2.06,0.92,4.91,377.8,6.53,51549.0,True,NASA_CDAWEB_OMNI_HRO_1MIN,False
2024-11-26 06:50:00,,,,,,,,,,,False,False,,,,,,,,,,False,2.25,-2.22,4.78,377.8,6.53,51549.0,True,NASA_CDAWEB_OMNI_HRO_1MIN,False
2024-11-26 06:51:00,,,,,,,,,,,False,False,,,,,,,,,,False,1.76,-2.03,5.02,,,,False,NASA_CDAWEB_OMNI_HRO_1MIN,False
2024-11-26 06:52:00,,,,,,,,,,,False,False,,,,,,,,,,False,1.78,-2.09,4.81,,,,False,NASA_CDAWEB_OMNI_HRO_1MIN,False
2024-11-26 06:53:00,,,,,,,,,,,False,False,,,,,,,,,,False,2.13,-3.0,4.43,387.5,6.12,26859.0,True,NASA_CDAWEB_OMNI_HRO_1MIN,False
2024-11-26 06:54:00,,,,,,,,,,,False,False,,,,,,,,,,False,2.93,-2.22,4.21,383.9,6.26,35385.0,True,NASA_CDAWEB_OMNI_HRO_1MIN,False
2024-11-26 06:55:00,,,,,,,,,,,False,False,,,,,,,,,,False,2.54,-1.28,2.18,376.2,6.56,53988.0,True,NASA_CDAWEB_OMNI_HRO_1MIN,False
2024-11-26 06:56:00,,,,,,,,,,,False,False,,,,,,,,,,False,0.92,0.32,4.22,366.7,5.84,49838.0,True,NASA_CDAWEB_OMNI_HRO_1MIN,False
2024-11-26 06:57:00,,,,,,,,,,,False,False,,,,,,,,,,False,1.4,-0.53,5.57,380.5,6.16,48408.0,True,NASA_CDAWEB_OMNI_HRO_1MIN,False
2024-11-26 06:58:00,,,,,,,,,,,False,False,,,,,,,,,,False,0.91,-0.69,3.41,390.0,6.38,52105.0,True,NASA_CDAWEB_OMNI_HRO_1MIN,False
2024-11-26 06:59:00,,,,,,,,,,,False,False,,,,,,,,,,False,2.33,-2.63,1.89,390.1,6.39,53008.0,True,NASA_CDAWEB_OMNI_HRO_1MIN,False
2024-11-26 07:00:00,,,,,,,,,,,False,False,,,,,,,,,,False,0.97,-0.98,2.43,,,,False,NASA_CDAWEB_OMNI_HRO_1MIN,False
2024-11-26 07:01:00,,,,,,,,,,,False,False,,,,,,,,,,False,1.51,-1.37,3.29,,,,False,NASA_CDAWEB_OMNI_HRO_1MIN,False
2024-11-26 07:02:00,,,,,,,,,,,False,False,,,,,,,,,,False,-0.01,-0.44,4.97,372.8,6.48,51232.0,True,NASA_CDAWEB_OMNI_HRO_1MIN,False
2024-11-26 07:03:00,,,,,,,,,,,False,False,,,,,,,,,,False,2.77,-2.73,2.65,372.8,6.48,51232.0,True,NASA_CDAWEB_OMNI_HRO_1MIN,False
2024-11-26 07:04:00,,,,,,,,,,,False,False,,,,,,,,,,False,1.31,-3.84,4.25,382.7,6.2,49791.0,True,NASA_CDAWEB_OMNI_HRO_1MIN,False
2024-11-26 07:05:00,,,,,,,,,,,False,False,,,,,,,,,,False,1.76,-2.91,4.22,397.2,6.13,44572.0,True,NASA_CDAWEB_OMNI_HRO_1MIN,False
2024-11-26 07:06:00,,,,,,,,,,,False,False,,,,,,,,,,False,3.38,-1.96,2.58,373.2,6.54,46141.0,True,NASA_CDAWEB_OMNI_HRO_1MIN,False
2024-11-26 07:07:00,,,,,,,,,,,False,False,,,,,,,,,,False,3.28,-1.57,4.52,362.6,6.01,53016.0,True,NASA_CDAWEB_OMNI_HRO_1MIN,False
2024-11-26 07:08:00,,,,,,,,,,,False,False,,,,,,,,,,False,1.94,-2.06,1.65,,,,False,NASA_CDAWEB_OMNI_HRO_1MIN,False
2024-11-26 07:09:00,,,,,,,,,,,False,False,,,,,,,,,,False,2.18,-3.54,3.7,,,,False,NASA_CDAWEB_OMNI_HRO_1MIN,False
2024-11-26 07:10:00,,,,,,,,,,,False,False,,,,,,,,,,False,1.62,0.17,3.12,,,,False,NASA_CDAWEB_OMNI_HRO_1MIN,False
2024-11-26 07:11:00,,,,,,,,,,,False,False,,,,,,,,,,False,1.87,-0.07,5.37,,,,False,NASA_CDAWEB_OMNI_HRO_1MIN,False
2024-11-26 07:12:00,,,,,,,,,,,False,False,,,,,,,,,,False,3.35,-1.31,2.43,377.5,6.54,51091.0,True,NASA_CDAWEB_OMNI_HRO_1MIN,False
2024-11-26 07:13:00,,,,,,,,,,,False,False,,,,,,,,,,False,1.5,-0.91,3.38,377.5,6.54,51091.0,True,NASA_CDAWEB_OMNI_HRO_1MIN,False
2024-11-26 07:14:00,,,,,,,,,,,False,False,,,,,,,,,,False,3.63,-0.48,2.68,,,,False,NASA_CDAWEB_OMNI_HRO_1MIN,False
2024-11-26 07:15:00,,,,,,,,,,,False,False,,,,,,,,,,False,2.71,0.38,5.27,,,,False,NASA_CDAWEB_OMNI_HRO_1MIN,False
2024-11-26 07:16:00,,,,,,,,,,,False,False,,,,,,,,,,False,1.75,-0.4,3.34,375.7,6.31,52543.0,True,NASA_CDAWEB_OMNI_HRO_1MIN,False
2024-11-26 07:17:00,,,,,,,,,,,False,False,,,,,,,,,,False,2.41,-0.1,5.25,375.7,6.31,52543.0,True,NASA_CDAWEB_OMNI_HRO_1MIN,False
2024-11-26 07:18:00,,,,,,,,,,,False,False,,,,,,,,,,False,3.89,-0.52,0.0,358.6,5.52,44239.0,True,NASA_CDAWEB_OMNI_HRO_1MIN,False
2024-11-26 07:19:00,,,,,,,,,,,False,False,,,,,,,,,,False,2.37,-1.26,2.99,364.4,5.65,45823.0,True,NASA_CDAWEB_OMNI_HRO_1MIN,False
2024-11-26 07:20:00,,,,,,,,,,,False,False,,,,,,,,,,False,2.4,-2.59,3.2,367.4,6.11,56516.0,True,NASA_CDAWEB_OMNI_HRO_1MIN,False
2024-11-26 07:21:00,,,,,,,,,,,False,False,,,,,,,,,,False,1.4,-0.08,5.17,373.5,5.93,46882.0,True,NASA_CDAWEB_OMNI_HRO_1MIN,False
2024-11-26 07:22:00,,,,,,,,,,,False,False,,,,,,,,,,False,2.73,-0.31,4.88,381.4,5.37,38359.0,True,NASA_CDAWEB_OMNI_HRO_1MIN,False
2024-11-26 07:23:00,,,,,,,,,,,False,False,,,,,,,,,,False,1.78,0.25,4.96,,,,False,NASA_CDAWEB_OMNI_HRO_1MIN,False
2024-11-26 07:24:00,,,,,,,,,,,False,False,,,,,,,,,,False,2.19,0.69,5.28,387.3,6.25,42134.0,True,NASA_CDAWEB_OMNI_HRO_1MIN,False
2024-11-26 07:25:00,,,,,,,,,,,False,False,,,,,,,,,,False,4.21,0.87,3.89,376.2,6.46,52065.0,True,NASA_CDAWEB_OMNI_HRO_1MIN,False
2024-11-26 07:26:00,,,,,,,,,,,False,False,,,,,,,,,,False,,,,362.3,6.73,64435.0,False,NASA_CDAWEB_OMNI_HRO_1MIN,False
2024-11-26 07:27:00,,,,,,,,,,,False,False,,,,,,,,,,False,-0.14,-0.81,5.28,406.4,6.07,50951.0,True,NASA_CDAWEB_OMNI_HRO_1MIN,False
2024-11-26 07:28:00,,,,,,,,,,,False,False,,,,,,,,,,False,,,,406.4,6.07,50951.0,False,NASA_CDAWEB_OMNI_HRO_1MIN,False
2024-11-26 07:29:00,,,,,,,,,,,False,False,,,,,,,,,,False,4.23,-1.86,-2.02,,,,False,NASA_CDAWEB_OMNI_HRO_1MIN,False
2024-11-26 07:30:00,,,,,,,,,,,False,False,,,,,,,,,,False,2.83,-1.44,0.41,,,,False,NASA_CDAWEB_OMNI_HRO_1MIN,False
2024-11-26 07:31:00,,,,,,,,,,,False,False,,,,,,,,,,False,-0.73,-0.53,5.55,397.5,6.53,65964.0,True,NASA_CDAWEB_OMNI_HRO_1MIN,False
2024-11-26 07:32:00,,,,,,,,,,,False,False,,,,,,,,,,False,0.03,-0.87,5.52,397.5,6.53,65964.0,True,NASA_CDAWEB_OMNI_HRO_1MIN,False
2024-11-26 07:33:00,,,,,,,,,,,False,False,,,,,,,,,,False,1.64,-2.34,2.89,377.2,6.53,61977.0,True,NASA_CDAWEB_OMNI_HRO_1MIN,False
2024-11-26 07:34:00,,,,,,,,,,,False,False,,,,,,,,,,False,2.56,-3.95,2.76,387.7,5.98,49625.0,True,NASA_CDAWEB_OMNI_HRO_1MIN,False
2024-11-26 07:35:00,,,,,,,,,,,False,False,,,,,,,,,,False,2.73,-2.63,4.19,397.4,5.61,41847.0,True,NASA_CDAWEB_OMNI_HRO_1MIN,False
2024-11-26 07:36:00,,,,,,,,,,,False,False,,,,,,,,,,False,0.96,-0.81,4.11,380.4,5.41,38542.0,True,NASA_CDAWEB_OMNI_HRO_1MIN,False
2024-11-26 07:37:00,,,,,,,,,,,False,False,,,,,,,,,,False,3.73,-3.85,0.98,380.4,5.41,38542.0,True,NASA_CDAWEB_OMNI_HRO_1MIN,False
2024-11-26 07:38:00,,,,,,,,,,,False,False,,,,,,,,,,False,-1.05,-0.14,5.62,,,,False,NASA_CDAWEB_OMNI_HRO_1MIN,False
2024-11-26 07:39:00,,,,,,,,,,,False,False,,,,,,,,,,False,2.47,-4.05,1.97,,,,False,NASA_CDAWEB_OMNI_HRO_1MIN,False
2024-11-26 07:40:00,,,,,,,,,,,False,False,,,,,,,,,,False,4.56,-1.84,-2.62,,,,False,NASA_CDAWEB_OMNI_HRO_1MIN,False
2024-11-26 07:41:00,,,,,,,,,,,False,False,,,,,,,,,,False,1.15,-1.96,3.15,369.9,6.29,53402.0,True,NASA_CDAWEB_OMNI_HRO_1MIN,False
2024-11-26 07:42:00,,,,,,,,,,,False,False,,,,,,,,,,False,3.28,-2.93,1.86,369.9,6.29,53402.0,True,NASA_CDAWEB_OMNI_HRO_1MIN,False
2024-11-26 07:43:00,,,,,,,,,,,False,False,,,,,,,,,,False,3.68,-4.45,1.58,369.9,6.29,53402.0,True,NASA_CDAWEB_OMNI_HRO_1MIN,False
2024-11-26 07:44:00,,,,,,,,,,,False,False,,,,,,,,,,False,3.15,-3.56,3.3,,,,False,NASA_CDAWEB_OMNI_HRO_1MIN,False
2024-11-26 07:45:00,,,,,,,,,,,False,False,,,,,,,,,,False,2.52,-2.87,4.51,370.1,6.12,48010.0,True,NASA_CDAWEB_OMNI_HRO_1MIN,False
2024-11-26 07:46:00,,,,,,,,,,,False,False,,,,,,,,,,False,2.45,-2.79,3.88,370.1,6.12,48010.0,True,NASA_CDAWEB_OMNI_HRO_1MIN,False
2024-11-26 07:47:00,,,,,,,,,,,False,False,,,,,,,,,,False,2.62,-2.39,4.1,374.5,6.37,42262.0,True,NASA_CDAWEB_OMNI_HRO_1MIN,False
2024-11-26 07:48:00,,,,,,,,,,,False,False,,,,,,,,,,False,2.85,-3.53,3.5,374.5,6.37,42262.0,True,NASA_CDAWEB_OMNI_HRO_1MIN,False
2024-11-26 07:49:00,,,,,,,,,,,False,False,,,,,,,,,,False,2.37,-2.87,4.0,363.0,6.59,56200.0,True,NASA_CDAWEB_OMNI_HRO_1MIN,False
2024-11-26 07:50:00,,,,,,,,,,,False,False,,,,,,,,,,False,1.69,-1.96,4.24,378.9,6.05,46117.0,True,NASA_CDAWEB_OMNI_HRO_1MIN,False
2024-11-26 07:51:00,,,,,,,,,,,False,False,,,,,,,,,,False,3.05,-3.46,2.91,380.4,6.3,55280.0,True,NASA_CDAWEB_OMNI_HRO_1MIN,False
2024-11-26 07:52:00,,,,,,,,,,,False,False,,,,,,,,,,False,2.59,-4.3,3.08,382.6,6.02,50089.0,True,NASA_CDAWEB_OMNI_HRO_1MIN,False
2024-11-26 07:53:00,,,,,,,,,,,False,False,,,,,,,,,,False,2.79,-4.47,2.89,371.3,6.14,50789.0,True,NASA_CDAWEB_OMNI_HRO_1MIN,False
2024-11-26 07:54:00,,,,,,,,,,,False,False,,,,,,,,,,False,2.49,-5.2,1.94,368.1,6.68,59556.0,True,NASA_CDAWEB_OMNI_HRO_1MIN,False
2024-11-26 07:55:00,,,,,,,,,,,False,False,,,,,,,,,,False,2.85,-3.44,3.77,,,,False,NASA_CDAWEB_OMNI_HRO_1MIN,False
2024-11-26 07:56:00,,,,,,,,,,,False,False,,,,,,,,,,False,2.83,-2.5,4.74,376.8,6.35,44563.0,True,NASA_CDAWEB_OMNI_HRO_1MIN,False
2024-11-26 07:57:00,,,,,,,,,,,False,False,,,,,,,,,,False,3.02,-2.97,4.09,376.8,6.36,44556.0,True,NASA_CDAWEB_OMNI_HRO_1MIN,False
2024-11-26 07:58:00,,,,,,,,,,,False,False,,,,,,,,,,False,2.78,-2.65,4.65,374.8,7.1,43652.0,True,NASA_CDAWEB_OMNI_HRO_1MIN,False
2024-11-26 07:59:00,,,,,,,,,,,False,False,,,,,,,,,,False,2.66,-3.63,3.35,372.7,6.85,53859.0,True,NASA_CDAWEB_OMNI_HRO_1MIN,False
2024-11-26 08:00:00,,,,,,,,,,,False,False,,,,,,,,,,False,2.3,-4.31,2.68,371.2,6.58,62029.0,True,NASA_CDAWEB_OMNI_HRO_1MIN,False
2024-11-26 08:01:00,,,,,,,,,,,False,False,,,,,,,,,,False,1.7,-3.13,3.73,399.7,5.7,37540.0,True,NASA_CDAWEB_OMNI_HRO_1MIN,False
2024-11-26 08:02:00,,,,,,,,,,,False,False,,,,,,,,,,False,3.14,-3.41,3.05,376.1,6.24,50770.0,True,NASA_CDAWEB_OMNI_HRO_1MIN,False
2024-11-26 08:03:00,,,,,,,,,,,False,False,,,,,,,,,,False,2.76,-4.66,0.95,364.7,5.9,49724.0,True,NASA_CDAWEB_OMNI_HRO_1MIN,False
2024-11-26 08:04:00,,,,,,,,,,,False,False,,,,,,,,,,False,1.88,-4.48,1.37,368.0,5.72,50084.0,True,NASA_CDAWEB_OMNI_HRO_1MIN,False
2024-11-26 08:05:00,,,,,,,,,,,False,False,,,,,,,,,,False,2.56,-4.0,1.63,386.8,5.74,45405.0,True,NASA_CDAWEB_OMNI_HRO_1MIN,False
2024-11-26 08:06:00,,,,,,,,,,,False,False,,,,,,,,,,False,,,,395.8,5.65,41657.0,False,NASA_CDAWEB_OMNI_HRO_1MIN,False
2024-11-26 08:07:00,,,,,,,,,,,False,False,,,,,,,,,,False,3.69,-4.74,0.07,365.0,6.31,54814.0,True,NASA_CDAWEB_OMNI_HRO_1MIN,False
2024-11-26 08:08:00,,,,,,,,,,,False,False,,,,,,,,,,False,2.08,-4.08,2.28,365.0,6.31,54814.0,True,NASA_CDAWEB_OMNI_HRO_1MIN,False
2024-11-26 08:09:00,,,,,,,,,,,False,False,,,,,,,,,,False,3.52,-4.41,0.36,,,,False,NASA_CDAWEB_OMNI_HRO_1MIN,False
2024-11-26 08:10:00,,,,,,,,,,,False,False,,,,,,,,,,False,4.04,-4.44,-0.29,360.7,6.7,56243.0,True,NASA_CDAWEB_OMNI_HRO_1MIN,False
2024-11-26 08:11:00,,,,,,,,,,,False,False,,,,,,,,,,False,2.65,-4.2,0.74,360.7,6.7,56243.0,True,NASA_CDAWEB_OMNI_HRO_1MIN,False
2024-11-26 08:12:00,,,,,,,,,,,False,False,,,,,,,,,,False,3.39,-4.86,-1.39,360.7,6.7,56243.0,True,NASA_CDAWEB_OMNI_HRO_1MIN,False
2024-11-26 08:13:00,,,,,,,,,,,False,False,,,,,,,,,,False,3.07,-3.69,1.83,367.1,6.08,57095.0,True,NASA_CDAWEB_OMNI_HRO_1MIN,False
2024-11-26 08:14:00,,,,,,,,,,,False,False,,,,,,,,,,False,3.83,-4.48,-1.29,367.1,6.08,57095.0,True,NASA_CDAWEB_OMNI_HRO_1MIN,False
2024-11-26 08:15:00,,,,,,,,,,,False,False,,,,,,,,,,False,2.66,-4.3,-0.26,365.6,6.42,61604.0,True,NASA_CDAWEB_OMNI_HRO_1MIN,False
2024-11-26 08:16:00,,,,,,,,,,,False,False,,,,,,,,,,False,3.33,-4.67,-2.07,365.6,6.42,61604.0,True,NASA_CDAWEB_OMNI_HRO_1MIN,False
2024-11-26 08:17:00,,,,,,,,,,,False,False,,,,,,,,,,False,3.88,-4.0,-2.29,368.6,6.03,50128.0,True,NASA_CDAWEB_OMNI_HRO_1MIN,False
2024-11-26 08:18:00,,,,,,,,,,,False,False,,,,,,,,,,False,3.3,-3.05,0.47,373.0,6.14,45713.0,True,NASA_CDAWEB_OMNI_HRO_1MIN,False
2024-11-26 08:19:00,,,,,,,,,,,False,False,,,,,,,,,,False,3.27,-3.02,0.23,374.9,6.23,44662.0,True,NASA_CDAWEB_OMNI_HRO_1MIN,False
2024-11-26 08:20:00,,,,,,,,,,,False,False,,,,,,,,,,False,3.31,-2.06,1.11,,,,False,NASA_CDAWEB_OMNI_HRO_1MIN,False
2024-11-26 08:21:00,,,,,,,,,,,False,False,,,,,,,,,,False,3.37,-3.05,-0.33,370.7,6.32,63315.0,True,NASA_CDAWEB_OMNI_HRO_1MIN,False
2024-11-26 08:22:00,,,,,,,,,,,False,False,,,,,,,,,,False,3.21,-2.16,0.34,370.7,6.32,63315.0,True,NASA_CDAWEB_OMNI_HRO_1MIN,False
2024-11-26 08:23:00,,,,,,,,,,,False,False,,,,,,,,,,False,3.26,-3.34,0.17,,,,False,NASA_CDAWEB_OMNI_HRO_1MIN,False
2024-11-26 08:24:00,,,,,,,,,,,False,False,,,,,,,,,,False,3.63,-2.35,0.58,360.5,5.71,43946.0,True,NASA_CDAWEB_OMNI_HRO_1MIN,False
2024-11-26 08:25:00,,,,,,,,,,,False,False,,,,,,,,,,False,3.55,-2.85,-0.04,362.7,5.83,38762.0,True,NASA_CDAWEB_OMNI_HRO_1MIN,False
2024-11-26 08:26:00,,,,,,,,,,,False,False,,,,,,,,,,False,3.29,-2.96,-0.85,373.4,4.88,33127.0,True,NASA_CDAWEB_OMNI_HRO_1MIN,False
2024-11-26 08:27:00,,,,,,,,,,,False,False,,,,,,,,,,False,3.07,-3.75,-0.37,373.4,4.88,33127.0,True,NASA_CDAWEB_OMNI_HRO_1MIN,False
2024-11-26 08:28:00,,,,,,,,,,,False,False,,,,,,,,,,False,2.73,-4.81,-1.93,374.7,5.61,43249.0,True,NASA_CDAWEB_OMNI_HRO_1MIN,False
2024-11-26 08:29:00,,,,,,,,,,,False,False,,,,,,,,,,False,3.65,-4.28,-1.54,370.1,5.89,49113.0,True,NASA_CDAWEB_OMNI_HRO_1MIN,False
2024-11-26 08:30:00,,,,,,,,,,,False,False,,,,,,,,,,False,3.37,-4.76,-1.04,366.5,6.01,55477.0,True,NASA_CDAWEB_OMNI_HRO_1MIN,False
2024-11-26 08:31:00,,,,,,,,,,,False,False,,,,,,,,,,False,3.24,-4.88,-0.89,367.0,6.26,55391.0,True,NASA_CDAWEB_OMNI_HRO_1MIN,False
2024-11-26 08:32:00,,,,,,,,,,,False,False,,,,,,,,,,False,3.77,-3.69,-2.08,371.3,6.33,46950.0,True,NASA_CDAWEB_OMNI_HRO_1MIN,False
2024-11-26 08:33:00,,,,,,,,,,,False,False,,,,,,,,,,False,3.22,-4.56,-2.17,373.8,6.41,43616.0,True,NASA_CDAWEB_OMNI_HRO_1MIN,False
2024-11-26 08:34:00,,,,,,,,,,,False,False,,,,,,,,,,False,5.2,-2.23,-1.86,359.0,5.71,41182.0,True,NASA_CDAWEB_OMNI_HRO_1MIN,False
2024-11-26 08:35:00,,,,,,,,,,,False,False,,,,,,,,,,False,4.38,-2.86,-2.62,359.0,5.71,41182.0,True,NASA_CDAWEB_OMNI_HRO_1MIN,False
2024-11-26 08:36:00,,,,,,,,,,,False,False,,,,,,,,,,False,,,,359.0,5.71,41182.0,False,NASA_CDAWEB_OMNI_HRO_1MIN,False
2024-11-26 08:37:00,,,,,,,,,,,False,False,,,,,,,,,,False,3.45,-4.0,-2.55,,,,False,NASA_CDAWEB_OMNI_HRO_1MIN,False
2024-11-26 08:38:00,,,,,,,,,,,False,False,,,,,,,,,,False,,,,,,,False,NASA_CDAWEB_OMNI_HRO_1MIN,False
2024-11-26 08:39:00,,,,,,,,,,,False,False,,,,,,,,,,False,4.77,-2.83,-0.44,,,,False,NASA_CDAWEB_OMNI_HRO_1MIN,False
2024-11-26 08:40:00,,,,,,,,,,,False,False,,,,,,,,,,False,,,,358.3,6.21,61026.0,False,NASA_CDAWEB_OMNI_HRO_1MIN,False
2024-11-26 08:41:00,,,,,,,,,,,False,False,,,,,,,,,,False,3.04,-4.34,0.18,365.1,6.26,57628.0,True,NASA_CDAWEB_OMNI_HRO_1MIN,False
2024-11-26 08:42:00,,,,,,,,,,,False,False,,,,,,,,,,False,,,,365.7,6.26,57331.0,False,NASA_CDAWEB_OMNI_HRO_1MIN,False
2024-11-26 08:43:00,,,,,,,,,,,False,False,,,,,,,,,,False,4.9,-2.5,-2.04,,,,False,NASA_CDAWEB_OMNI_HRO_1MIN,False
2024-11-26 08:44:00,,,,,,,,,,,False,False,,,,,,,,,,False,4.5,-3.24,-2.4,,,,False,NASA_CDAWEB_OMNI_HRO_1MIN,False
2024-11-26 08:45:00,,,,,,,,,,,False,False,,,,,,,,,,False,3.62,-4.04,-2.33,,,,False,NASA_CDAWEB_OMNI_HRO_1MIN,False
2024-11-26 08:46:00,,,,,,,,,,,False,False,,,,,,,,,,False,4.55,-3.82,-1.12,,,,False,NASA_CDAWEB_OMNI_HRO_1MIN,False
2024-11-26 08:47:00,,,,,,,,,,,False,False,,,,,,,,,,False,4.42,-3.79,-1.17,,,,False,NASA_CDAWEB_OMNI_HRO_1MIN,False
2024-11-26 08:48:00,,,,,,,,,,,False,False,,,,,,,,,,False,4.76,-3.29,-1.07,,,,False,NASA_CDAWEB_OMNI_HRO_1MIN,False
2024-11-26 08:49:00,,,,,,,,,,,False,False,,,,,,,,,,False,4.55,-3.72,-1.16,356.8,7.05,72554.0,True,NASA_CDAWEB_OMNI_HRO_1MIN,False
2024-11-26 08:50:00,,,,,,,,,,,False,False,,,,,,,,,,False,3.05,-4.57,-2.24,356.8,7.05,72554.0,True,NASA_CDAWEB_OMNI_HRO_1MIN,False
2024-11-26 08:51:00,,,,,,,,,,,False,False,,,,,,,,,,False,4.97,-3.17,0.35,353.1,6.44,60717.0,True,NASA_CDAWEB_OMNI_HRO_1MIN,False
2024-11-26 08:52:00,,,,,,,,,,,False,False,,,,,,,,,,False,4.62,-3.47,0.09,352.6,6.35,59044.0,True,NASA_CDAWEB_OMNI_HRO_1MIN,False
2024-11-26 08:53:00,,,,,,,,,,,False,False,,,,,,,,,,False,4.46,-3.52,1.12,,,,False,NASA_CDAWEB_OMNI_HRO_1MIN,False
2024-11-26 08:54:00,,,,,,,,,,,False,False,,,,,,,,,,False,4.43,-3.72,0.22,349.7,6.0,69815.0,True,NASA_CDAWEB_OMNI_HRO_1MIN,False
2024-11-26 08:55:00,,,,,,,,,,,False,False,,,,,,,,,,False,4.51,-3.65,-0.45,349.7,6.0,69815.0,True,NASA_CDAWEB_OMNI_HRO_1MIN,False
2024-11-26 08:56:00,,,,,,,,,,,False,False,,,,,,,,,,False,4.46,-3.61,-0.38,,,,False,NASA_CDAWEB_OMNI_HRO_1MIN,False
2024-11-26 08:57:00,,,,,,,,,,,False,False,,,,,,,,,,False,4.53,-3.48,0.83,349.8,6.02,37420.0,True,NASA_CDAWEB_OMNI_HRO_1MIN,False
2024-11-26 08:58:00,,,,,,,,,,,False,False,,,,,,,,,,False,4.12,-3.68,-0.25,349.8,6.02,37420.0,True,NASA_CDAWEB_OMNI_HRO_1MIN,False
2024-11-26 08:59:00,,,,,,,,,,,False,False,,,,,,,,,,False,4.57,-3.32,0.34,366.1,5.84,59955.0,True,NASA_CDAWEB_OMNI_HRO_1MIN,False
2024-11-26 09:00:00,,,,,,,,,,,False,False,,,,,,,,,,False,5.21,-2.46,1.74,359.0,5.84,52917.0,True,NASA_CDAWEB_OMNI_HRO_1MIN,False
2024-11-26 09:01:00,,,,,,,,,,,False,False,,,,,,,,,,False,5.02,-2.42,2.25,345.4,5.87,40124.0,True,NASA_CDAWEB_OMNI_HRO_1MIN,False
2024-11-26 09:02:00,,,,,,,,,,,False,False,,,,,,,,,,False,5.05,-2.58,1.93,346.8,5.9,42454.0,True,NASA_CDAWEB_OMNI_HRO_1MIN,False
2024-11-26 09:03:00,,,,,,,,,,,False,False,,,,,,,,,,False,5.26,-2.23,1.94,,,,False,NASA_CDAWEB_OMNI_HRO_1MIN,False
2024-11-26 09:04:00,,,,,,,,,,,False,False,,,,,,,,,,False,4.97,-2.51,2.21,,,,False,NASA_CDAWEB_OMNI_HRO_1MIN,False
2024-11-26 09:05:00,,,,,,,,,,,False,False,,,,,,,,,,False,4.85,-2.8,2.01,355.2,6.31,49383.0,True,NASA_CDAWEB_OMNI_HRO_1MIN,False
2024-11-26 09:06:00,,,,,,,,,,,False,False,,,,,,,,,,False,4.85,-2.74,2.19,355.2,6.31,49383.0,True,NASA_CDAWEB_OMNI_HRO_1MIN,False
2024-11-26 09:07:00,,,,,,,,,,,False,False,,,,,,,,,,False,4.59,-3.21,2.0,352.0,6.24,47183.0,True,NASA_CDAWEB_OMNI_HRO_1MIN,False
2024-11-26 09:08:00,,,,,,,,,,,False,False,,,,,,,,,,False,5.18,-2.15,2.01,345.0,6.09,42452.0,True,NASA_CDAWEB_OMNI_HRO_1MIN,False
2024-11-26 09:09:00,,,,,,,,,,,False,False,,,,,,,,,,False,5.39,-1.83,1.85,346.1,6.2,43643.0,True,NASA_CDAWEB_OMNI_HRO_1MIN,False
2024-11-26 09:10:00,,,,,,,,,,,False,False,,,,,,,,,,False,5.35,-2.22,1.27,345.1,6.18,43713.0,True,NASA_CDAWEB_OMNI_HRO_1MIN,False
2024-11-26 09:11:00,,,,,,,,,,,False,False,,,,,,,,,,False,5.36,-2.09,1.33,345.1,6.18,43621.0,True,NASA_CDAWEB_OMNI_HRO_1MIN,False
2024-11-26 09:12:00,,,,,,,,,,,False,False,,,,,,,,,,False,5.1,-2.21,2.1,348.5,6.33,35607.0,True,NASA_CDAWEB_OMNI_HRO_1MIN,False
2024-11-26 09:13:00,,,,,,,,,,,False,False,,,,,,,,,,False,5.35,-2.05,1.68,348.5,6.32,35616.0,True,NASA_CDAWEB_OMNI_HRO_1MIN,False
2024-11-26 09:14:00,,,,,,,,,,,False,False,,,,,,,,,,False,5.17,-2.53,1.33,347.2,5.93,36053.0,True,NASA_CDAWEB_OMNI_HRO_1MIN,False
2024-11-26 09:15:00,,,,,,,,,,,False,False,,,,,,,,,,False,5.4,-1.93,1.72,344.8,5.75,37960.0,True,NASA_CDAWEB_OMNI_HRO_1MIN,False
2024-11-26 09:16:00,,,,,,,,,,,False,False,,,,,,,,,,False,5.05,-2.44,1.99,344.3,5.71,38359.0,True,NASA_CDAWEB_OMNI_HRO_1MIN,False
2024-11-26 09:17:00,,,,,,,,,,,False,False,,,,,,,,,,False,5.48,-2.03,0.83,,,,False,NASA_CDAWEB_OMNI_HRO_1MIN,False
2024-11-26 09:18:00,,,,,,,,,,,False,False,,,,,,,,,,False,3.87,-4.48,0.49,,,,False,NASA_CDAWEB_OMNI_HRO_1MIN,False
2024-11-26 09:19:00,,,,,,,,,,,False,False,,,,,,,,,,False,4.9,-2.39,1.58,,,,False,NASA_CDAWEB_OMNI_HRO_1MIN,False
2024-11-26 09:20:00,,,,,,,,,,,False,False,,,,,,,,,,False,4.72,-3.15,1.18,350.5,6.66,49048.0,True,NASA_CDAWEB_OMNI_HRO_1MIN,False
2024-11-26 09:21:00,,,,,,,,,,,False,False,,,,,,,,,,False,4.35,-3.57,1.11,349.4,6.33,42263.0,True,NASA_CDAWEB_OMNI_HRO_1MIN,False
2024-11-26 09:22:00,,,,,,,,,,,False,False,,,,,,,,,,False,5.4,-1.94,0.99,366.1,6.57,44617.0,True,NASA_CDAWEB_OMNI_HRO_1MIN,False
2024-11-26 09:23:00,,,,,,,,,,,False,False,,,,,,,,,,False,5.21,-2.56,0.59,344.2,6.0,37370.0,True,NASA_CDAWEB_OMNI_HRO_1MIN,False
2024-11-26 09:24:00,,,,,,,,,,,False,False,,,,,,,,,,False,5.1,-2.31,1.22,347.3,6.61,48288.0,True,NASA_CDAWEB_OMNI_HRO_1MIN,False
2024-11-26 09:25:00,,,,,,,,,,,False,False,,,,,,,,,,False,5.83,-1.15,0.77,353.8,7.21,58932.0,True,NASA_CDAWEB_OMNI_HRO_1MIN,False
2024-11-26 09:26:00,,,,,,,,,,,False,False,,,,,,,,,,False,5.01,-2.34,0.99,337.0,5.23,31166.0,True,NASA_CDAWEB_OMNI_HRO_1MIN,False
2024-11-26 09:27:00,,,,,,,,,,,False,False,,,,,,,,,,False,5.24,-2.13,0.87,336.9,5.21,30956.0,True,NASA_CDAWEB_OMNI_HRO_1MIN,False
2024-11-26 09:28:00,,,,,,,,,,,False,False,,,,,,,,,,False,5.77,-1.21,0.87,341.5,6.0,35783.0,True,NASA_CDAWEB_OMNI_HRO_1MIN,False
2024-11-26 09:29:00,,,,,,,,,,,False,False,,,,,,,,,,False,5.26,-2.08,1.16,341.5,6.0,35783.0,True,NASA_CDAWEB_OMNI_HRO_1MIN,False
2024-11-26 09:30:00,,,,,,,,,,,False,False,,,,,,,,,,False,5.41,-1.76,1.35,344.7,5.99,35897.0,True,NASA_CDAWEB_OMNI_HRO_1MIN,False
2024-11-26 09:31:00,,,,,,,,,,,False,False,,,,,,,,,,False,5.83,-1.34,0.45,343.6,5.93,35529.0,True,NASA_CDAWEB_OMNI_HRO_1MIN,False
2024-11-26 09:32:00,,,,,,,,,,,False,False,,,,,,,,,,False,5.48,-1.78,1.0,334.0,5.47,32593.0,True,NASA_CDAWEB_OMNI_HRO_1MIN,False
2024-11-26 09:33:00,,,,,,,,,,,False,False,,,,,,,,,,False,5.52,-1.71,1.62,339.3,6.06,34635.0,True,NASA_CDAWEB_OMNI_HRO_1MIN,False
2024-11-26 09:34:00,,,,,,,,,,,False,False,,,,,,,,,,False,5.4,-1.79,1.78,348.8,6.04,40585.0,True,NASA_CDAWEB_OMNI_HRO_1MIN,False
2024-11-26 09:35:00,,,,,,,,,,,False,False,,,,,,,,,,False,5.68,-1.57,0.76,345.4,6.07,38526.0,True,NASA_CDAWEB_OMNI_HRO_1MIN,False
2024-11-26 09:36:00,,,,,,,,,,,False,False,,,,,,,,,,False,5.62,-1.83,0.42,342.8,6.09,36881.0,True,NASA_CDAWEB_OMNI_HRO_1MIN,False
2024-11-26 09:37:00,,,,,,,,,,,False,False,,,,,,,,,,False,4.78,-3.36,1.04,,,,False,NASA_CDAWEB_OMNI_HRO_1MIN,False
2024-11-26 09:38:00,,,,,,,,,,,False,False,,,,,,,,,,False,5.84,-1.21,-0.34,,,,False,NASA_CDAWEB_OMNI_HRO_1MIN,False
2024-11-26 09:39:00,,,,,,,,,,,False,False,,,,,,,,,,False,4.72,-3.52,0.58,,,,False,NASA_CDAWEB_OMNI_HRO_1MIN,False
2024-11-26 09:40:00,,,,,,,,,,,False,False,,,,,,,,,,False,4.82,-2.85,0.27,,,,False,NASA_CDAWEB_OMNI_HRO_1MIN,False
2024-11-26 09:41:00,,,,,,,,,,,False,False,,,,,,,,,,False,4.11,-3.88,0.58,343.8,6.22,36523.0,True,NASA_CDAWEB_OMNI_HRO_1MIN,False
2024-11-26 09:42:00,,,,,,,,,,,False,False,,,,,,,,,,False,5.27,-1.88,0.92,343.8,6.22,36523.0,True,NASA_CDAWEB_OMNI_HRO_1MIN,False
2024-11-26 09:43:00,,,,,,,,,,,False,False,,,,,,,,,,False,5.67,-1.88,-0.11,343.9,6.23,36480.0,True,NASA_CDAWEB_OMNI_HRO_1MIN,False
2024-11-26 09:44:00,,,,,,,,,,,False,False,,,,,,,,,,False,5.4,-2.27,0.7,351.3,6.9,33127.0,True,NASA_CDAWEB_OMNI_HRO_1MIN,False
2024-11-26 09:45:00,,,,,,,,,,,False,False,,,,,,,,,,False,5.24,-2.8,0.65,351.3,6.9,33127.0,True,NASA_CDAWEB_OMNI_HRO_1MIN,False
2024-11-26 09:46:00,,,,,,,,,,,False,False,,,,,,,,,,False,5.47,-1.98,-0.73,,,,False,NASA_CDAWEB_OMNI_HRO_1MIN,False
2024-11-26 09:47:00,,,,,,,,,,,False,False,,,,,,,,,,False,4.9,-3.46,0.24,,,,False,NASA_CDAWEB_OMNI_HRO_1MIN,False
2024-11-26 09:48:00,,,,,,,,,,,False,False,,,,,,,,,,False,5.29,-2.13,-1.02,,,,False,NASA_CDAWEB_OMNI_HRO_1MIN,False
2024-11-26 09:49:00,,,,,,,,,,,False,False,,,,,,,,,,False,4.38,-3.99,0.76,,,,False,NASA_CDAWEB_OMNI_HRO_1MIN,False
2024-11-26 09:50:00,,,,,,,,,,,False,False,,,,,,,,,,False,5.2,-2.35,-0.9,347.3,6.97,74070.0,True,NASA_CDAWEB_OMNI_HRO_1MIN,False
2024-11-26 09:51:00,,,,,,,,,,,False,False,,,,,,,,,,False,3.43,-3.93,2.02,360.4,6.49,61694.0,True,NASA_CDAWEB_OMNI_HRO_1MIN,False
2024-11-26 09:52:00,,,,,,,,,,,False,False,,,,,,,,,,False,4.75,-2.69,-1.6,358.6,6.4,53744.0,True,NASA_CDAWEB_OMNI_HRO_1MIN,False
2024-11-26 09:53:00,,,,,,,,,,,False,False,,,,,,,,,,False,3.85,-3.71,0.3,355.7,6.53,56100.0,True,NASA_CDAWEB_OMNI_HRO_1MIN,False
2024-11-26 09:54:00,,,,,,,,,,,False,False,,,,,,,,,,False,2.54,-3.77,1.51,368.1,6.26,58212.0,True,NASA_CDAWEB_OMNI_HRO_1MIN,False
2024-11-26 09:55:00,,,,,,,,,,,False,False,,,,,,,,,,False,2.58,-2.89,3.6,373.0,5.91,47978.0,True,NASA_CDAWEB_OMNI_HRO_1MIN,False
2024-11-26 09:56:00,,,,,,,,,,,False,False,,,,,,,,,,False,2.61,-2.68,4.0,361.7,6.17,47140.0,True,NASA_CDAWEB_OMNI_HRO_1MIN,False
2024-11-26 09:57:00,,,,,,,,,,,False,False,,,,,,,,,,False,3.32,-2.79,1.82,363.3,5.95,43139.0,True,NASA_CDAWEB_OMNI_HRO_1MIN,False
2024-11-26 09:58:00,,,,,,,,,,,False,False,,,,,,,,,,False,4.11,-3.52,1.25,361.4,6.21,54286.0,True,NASA_CDAWEB_OMNI_HRO_1MIN,False
2024-11-26 09:59:00,,,,,,,,,,,False,False,,,,,,,,,,False,4.03,-3.59,1.84,358.8,6.36,56515.0,True,NASA_CDAWEB_OMNI_HRO_1MIN,False
2024-11-26 10:00:00,,,,,,,,,,,False,False,,,,,,,,,,False,4.22,-2.94,1.47,359.3,5.48,35731.0,True,NASA_CDAWEB_OMNI_HRO_1MIN,False
2024-11-26 10:01:00,,,,,,,,,,,False,False,,,,,,,,,,False,4.44,-2.67,1.03,354.6,5.53,34576.0,True,NASA_CDAWEB_OMNI_HRO_1MIN,False
2024-11-26 10:02:00,,,,,,,,,,,False,False,,,,,,,,,,False,3.32,-3.29,3.1,366.1,6.12,49009.0,True,NASA_CDAWEB_OMNI_HRO_1MIN,False
2024-11-26 10:03:00,,,,,,,,,,,False,False,,,,,,,,,,False,4.83,-2.69,1.61,358.8,6.18,46023.0,True,NASA_CDAWEB_OMNI_HRO_1MIN,False
2024-11-26 10:04:00,,,,,,,,,,,False,False,,,,,,,,,,False,3.77,-2.82,2.35,348.0,6.27,41530.0,True,NASA_CDAWEB_OMNI_HRO_1MIN,False
2024-11-26 10:05:00,,,,,,,,,,,False,False,,,,,,,,,,False,3.38,-3.21,1.04,,,,False,NASA_CDAWEB_OMNI_HRO_1MIN,False
2024-11-26 10:06:00,,,,,,,,,,,False,False,,,,,,,,,,False,3.43,-4.6,1.45,,,,False,NASA_CDAWEB_OMNI_HRO_1MIN,False
2024-11-26 10:07:00,,,,,,,,,,,False,False,,,,,,,,,,False,2.83,-4.29,0.46,,,,False,NASA_CDAWEB_OMNI_HRO_1MIN,False
2024-11-26 10:08:00,,,,,,,,,,,False,False,,,,,,,,,,False,2.9,-4.57,1.94,,,,False,NASA_CDAWEB_OMNI_HRO_1MIN,False
2024-11-26 10:09:00,,,,,,,,,,,False,False,,,,,,,,,,False,3.73,-3.16,0.7,362.5,5.6,43648.0,True,NASA_CDAWEB_OMNI_HRO_1MIN,False
2024-11-26 10:10:00,,,,,,,,,,,False,False,,,,,,,,,,False,3.53,-3.92,2.24,362.5,5.6,43648.0,True,NASA_CDAWEB_OMNI_HRO_1MIN,False
2024-11-26 10:11:00,,,,,,,,,,,False,False,,,,,,,,,,False,2.91,-3.98,3.3,371.5,5.32,48287.0,True,NASA_CDAWEB_OMNI_HRO_1MIN,False
2024-11-26 10:12:00,,,,,,,,,,,False,False,,,,,,,,,,False,4.03,-2.45,0.71,361.1,5.94,55635.0,True,NASA_CDAWEB_OMNI_HRO_1MIN,False
2024-11-26 10:13:00,,,,,,,,,,,False,False,,,,,,,,,,False,2.78,-4.24,3.21,352.1,6.89,73390.0,True,NASA_CDAWEB_OMNI_HRO_1MIN,False
2024-11-26 10:14:00,,,,,,,,,,,False,False,,,,,,,,,,False,2.34,-4.34,3.49,,,,False,NASA_CDAWEB_OMNI_HRO_1MIN,False
2024-11-26 10:15:00,,,,,,,,,,,False,False,,,,,,,,,,False,2.19,-4.49,3.43,368.0,5.84,45920.0,True,NASA_CDAWEB_OMNI_HRO_1MIN,False
2024-11-26 10:16:00,,,,,,,,,,,False,False,,,,,,,,,,False,2.04,-4.56,3.42,368.0,5.84,45920.0,True,NASA_CDAWEB_OMNI_HRO_1MIN,False
2024-11-26 10:17:00,,,,,,,,,,,False,False,,,,,,,,,,False,1.5,-5.15,2.8,368.0,5.84,45920.0,True,NASA_CDAWEB_OMNI_HRO_1MIN,False
2024-11-26 10:18:00,,,,,,,,,,,False,False,,,,,,,,,,False,1.85,-5.0,2.78,373.2,6.12,54232.0,True,NASA_CDAWEB_OMNI_HRO_1MIN,False
2024-11-26 10:19:00,,,,,,,,,,,False,False,,,,,,,,,,False,1.56,-4.97,2.99,373.2,6.12,54232.0,True,NASA_CDAWEB_OMNI_HRO_1MIN,False
2024-11-26 10:20:00,,,,,,,,,,,False,False,,,,,,,,,,False,1.64,-5.01,2.81,373.2,6.12,54232.0,True,NASA_CDAWEB_OMNI_HRO_1MIN,False
2024-11-26 10:21:00,,,,,,,,,,,False,False,,,,,,,,,,False,2.12,-4.68,3.12,,,,False,NASA_CDAWEB_OMNI_HRO_1MIN,False
2024-11-26 10:22:00,,,,,,,,,,,False,False,,,,,,,,,,False,2.54,-4.96,2.21,,,,False,NASA_CDAWEB_OMNI_HRO_1MIN,False
2024-11-26 10:23:00,,,,,,,,,,,False,False,,,,,,,,,,False,2.59,-5.0,2.04,,,,False,NASA_CDAWEB_OMNI_HRO_1MIN,False
2024-11-26 10:24:00,,,,,,,,,,,False,False,,,,,,,,,,False,2.44,-4.92,2.22,,,,False,NASA_CDAWEB_OMNI_HRO_1MIN,False
2024-11-26 10:25:00,,,,,,,,,,,False,False,,,,,,,,,,False,2.18,-4.95,2.58,,,,False,NASA_CDAWEB_OMNI_HRO_1MIN,False
2024-11-26 10:26:00,,,,,,,,,,,False,False,,,,,,,,,,False,1.89,-5.03,2.53,368.9,6.09,48969.0,True,NASA_CDAWEB_OMNI_HRO_1MIN,False
2024-11-26 10:27:00,,,,,,,,,,,False,False,,,,,,,,,,False,0.91,-5.03,3.07,368.9,6.09,48969.0,True,NASA_CDAWEB_OMNI_HRO_1MIN,False
2024-11-26 10:28:00,,,,,,,,,,,False,False,,,,,,,,,,False,1.51,-4.76,3.29,368.9,6.09,48969.0,True,NASA_CDAWEB_OMNI_HRO_1MIN,False
2024-11-26 10:29:00,,,,,,,,,,,False,False,,,,,,,,,,False,2.58,-4.68,2.78,,,,False,NASA_CDAWEB_OMNI_HRO_1MIN,False
2024-11-26 10:30:00,,,,,,,,,,,False,False,,,,,,,,,,False,2.58,-4.68,2.78,,,,False,NASA_CDAWEB_OMNI_HRO_1MIN,False
2024-11-26 10:31:00,,,,,,,,,,,False,False,,,,,,,,,,False,3.91,-4.39,1.3,,,,False,NASA_CDAWEB_OMNI_HRO_1MIN,False
2024-11-26 10:32:00,,,,,,,,,,,False,False,,,,,,,,,,False,4.53,-3.67,1.52,,,,False,NASA_CDAWEB_OMNI_HRO_1MIN,False
2024-11-26 10:33:00,,,,,,,,,,,False,False,,,,,,,,,,False,4.53,-3.67,1.52,,,,False,NASA_CDAWEB_OMNI_HRO_1MIN,False
2024-11-26 10:34:00,,,,,,,,,,,False,False,,,,,,,,,,False,2.25,-3.94,3.64,,,,False,NASA_CDAWEB_OMNI_HRO_1MIN,False
2024-11-26 10:35:00,,,,,,,,,,,False,False,,,,,,,,,,False,2.61,-3.64,3.47,357.5,5.57,40917.0,True,NASA_CDAWEB_OMNI_HRO_1MIN,False
2024-11-26 10:36:00,,,,,,,,,,,False,False,,,,,,,,,,False,3.49,-3.85,2.33,369.2,5.6,41010.0,True,NASA_CDAWEB_OMNI_HRO_1MIN,False
2024-11-26 10:37:00,,,,,,,,,,,False,False,,,,,,,,,,False,3.06,-4.61,2.07,362.2,5.87,49385.0,True,NASA_CDAWEB_OMNI_HRO_1MIN,False
2024-11-26 10:38:00,,,,,,,,,,,False,False,,,,,,,,,,False,2.58,-4.47,3.02,359.1,5.56,41907.0,True,NASA_CDAWEB_OMNI_HRO_1MIN,False
2024-11-26 10:39:00,,,,,,,,,,,False,False,,,,,,,,,,False,2.74,-4.59,2.68,361.0,5.4,37964.0,True,NASA_CDAWEB_OMNI_HRO_1MIN,False
2024-11-26 10:40:00,,,,,,,,,,,False,False,,,,,,,,,,False,3.05,-4.29,2.66,354.5,6.41,58695.0,True,NASA_CDAWEB_OMNI_HRO_1MIN,False
2024-11-26 10:41:00,,,,,,,,,,,False,False,,,,,,,,,,False,0.46,-4.1,4.59,357.9,6.31,57203.0,True,NASA_CDAWEB_OMNI_HRO_1MIN,False
2024-11-26 10:42:00,,,,,,,,,,,False,False,,,,,,,,,,False,4.2,-4.12,1.62,,,,False,NASA_CDAWEB_OMNI_HRO_1MIN,False
2024-11-26 10:43:00,,,,,,,,,,,False,False,,,,,,,,,,False,2.15,-3.78,3.81,,,,False,NASA_CDAWEB_OMNI_HRO_1MIN,False
2024-11-26 10:44:00,,,,,,,,,,,False,False,,,,,,,,,,False,1.6,-2.78,5.16,372.9,4.38,24907.0,True,NASA_CDAWEB_OMNI_HRO_1MIN,False
2024-11-26 10:45:00,,,,,,,,,,,False,False,,,,,,,,,,False,2.48,-3.21,3.6,372.9,4.38,24907.0,True,NASA_CDAWEB_OMNI_HRO_1MIN,False
2024-11-26 10:46:00,,,,,,,,,,,False,False,,,,,,,,,,False,0.83,-3.04,4.78,377.7,5.26,35402.0,True,NASA_CDAWEB_OMNI_HRO_1MIN,False
2024-11-26 10:47:00,,,,,,,,,,,False,False,,,,,,,,,,False,1.05,-1.54,5.79,377.7,5.26,35402.0,True,NASA_CDAWEB_OMNI_HRO_1MIN,False
2024-11-26 10:48:00,,,,,,,,,,,False,False,,,,,,,,,,False,1.76,-0.43,5.73,377.7,5.26,35402.0,True,NASA_CDAWEB_OMNI_HRO_1MIN,False
2024-11-26 10:49:00,,,,,,,,,,,False,False,,,,,,,,,,False,3.72,-3.22,3.34,,,,False,NASA_CDAWEB_OMNI_HRO_1MIN,False
2024-11-26 10:50:00,,,,,,,,,,,False,False,,,,,,,,,,False,2.71,-2.96,3.1,,,,False,NASA_CDAWEB_OMNI_HRO_1MIN,False
2024-11-26 10:51:00,,,,,,,,,,,False,False,,,,,,,,,,False,0.0,-0.8,6.04,,,,False,NASA_CDAWEB_OMNI_HRO_1MIN,False
2024-11-26 10:52:00,,,,,,,,,,,False,False,,,,,,,,,,False,1.12,-1.58,5.51,,,,False,NASA_CDAWEB_OMNI_HRO_1MIN,False
2024-11-26 10:53:00,,,,,,,,,,,False,False,,,,,,,,,,False,4.24,-2.98,3.1,337.2,5.33,39680.0,True,NASA_CDAWEB_OMNI_HRO_1MIN,False
2024-11-26 10:54:00,,,,,,,,,,,False,False,,,,,,,,,,False,3.23,-1.33,3.94,337.4,5.34,39690.0,True,NASA_CDAWEB_OMNI_HRO_1MIN,False
2024-11-26 10:55:00,,,,,,,,,,,False,False,,,,,,,,,,False,3.93,-1.6,3.12,355.2,6.01,44831.0,True,NASA_CDAWEB_OMNI_HRO_1MIN,False
2024-11-26 10:56:00,,,,,,,,,,,False,False,,,,,,,,,,False,2.4,-5.33,-0.44,376.4,6.23,61562.0,True,NASA_CDAWEB_OMNI_HRO_1MIN,False
2024-11-26 10:57:00,,,,,,,,,,,False,False,,,,,,,,,,False,3.56,-3.71,2.37,380.9,6.26,65327.0,True,NASA_CDAWEB_OMNI_HRO_1MIN,False
2024-11-26 10:58:00,,,,,,,,,,,False,False,,,,,,,,,,False,4.14,-4.02,0.69,,,,False,NASA_CDAWEB_OMNI_HRO_1MIN,False
2024-11-26 10:59:00,,,,,,,,,,,False,False,,,,,,,,,,False,3.52,-3.91,2.7,,,,False,NASA_CDAWEB_OMNI_HRO_1MIN,False
2024-11-26 11:00:00,,,,,,,,,,,False,False,,,,,,,,,,False,4.43,-3.34,1.48,,,,False,NASA_CDAWEB_OMNI_HRO_1MIN,False
2024-11-26 11:01:00,,,,,,,,,,,False,False,,,,,,,,,,False,3.06,-4.26,2.13,371.6,6.23,49176.0,True,NASA_CDAWEB_OMNI_HRO_1MIN,False
2024-11-26 11:02:00,,,,,,,,,,,False,False,,,,,,,,,,False,3.75,-3.73,1.57,371.6,6.23,49176.0,True,NASA_CDAWEB_OMNI_HRO_1MIN,False
2024-11-26 11:03:00,,,,,,,,,,,False,False,,,,,,,,,,False,3.62,-3.46,1.72,,,,False,NASA_CDAWEB_OMNI_HRO_1MIN,False
2024-11-26 11:04:00,,,,,,,,,,,False,False,,,,,,,,,,False,4.18,-3.02,2.75,,,,False,NASA_CDAWEB_OMNI_HRO_1MIN,False
2024-11-26 11:05:00,,,,,,,,,,,False,False,,,,,,,,,,False,4.25,-2.12,2.19,357.4,5.92,45498.0,True,NASA_CDAWEB_OMNI_HRO_1MIN,False
2024-11-26 11:06:00,,,,,,,,,,,False,False,,,,,,,,,,False,4.3,-2.3,0.56,352.2,6.05,49153.0,True,NASA_CDAWEB_OMNI_HRO_1MIN,False
2024-11-26 11:07:00,,,,,,,,,,,False,False,,,,,,,,,,False,3.84,-2.1,0.45,346.2,5.6,41290.0,True,NASA_CDAWEB_OMNI_HRO_1MIN,False
2024-11-26 11:08:00,,,,,,,,,,,False,False,,,,,,,,,,False,3.46,-2.07,3.11,351.5,5.83,45669.0,True,NASA_CDAWEB_OMNI_HRO_1MIN,False
2024-11-26 11:09:00,,,,,,,,,,,False,False,,,,,,,,,,False,3.92,-2.45,-0.82,345.3,6.04,51054.0,True,NASA_CDAWEB_OMNI_HRO_1MIN,False
2024-11-26 11:10:00,,,,,,,,,,,False,False,,,,,,,,,,False,4.36,-2.49,1.93,365.4,5.44,38322.0,True,NASA_CDAWEB_OMNI_HRO_1MIN,False
2024-11-26 11:11:00,,,,,,,,,,,False,False,,,,,,,,,,False,3.42,-3.46,2.43,360.3,5.7,43010.0,True,NASA_CDAWEB_OMNI_HRO_1MIN,False
2024-11-26 11:12:00,,,,,,,,,,,False,False,,,,,,,,,,False,3.99,-2.66,1.93,349.4,5.9,43132.0,True,NASA_CDAWEB_OMNI_HRO_1MIN,False
2024-11-26 11:13:00,,,,,,,,,,,False,False,,,,,,,,,,False,2.52,-3.64,1.79,339.9,6.01,42679.0,True,NASA_CDAWEB_OMNI_HRO_1MIN,False
2024-11-26 11:14:00,,,,,,,,,,,False,False,,,,,,,,,,False,2.19,-4.19,2.46,372.9,5.88,41365.0,True,NASA_CDAWEB_OMNI_HRO_1MIN,False
2024-11-26 11:15:00,,,,,,,,,,,False,False,,,,,,,,,,False,2.62,-3.28,3.09,367.7,5.89,41875.0,True,NASA_CDAWEB_OMNI_HRO_1MIN,False
2024-11-26 11:16:00,,,,,,,,,,,False,False,,,,,,,,,,False,2.71,-3.8,1.33,372.2,6.46,50192.0,True,NASA_CDAWEB_OMNI_HRO_1MIN,False
2024-11-26 11:17:00,,,,,,,,,,,False,False,,,,,,,,,,False,1.89,-4.22,3.39,359.6,7.09,49842.0,True,NASA_CDAWEB_OMNI_HRO_1MIN,False
2024-11-26 11:18:00,,,,,,,,,,,False,False,,,,,,,,,,False,3.09,-1.79,3.53,351.0,7.23,46993.0,True,NASA_CDAWEB_OMNI_HRO_1MIN,False
2024-11-26 11:19:00,,,,,,,,,,,False,False,,,,,,,,,,False,3.05,-3.0,1.79,,,,False,NASA_CDAWEB_OMNI_HRO_1MIN,False
2024-11-26 11:20:00,,,,,,,,,,,False,False,,,,,,,,,,False,2.85,-0.12,4.94,,,,False,NASA_CDAWEB_OMNI_HRO_1MIN,False
2024-11-26 11:21:00,,,,,,,,,,,False,False,,,,,,,,,,False,3.66,-0.9,2.19,364.2,6.1,38892.0,True,NASA_CDAWEB_OMNI_HRO_1MIN,False
2024-11-26 11:22:00,,,,,,,,,,,False,False,,,,,,,,,,False,5.27,0.09,-1.35,353.0,6.1,45832.0,True,NASA_CDAWEB_OMNI_HRO_1MIN,False
2024-11-26 11:23:00,,,,,,,,,,,False,False,,,,,,,,,,False,5.23,-0.04,-0.62,336.1,5.48,38327.0,True,NASA_CDAWEB_OMNI_HRO_1MIN,False
2024-11-26 11:24:00,,,,,,,,,,,False,False,,,,,,,,,,False,5.33,-0.76,-1.92,338.6,5.61,42394.0,True,NASA_CDAWEB_OMNI_HRO_1MIN,False
2024-11-26 11:25:00,,,,,,,,,,,False,False,,,,,,,,,,False,5.36,-0.67,-2.35,343.3,5.75,49057.0,True,NASA_CDAWEB_OMNI_HRO_1MIN,False
2024-11-26 11:26:00,,,,,,,,,,,False,False,,,,,,,,,,False,5.49,-1.13,-1.14,345.8,5.7,48411.0,True,NASA_CDAWEB_OMNI_HRO_1MIN,False
2024-11-26 11:27:00,,,,,,,,,,,False,False,,,,,,,,,,False,5.34,-0.9,-2.03,336.0,5.05,32901.0,True,NASA_CDAWEB_OMNI_HRO_1MIN,False
2024-11-26 11:28:00,,,,,,,,,,,False,False,,,,,,,,,,False,5.35,-1.1,-1.36,334.7,5.14,34794.0,True,NASA_CDAWEB_OMNI_HRO_1MIN,False
2024-11-26 11:29:00,,,,,,,,,,,False,False,,,,,,,,,,False,5.9,0.05,-1.7,334.7,5.14,34848.0,True,NASA_CDAWEB_OMNI_HRO_1MIN,False
2024-11-26 11:30:00,,,,,,,,,,,False,False,,,,,,,,,,False,5.36,-1.01,-1.07,334.5,4.92,30683.0,True,NASA_CDAWEB_OMNI_HRO_1MIN,False
2024-11-26 11:31:00,,,,,,,,,,,False,False,,,,,,,,,,False,5.19,-1.48,-1.81,340.0,5.63,41467.0,True,NASA_CDAWEB_OMNI_HRO_1MIN,False
2024-11-26 11:32:00,,,,,,,,,,,False,False,,,,,,,,,,False,5.19,-2.11,-0.75,340.1,5.74,42015.0,True,NASA_CDAWEB_OMNI_HRO_1MIN,False
2024-11-26 11:33:00,,,,,,,,,,,False,False,,,,,,,,,,False,4.83,-2.77,0.14,344.5,5.5,38886.0,True,NASA_CDAWEB_OMNI_HRO_1MIN,False
2024-11-26 11:34:00,,,,,,,,,,,False,False,,,,,,,,,,False,5.22,-2.2,-0.41,340.2,5.33,38047.0,True,NASA_CDAWEB_OMNI_HRO_1MIN,False
2024-11-26 11:35:00,,,,,,,,,,,False,False,,,,,,,,,,False,5.41,-1.97,-0.48,344.9,5.8,44205.0,True,NASA_CDAWEB_OMNI_HRO_1MIN,False
2024-11-26 11:36:00,,,,,,,,,,,False,False,,,,,,,,,,False,5.24,-2.01,-1.15,333.8,5.39,38776.0,True,NASA_CDAWEB_OMNI_HRO_1MIN,False
2024-11-26 11:37:00,,,,,,,,,,,False,False,,,,,,,,,,False,5.58,-1.42,-0.77,335.4,5.55,41920.0,True,NASA_CDAWEB_OMNI_HRO_1MIN,False
2024-11-26 11:38:00,,,,,,,,,,,False,False,,,,,,,,,,False,5.19,-1.5,-1.28,334.0,5.03,31630.0,True,NASA_CDAWEB_OMNI_HRO_1MIN,False
2024-11-26 11:39:00,,,,,,,,,,,False,False,,,,,,,,,,False,5.06,-1.71,-1.05,333.4,5.04,31592.0,True,NASA_CDAWEB_OMNI_HRO_1MIN,False
2024-11-26 11:40:00,,,,,,,,,,,False,False,,,,,,,,,,False,5.23,-1.58,-1.46,333.2,5.11,32648.0,True,NASA_CDAWEB_OMNI_HRO_1MIN,False
2024-11-26 11:41:00,,,,,,,,,,,False,False,,,,,,,,,,False,5.13,-2.14,-1.31,351.1,6.3,51251.0,True,NASA_CDAWEB_OMNI_HRO_1MIN,False
2024-11-26 11:42:00,,,,,,,,,,,False,False,,,,,,,,,,False,6.07,0.12,-1.24,340.0,5.47,39612.0,True,NASA_CDAWEB_OMNI_HRO_1MIN,False
2024-11-26 11:43:00,,,,,,,,,,,False,False,,,,,,,,,,False,6.02,-0.41,-1.49,333.4,4.98,32648.0,True,NASA_CDAWEB_OMNI_HRO_1MIN,False
2024-11-26 11:44:00,,,,,,,,,,,False,False,,,,,,,,,,False,5.43,-0.83,-2.35,335.0,5.13,33326.0,True,NASA_CDAWEB_OMNI_HRO_1MIN,False
2024-11-26 11:45:00,,,,,,,,,,,False,False,,,,,,,,,,False,6.02,-0.3,-1.52,335.0,5.13,33326.0,True,NASA_CDAWEB_OMNI_HRO_1MIN,False
2024-11-26 11:46:00,,,,,,,,,,,False,False,,,,,,,,,,False,5.97,-0.3,-1.65,333.6,4.97,31852.0,True,NASA_CDAWEB_OMNI_HRO_1MIN,False
2024-11-26 11:47:00,,,,,,,,,,,False,False,,,,,,,,,,False,5.64,-0.98,-1.93,333.5,4.96,31755.0,True,NASA_CDAWEB_OMNI_HRO_1MIN,False
2024-11-26 11:48:00,,,,,,,,,,,False,False,,,,,,,,,,False,5.27,-1.1,-2.42,333.5,4.96,31755.0,True,NASA_CDAWEB_OMNI_HRO_1MIN,False
2024-11-26 11:49:00,,,,,,,,,,,False,False,,,,,,,,,,False,5.97,-0.7,-1.54,333.6,5.13,33725.0,True,NASA_CDAWEB_OMNI_HRO_1MIN,False
2024-11-26 11:50:00,,,,,,,,,,,False,False,,,,,,,,,,False,5.93,-0.61,-1.72,333.6,5.13,33654.0,True,NASA_CDAWEB_OMNI_HRO_1MIN,False
2024-11-26 11:51:00,,,,,,,,,,,False,False,,,,,,,,,,False,5.36,-0.42,-2.74,334.4,5.1,31804.0,True,NASA_CDAWEB_OMNI_HRO_1MIN,False
2024-11-26 11:52:00,,,,,,,,,,,False,False,,,,,,,,,,False,5.92,-0.17,-1.9,334.4,5.1,31699.0,True,NASA_CDAWEB_OMNI_HRO_1MIN,False
2024-11-26 11:53:00,,,,,,,,,,,False,False,,,,,,,,,,False,5.49,-1.36,-2.09,,,,False,NASA_CDAWEB_OMNI_HRO_1MIN,False
2024-11-26 11:54:00,,,,,,,,,,,False,False,,,,,,,,,,False,5.84,-0.3,-2.0,,,,False,NASA_CDAWEB_OMNI_HRO_1MIN,False
2024-11-26 11:55:00,,,,,,,,,,,False,False,,,,,,,,,,False,5.68,-0.57,-1.97,333.6,5.15,33810.0,True,NASA_CDAWEB_OMNI_HRO_1MIN,False
2024-11-26 11:56:00,,,,,,,,,,,False,False,,,,,,,,,,False,6.03,-0.99,-1.12,333.6,5.15,33810.0,True,NASA_CDAWEB_OMNI_HRO_1MIN,False
2024-11-26 11:57:00,,,,,,,,,,,False,False,,,,,,,,,,False,6.07,-0.75,-1.11,333.7,5.34,34906.0,True,NASA_CDAWEB_OMNI_HRO_1MIN,False
2024-11-26 11:58:00,,,,,,,,,,,False,False,,,,,,,,,,False,5.67,-1.21,-1.79,342.1,5.08,34152.0,True,NASA_CDAWEB_OMNI_HRO_1MIN,False
2024-11-26 11:59:00,,,,,,,,,,,False,False,,,,,,,,,,False,5.79,-1.41,-1.33,342.9,4.95,32896.0,True,NASA_CDAWEB_OMNI_HRO_1MIN,False
2024-11-26 12:00:00,,,,,,,,,,,False,False,,,,,,,,,,False,6.04,-0.71,-1.3,333.4,5.0,31148.0,True,NASA_CDAWEB_OMNI_HRO_1MIN,False
2024-11-26 12:01:00,,,,,,,,,,,False,False,,,,,,,,,,False,5.69,-1.0,-1.89,333.4,5.0,31148.0,True,NASA_CDAWEB_OMNI_HRO_1MIN,False
2024-11-26 12:02:00,,,,,,,,,,,False,False,,,,,,,,,,False,6.07,-0.93,-1.14,333.4,5.17,33269.0,True,NASA_CDAWEB_OMNI_HRO_1MIN,False
2024-11-26 12:03:00,,,,,,,,,,,False,False,,,,,,,,,,False,6.04,-1.04,-1.13,333.4,5.17,33269.0,True,NASA_CDAWEB_OMNI_HRO_1MIN,False
2024-11-26 12:04:00,,,,,,,,,,,False,False,,,,,,,,,,False,5.73,-0.79,-1.81,,,,False,NASA_CDAWEB_OMNI_HRO_1MIN,False
2024-11-26 12:05:00,,,,,,,,,,,False,False,,,,,,,,,,False,5.71,-1.41,-1.6,332.8,4.95,29469.0,True,NASA_CDAWEB_OMNI_HRO_1MIN,False
2024-11-26 12:06:00,,,,,,,,,,,False,False,,,,,,,,,,False,6.04,-1.07,-1.19,332.8,4.95,29469.0,True,NASA_CDAWEB_OMNI_HRO_1MIN,False
2024-11-26 12:07:00,,,,,,,,,,,False,False,,,,,,,,,,False,6.06,-1.08,-1.17,332.8,4.95,29469.0,True,NASA_CDAWEB_OMNI_HRO_1MIN,False
2024-11-26 12:08:00,,,,,,,,,,,False,False,,,,,,,,,,False,5.6,-0.66,-2.0,333.7,5.04,32620.0,True,NASA_CDAWEB_OMNI_HRO_1MIN,False
2024-11-26 12:09:00,,,,,,,,,,,False,False,,,,,,,,,,False,6.08,-1.21,-0.6,333.7,5.04,32620.0,True,NASA_CDAWEB_OMNI_HRO_1MIN,False
2024-11-26 12:10:00,,,,,,,,,,,False,False,,,,,,,,,,False,6.09,-1.23,-0.64,,,,False,NASA_CDAWEB_OMNI_HRO_1MIN,False
2024-11-26 12:11:00,,,,,,,,,,,False,False,,,,,,,,,,False,5.59,-0.72,-1.99,333.2,5.07,31175.0,True,NASA_CDAWEB_OMNI_HRO_1MIN,False
2024-11-26 12:12:00,,,,,,,,,,,False,False,,,,,,,,,,False,5.73,-1.69,-1.27,337.8,5.52,37905.0,True,NASA_CDAWEB_OMNI_HRO_1MIN,False
2024-11-26 12:13:00,,,,,,,,,,,False,False,,,,,,,,,,False,6.06,-1.51,-0.4,344.2,6.13,47074.0,True,NASA_CDAWEB_OMNI_HRO_1MIN,False
2024-11-26 12:14:00,,,,,,,,,,,False,False,,,,,,,,,,False,5.7,-0.79,-1.56,,,,False,NASA_CDAWEB_OMNI_HRO_1MIN,False
2024-11-26 12:15:00,,,,,,,,,,,False,False,,,,,,,,,,False,6.09,-1.34,-0.27,332.8,4.97,31423.0,True,NASA_CDAWEB_OMNI_HRO_1MIN,False
2024-11-26 12:16:00,,,,,,,,,,,False,False,,,,,,,,,,False,6.12,-1.2,-0.29,332.8,4.97,31423.0,True,NASA_CDAWEB_OMNI_HRO_1MIN,False
2024-11-26 12:17:00,,,,,,,,,,,False,False,,,,,,,,,,False,5.98,-1.16,-0.56,,,,False,NASA_CDAWEB_OMNI_HRO_1MIN,False
2024-11-26 12:18:00,,,,,,,,,,,False,False,,,,,,,,,,False,5.81,-1.38,-0.96,332.9,5.0,31368.0,True,NASA_CDAWEB_OMNI_HRO_1MIN,False
2024-11-26 12:19:00,,,,,,,,,,,False,False,,,,,,,,,,False,6.0,-1.6,-0.18,333.1,4.97,30934.0,True,NASA_CDAWEB_OMNI_HRO_1MIN,False
2024-11-26 12:20:00,,,,,,,,,,,False,False,,,,,,,,,,False,5.68,-1.04,-1.39,337.1,5.23,33554.0,True,NASA_CDAWEB_OMNI_HRO_1MIN,False
2024-11-26 12:21:00,,,,,,,,,,,False,False,,,,,,,,,,False,6.04,-1.44,-0.15,343.6,5.91,41166.0,True,NASA_CDAWEB_OMNI_HRO_1MIN,False
2024-11-26 12:22:00,,,,,,,,,,,False,False,,,,,,,,,,False,6.06,-1.36,-0.22,,,,False,NASA_CDAWEB_OMNI_HRO_1MIN,False
2024-11-26 12:23:00,,,,,,,,,,,False,False,,,,,,,,,,False,5.76,-0.69,-1.29,331.9,4.93,30140.0,True,NASA_CDAWEB_OMNI_HRO_1MIN,False
2024-11-26 12:24:00,,,,,,,,,,,False,False,,,,,,,,,,False,4.78,0.76,-3.1,333.5,4.94,30488.0,True,NASA_CDAWEB_OMNI_HRO_1MIN,False
2024-11-26 12:25:00,,,,,,,,,,,False,False,,,,,,,,,,False,5.64,-0.01,-1.7,346.8,5.05,33477.0,True,NASA_CDAWEB_OMNI_HRO_1MIN,False
2024-11-26 12:26:00,,,,,,,,,,,False,False,,,,,,,,,,False,5.96,-0.72,-0.65,350.7,5.08,34356.0,True,NASA_CDAWEB_OMNI_HRO_1MIN,False
2024-11-26 12:27:00,,,,,,,,,,,False,False,,,,,,,,,,False,5.69,-0.06,-1.88,,,,False,NASA_CDAWEB_OMNI_HRO_1MIN,False
2024-11-26 12:28:00,,,,,,,,,,,False,False,,,,,,,,,,False,5.83,-0.09,-1.25,331.8,5.08,31622.0,True,NASA_CDAWEB_OMNI_HRO_1MIN,False
2024-11-26 12:29:00,,,,,,,,,,,False,False,,,,,,,,,,False,5.8,0.07,-1.05,336.0,5.59,41870.0,True,NASA_CDAWEB_OMNI_HRO_1MIN,False
2024-11-26 12:30:00,,,,,,,,,,,False,False,,,,,,,,,,False,5.07,0.34,-2.99,340.8,5.17,34814.0,True,NASA_CDAWEB_OMNI_HRO_1MIN,False
2024-11-26 12:31:00,,,,,,,,,,,False,False,,,,,,,,,,False,5.32,0.39,-2.87,344.2,5.83,53352.0,True,NASA_CDAWEB_OMNI_HRO_1MIN,False
2024-11-26 12:32:00,,,,,,,,,,,False,False,,,,,,,,,,False,4.98,-0.04,-3.33,341.8,6.58,72673.0,True,NASA_CDAWEB_OMNI_HRO_1MIN,False
2024-11-26 12:33:00,,,,,,,,,,,False,False,,,,,,,,,,False,4.83,0.03,-3.47,352.0,5.64,37300.0,True,NASA_CDAWEB_OMNI_HRO_1MIN,False
2024-11-26 12:34:00,,,,,,,,,,,False,False,,,,,,,,,,False,4.94,0.58,-3.54,352.0,5.64,37300.0,True,NASA_CDAWEB_OMNI_HRO_1MIN,False
2024-11-26 12:35:00,,,,,,,,,,,False,False,,,,,,,,,,False,4.77,0.41,-3.82,,,,False,NASA_CDAWEB_OMNI_HRO_1MIN,False
2024-11-26 12:36:00,,,,,,,,,,,False,False,,,,,,,,,,False,5.1,-0.33,-2.98,331.4,4.96,34385.0,True,NASA_CDAWEB_OMNI_HRO_1MIN,False
2024-11-26 12:37:00,,,,,,,,,,,False,False,,,,,,,,,,False,5.29,0.4,-2.82,339.9,5.36,38764.0,True,NASA_CDAWEB_OMNI_HRO_1MIN,False
2024-11-26 12:38:00,,,,,,,,,,,False,False,,,,,,,,,,False,5.62,0.19,-2.09,341.6,5.43,39640.0,True,NASA_CDAWEB_OMNI_HRO_1MIN,False
2024-11-26 12:39:00,,,,,,,,,,,False,False,,,,,,,,,,False,5.51,0.32,-2.39,,,,False,NASA_CDAWEB_OMNI_HRO_1MIN,False
2024-11-26 12:40:00,,,,,,,,,,,False,False,,,,,,,,,,False,5.52,0.5,-2.58,343.7,5.1,35960.0,True,NASA_CDAWEB_OMNI_HRO_1MIN,False
2024-11-26 12:41:00,,,,,,,,,,,False,False,,,,,,,,,,False,5.6,0.46,-2.2,342.5,5.05,34922.0,True,NASA_CDAWEB_OMNI_HRO_1MIN,False
2024-11-26 12:42:00,,,,,,,,,,,False,False,,,,,,,,,,False,5.37,0.68,-2.73,334.1,4.71,27539.0,True,NASA_CDAWEB_OMNI_HRO_1MIN,False
2024-11-26 12:43:00,,,,,,,,,,,False,False,,,,,,,,,,False,5.58,-0.11,-2.2,339.3,5.24,36725.0,True,NASA_CDAWEB_OMNI_HRO_1MIN,False
2024-11-26 12:44:00,,,,,,,,,,,False,False,,,,,,,,,,False,4.42,0.59,-3.9,342.4,5.5,40975.0,True,NASA_CDAWEB_OMNI_HRO_1MIN,False
2024-11-26 12:45:00,,,,,,,,,,,False,False,,,,,,,,,,False,4.94,0.31,-3.19,363.2,5.75,36371.0,True,NASA_CDAWEB_OMNI_HRO_1MIN,False
2024-11-26 12:46:00,,,,,,,,,,,False,False,,,,,,,,,,False,4.96,0.36,-3.23,340.3,5.49,36655.0,True,NASA_CDAWEB_OMNI_HRO_1MIN,False
2024-11-26 12:47:00,,,,,,,,,,,False,False,,,,,,,,,,False,5.06,0.41,-2.99,332.7,5.41,36851.0,True,NASA_CDAWEB_OMNI_HRO_1MIN,False
2024-11-26 12:48:00,,,,,,,,,,,False,False,,,,,,,,,,False,5.07,0.19,-3.14,353.5,6.11,44695.0,True,NASA_CDAWEB_OMNI_HRO_1MIN,False
2024-11-26 12:49:00,,,,,,,,,,,False,False,,,,,,,,,,False,4.8,-0.6,-3.62,353.0,6.06,44276.0,True,NASA_CDAWEB_OMNI_HRO_1MIN,False
2024-11-26 12:50:00,,,,,,,,,,,False,False,,,,,,,,,,False,5.34,-0.02,-2.73,346.3,5.47,38783.0,True,NASA_CDAWEB_OMNI_HRO_1MIN,False
2024-11-26 12:51:00,,,,,,,,,,,False,False,,,,,,,,,,False,5.52,-0.13,-2.57,334.8,4.68,28236.0,True,NASA_CDAWEB_OMNI_HRO_1MIN,False
2024-11-26 12:52:00,,,,,,,,,,,False,False,,,,,,,,,,False,5.53,-0.23,-2.5,347.0,6.54,57948.0,True,NASA_CDAWEB_OMNI_HRO_1MIN,False
2024-11-26 12:53:00,,,,,,,,,,,False,False,,,,,,,,,,False,5.39,-0.15,-2.61,344.6,5.64,43826.0,True,NASA_CDAWEB_OMNI_HRO_1MIN,False
2024-11-26 12:54:00,,,,,,,,,,,False,False,,,,,,,,,,False,5.25,-0.29,-2.78,337.0,5.09,33919.0,True,NASA_CDAWEB_OMNI_HRO_1MIN,False
2024-11-26 12:55:00,,,,,,,,,,,False,False,,,,,,,,,,False,4.97,-0.1,-3.59,333.6,4.94,30819.0,True,NASA_CDAWEB_OMNI_HRO_1MIN,False
2024-11-26 12:56:00,,,,,,,,,,,False,False,,,,,,,,,,False,4.92,-0.04,-3.62,345.2,6.78,62350.0,True,NASA_CDAWEB_OMNI_HRO_1MIN,False
2024-11-26 12:57:00,,,,,,,,,,,False,False,,,,,,,,,,False,4.89,-0.62,-3.54,343.4,6.87,66128.0,True,NASA_CDAWEB_OMNI_HRO_1MIN,False
2024-11-26 12:58:00,,,,,,,,,,,False,False,,,,,,,,,,False,5.17,-0.09,-3.22,343.3,6.88,66441.0,True,NASA_CDAWEB_OMNI_HRO_1MIN,False
2024-11-26 12:59:00,,,,,,,,,,,False,False,,,,,,,,,,False,5.27,-0.04,-3.21,,,,False,NASA_CDAWEB_OMNI_HRO_1MIN,False
2024-11-26 13:00:00,,,,,,,,,,,False,False,,,,,,,,,,False,5.49,-0.13,-2.4,,,,False,NASA_CDAWEB_OMNI_HRO_1MIN,False
2024-11-26 13:01:00,,,,,,,,,,,False,False,,,,,,,,,,False,5.76,1.11,-0.89,338.1,6.54,52472.0,True,NASA_CDAWEB_OMNI_HRO_1MIN,False
2024-11-26 13:02:00,,,,,,,,,,,False,False,,,,,,,,,,False,5.72,0.41,-0.07,338.1,6.5,52280.0,True,NASA_CDAWEB_OMNI_HRO_1MIN,False
2024-11-26 13:03:00,,,,,,,,,,,False,False,,,,,,,,,,False,5.56,-0.26,-0.89,339.0,5.51,46370.0,True,NASA_CDAWEB_OMNI_HRO_1MIN,False
2024-11-26 13:04:00,,,,,,,,,,,False,False,,,,,,,,,,False,5.49,0.49,-0.55,336.6,5.47,43582.0,True,NASA_CDAWEB_OMNI_HRO_1MIN,False
2024-11-26 13:05:00,,,,,,,,,,,False,False,,,,,,,,,,False,5.37,0.1,-0.25,341.8,7.05,44389.0,True,NASA_CDAWEB_OMNI_HRO_1MIN,False
2024-11-26 13:06:00,,,,,,,,,,,False,False,,,,,,,,,,False,5.49,0.01,-0.09,337.0,7.27,62617.0,True,NASA_CDAWEB_OMNI_HRO_1MIN,False
2024-11-26 13:07:00,,,,,,,,,,,False,False,,,,,,,,,,False,5.36,-0.49,-0.71,337.7,5.49,38206.0,True,NASA_CDAWEB_OMNI_HRO_1MIN,False
2024-11-26 13:08:00,,,,,,,,,,,False,False,,,,,,,,,,False,5.36,-0.3,-0.5,337.7,6.32,46191.0,True,NASA_CDAWEB_OMNI_HRO_1MIN,False
2024-11-26 13:09:00,,,,,,,,,,,False,False,,,,,,,,,,False,5.31,-0.97,-1.74,342.3,5.68,41031.0,True,NASA_CDAWEB_OMNI_HRO_1MIN,False
2024-11-26 13:10:00,,,,,,,,,,,False,False,,,,,,,,,,False,5.32,-1.17,-0.48,346.9,5.91,46053.0,True,NASA_CDAWEB_OMNI_HRO_1MIN,False
2024-11-26 13:11:00,,,,,,,,,,,False,False,,,,,,,,,,False,5.76,-0.01,0.21,341.0,6.62,47384.0,True,NASA_CDAWEB_OMNI_HRO_1MIN,False
2024-11-26 13:12:00,,,,,,,,,,,False,False,,,,,,,,,,False,5.72,-0.47,-0.09,331.9,5.26,38201.0,True,NASA_CDAWEB_OMNI_HRO_1MIN,False
2024-11-26 13:13:00,,,,,,,,,,,False,False,,,,,,,,,,False,5.8,-0.43,-0.22,338.4,5.82,43362.0,True,NASA_CDAWEB_OMNI_HRO_1MIN,False
2024-11-26 13:14:00,,,,,,,,,,,False,False,,,,,,,,,,False,6.03,0.17,0.38,339.8,6.81,63188.0,True,NASA_CDAWEB_OMNI_HRO_1MIN,False
2024-11-26 13:15:00,,,,,,,,,,,False,False,,,,,,,,,,False,5.74,-0.82,-0.81,337.1,6.93,67434.0,True,NASA_CDAWEB_OMNI_HRO_1MIN,False
2024-11-26 13:16:00,,,,,,,,,,,False,False,,,,,,,,,,False,5.61,-0.09,0.2,337.1,6.93,67451.0,True,NASA_CDAWEB_OMNI_HRO_1MIN,False
2024-11-26 13:17:00,,,,,,,,,,,False,False,,,,,,,,,,False,5.68,1.16,0.87,339.4,6.59,45233.0,True,NASA_CDAWEB_OMNI_HRO_1MIN,False
2024-11-26 13:18:00,,,,,,,,,,,False,False,,,,,,,,,,False,5.75,0.1,-0.35,335.5,6.04,40569.0,True,NASA_CDAWEB_OMNI_HRO_1MIN,False
2024-11-26 13:19:00,,,,,,,,,,,False,False,,,,,,,,,,False,6.07,0.28,0.13,329.6,5.21,33582.0,True,NASA_CDAWEB_OMNI_HRO_1MIN,False
2024-11-26 13:20:00,,,,,,,,,,,False,False,,,,,,,,,,False,6.03,-0.23,-0.19,331.5,4.97,33587.0,True,NASA_CDAWEB_OMNI_HRO_1MIN,False
2024-11-26 13:21:00,,,,,,,,,,,False,False,,,,,,,,,,False,6.09,-0.05,0.3,331.1,4.97,33453.0,True,NASA_CDAWEB_OMNI_HRO_1MIN,False
2024-11-26 13:22:00,,,,,,,,,,,False,False,,,,,,,,,,False,5.91,-0.31,-0.32,329.5,4.96,32873.0,True,NASA_CDAWEB_OMNI_HRO_1MIN,False
2024-11-26 13:23:00,,,,,,,,,,,False,False,,,,,,,,,,False,6.02,0.28,0.25,,,,False,NASA_CDAWEB_OMNI_HRO_1MIN,False
2024-11-26 13:24:00,,,,,,,,,,,False,False,,,,,,,,,,False,5.71,-0.64,-0.21,331.3,5.35,35839.0,True,NASA_CDAWEB_OMNI_HRO_1MIN,False
2024-11-26 13:25:00,,,,,,,,,,,False,False,,,,,,,,,,False,5.68,-0.15,1.48,333.2,5.41,37578.0,True,NASA_CDAWEB_OMNI_HRO_1MIN,False
2024-11-26 13:26:00,,,,,,,,,,,False,False,,,,,,,,,,False,5.69,-0.61,-0.02,337.0,5.86,47528.0,True,NASA_CDAWEB_OMNI_HRO_1MIN,False
2024-11-26 13:27:00,,,,,,,,,,,False,False,,,,,,,,,,False,5.69,-0.81,0.07,339.2,6.08,49184.0,True,NASA_CDAWEB_OMNI_HRO_1MIN,False
2024-11-26 13:28:00,,,,,,,,,,,False,False,,,,,,,,,,False,5.59,-0.86,0.5,331.7,5.29,35746.0,True,NASA_CDAWEB_OMNI_HRO_1MIN,False
2024-11-26 13:29:00,,,,,,,,,,,False,False,,,,,,,,,,False,5.33,-1.5,-0.07,334.5,5.42,35956.0,True,NASA_CDAWEB_OMNI_HRO_1MIN,False
2024-11-26 13:30:00,,,,,,,,,,,False,False,,,,,,,,,,False,5.56,-1.1,1.08,335.5,5.48,36108.0,True,NASA_CDAWEB_OMNI_HRO_1MIN,False
2024-11-26 13:31:00,,,,,,,,,,,False,False,,,,,,,,,,False,5.56,-1.18,-0.24,332.4,5.61,40053.0,True,NASA_CDAWEB_OMNI_HRO_1MIN,False
2024-11-26 13:32:00,,,,,,,,,,,False,False,,,,,,,,,,False,5.17,-2.11,-0.88,332.7,5.5,38939.0,True,NASA_CDAWEB_OMNI_HRO_1MIN,False
2024-11-26 13:33:00,,,,,,,,,,,False,False,,,,,,,,,,False,5.74,-1.44,-0.81,333.7,5.07,34326.0,True,NASA_CDAWEB_OMNI_HRO_1MIN,False
2024-11-26 13:34:00,,,,,,,,,,,False,False,,,,,,,,,,False,5.39,-1.58,-1.65,334.1,5.16,36111.0,True,NASA_CDAWEB_OMNI_HRO_1MIN,False
2024-11-26 13:35:00,,,,,,,,,,,False,False,,,,,,,,,,False,5.62,-1.35,-0.96,335.8,5.24,35964.0,True,NASA_CDAWEB_OMNI_HRO_1MIN,False
2024-11-26 13:36:00,,,,,,,,,,,False,False,,,,,,,,,,False,5.27,-2.29,-1.82,336.7,5.28,35872.0,True,NASA_CDAWEB_OMNI_HRO_1MIN,False
2024-11-26 13:37:00,,,,,,,,,,,False,False,,,,,,,,,,False,5.22,-1.73,-1.78,345.1,6.23,48660.0,True,NASA_CDAWEB_OMNI_HRO_1MIN,False
2024-11-26 13:38:00,,,,,,,,,,,False,False,,,,,,,,,,False,5.54,-0.6,1.33,345.1,6.23,48660.0,True,NASA_CDAWEB_OMNI_HRO_1MIN,False
2024-11-26 13:39:00,,,,,,,,,,,False,False,,,,,,,,,,False,5.37,0.98,-1.81,345.1,6.23,48660.0,True,NASA_CDAWEB_OMNI_HRO_1MIN,False
2024-11-26 13:40:00,,,,,,,,,,,False,False,,,,,,,,,,False,5.68,0.6,-1.53,339.3,5.27,37011.0,True,NASA_CDAWEB_OMNI_HRO_1MIN,False
2024-11-26 13:41:00,,,,,,,,,,,False,False,,,,,,,,,,False,5.6,-1.09,1.12,340.2,5.34,39772.0,True,NASA_CDAWEB_OMNI_HRO_1MIN,False
2024-11-26 13:42:00,,,,,,,,,,,False,False,,,,,,,,,,False,5.62,1.54,-1.52,340.5,5.36,40709.0,True,NASA_CDAWEB_OMNI_HRO_1MIN,False
2024-11-26 13:43:00,,,,,,,,,,,False,False,,,,,,,,,,False,5.58,-1.13,2.25,,,,False,NASA_CDAWEB_OMNI_HRO_1MIN,False
2024-11-26 13:44:00,,,,,,,,,,,False,False,,,,,,,,,,False,5.58,-0.17,-1.54,336.0,5.93,46388.0,True,NASA_CDAWEB_OMNI_HRO_1MIN,False
2024-11-26 13:45:00,,,,,,,,,,,False,False,,,,,,,,,,False,5.78,-0.87,-1.31,336.0,5.93,46388.0,True,NASA_CDAWEB_OMNI_HRO_1MIN,False
2024-11-26 13:46:00,,,,,,,,,,,False,False,,,,,,,,,,False,5.71,-0.1,-0.16,333.9,4.72,28752.0,True,NASA_CDAWEB_OMNI_HRO_1MIN,False
2024-11-26 13:47:00,,,,,,,,,,,False,False,,,,,,,,,,False,5.74,-0.79,-1.41,333.9,4.73,28918.0,True,NASA_CDAWEB_OMNI_HRO_1MIN,False
2024-11-26 13:48:00,,,,,,,,,,,False,False,,,,,,,,,,False,5.74,-1.24,-1.26,339.8,6.51,54124.0,True,NASA_CDAWEB_OMNI_HRO_1MIN,False
2024-11-26 13:49:00,,,,,,,,,,,False,False,,,,,,,,,,False,5.71,-0.86,-0.33,339.8,6.51,54124.0,True,NASA_CDAWEB_OMNI_HRO_1MIN,False
2024-11-26 13:50:00,,,,,,,,,,,False,False,,,,,,,,,,False,5.58,-1.31,-1.64,336.1,6.48,59309.0,True,NASA_CDAWEB_OMNI_HRO_1MIN,False
2024-11-26 13:51:00,,,,,,,,,,,False,False,,,,,,,,,,False,5.36,-1.23,-0.64,336.1,6.48,59309.0,True,NASA_CDAWEB_OMNI_HRO_1MIN,False
2024-11-26 13:52:00,,,,,,,,,,,False,False,,,,,,,,,,False,5.54,-0.85,-2.08,336.1,6.48,59309.0,True,NASA_CDAWEB_OMNI_HRO_1MIN,False
2024-11-26 13:53:00,,,,,,,,,,,False,False,,,,,,,,,,False,5.69,-0.62,-1.44,,,,False,NASA_CDAWEB_OMNI_HRO_1MIN,False
2024-11-26 13:54:00,,,,,,,,,,,False,False,,,,,,,,,,False,4.94,-1.57,0.94,334.5,5.86,37782.0,True,NASA_CDAWEB_OMNI_HRO_1MIN,False
2024-11-26 13:55:00,,,,,,,,,,,False,False,,,,,,,,,,False,5.62,-0.61,-1.87,334.5,5.86,37782.0,True,NASA_CDAWEB_OMNI_HRO_1MIN,False
2024-11-26 13:56:00,,,,,,,,,,,False,False,,,,,,,,,,False,5.57,-1.29,0.63,334.5,5.86,37782.0,True,NASA_CDAWEB_OMNI_HRO_1MIN,False
2024-11-26 13:57:00,,,,,,,,,,,False,False,,,,,,,,,,False,5.74,-0.59,-1.3,336.2,5.62,40835.0,True,NASA_CDAWEB_OMNI_HRO_1MIN,False
2024-11-26 13:58:00,,,,,,,,,,,False,False,,,,,,,,,,False,5.35,-0.52,-1.74,336.2,5.62,40835.0,True,NASA_CDAWEB_OMNI_HRO_1MIN,False
2024-11-26 13:59:00,,,,,,,,,,,False,False,,,,,,,,,,False,5.65,-1.2,-0.82,336.2,5.62,40835.0,True,NASA_CDAWEB_OMNI_HRO_1MIN,False
2024-11-26 14:00:00,,,,,,,,,,,False,False,,,,,,,,,,False,,,,,,,False,NASA_CDAWEB_OMNI_HRO_1MIN,False
2024-11-26 14:01:00,,,,,,,,,,,False,False,,,,,,,,,,False,5.33,-0.95,-0.46,,,,False,NASA_CDAWEB_OMNI_HRO_1MIN,False
2024-11-26 14:02:00,,,,,,,,,,,False,False,,,,,,,,,,False,,,,,,,False,NASA_CDAWEB_OMNI_HRO_1MIN,False
2024-11-26 14:03:00,,,,,,,,,,,False,False,,,,,,,,,,False,5.81,-0.65,-1.01,,,,False,NASA_CDAWEB_OMNI_HRO_1MIN,False
2024-11-26 14:04:00,,,,,,,,,,,False,False,,,,,,,,,,False,5.84,-0.54,-1.54,,,,False,NASA_CDAWEB_OMNI_HRO_1MIN,False
2024-11-26 14:05:00,,,,,,,,,,,False,False,,,,,,,,,,False,5.83,-0.9,-0.81,,,,False,NASA_CDAWEB_OMNI_HRO_1MIN,False
2024-11-26 14:06:00,,,,,,,,,,,False,False,,,,,,,,,,False,5.24,-1.45,1.13,337.4,5.31,36345.0,True,NASA_CDAWEB_OMNI_HRO_1MIN,False
2024-11-26 14:07:00,,,,,,,,,,,False,False,,,,,,,,,,False,5.83,-0.66,-1.1,337.4,5.31,36345.0,True,NASA_CDAWEB_OMNI_HRO_1MIN,False
2024-11-26 14:08:00,,,,,,,,,,,False,False,,,,,,,,,,False,,,,,,,False,NASA_CDAWEB_OMNI_HRO_1MIN,False
2024-11-26 14:09:00,,,,,,,,,,,False,False,,,,,,,,,,False,5.66,-1.02,-1.15,335.2,7.01,84851.0,True,NASA_CDAWEB_OMNI_HRO_1MIN,False
2024-11-26 14:10:00,,,,,,,,,,,False,False,,,,,,,,,,False,4.85,-2.28,-2.82,335.2,7.01,84851.0,True,NASA_CDAWEB_OMNI_HRO_1MIN,False
2024-11-26 14:11:00,,,,,,,,,,,False,False,,,,,,,,,,False,5.59,-0.11,-2.06,334.4,6.64,63064.0,True,NASA_CDAWEB_OMNI_HRO_1MIN,False
2024-11-26 14:12:00,,,,,,,,,,,False,False,,,,,,,,,,False,5.32,-1.41,-0.12,333.5,6.19,36167.0,True,NASA_CDAWEB_OMNI_HRO_1MIN,False
2024-11-26 14:13:00,,,,,,,,,,,False,False,,,,,,,,,,False,5.66,-0.58,-1.58,333.5,6.19,36167.0,True,NASA_CDAWEB_OMNI_HRO_1MIN,False
2024-11-26 14:14:00,,,,,,,,,,,False,False,,,,,,,,,,False,5.64,-0.62,-1.64,,,,False,NASA_CDAWEB_OMNI_HRO_1MIN,False
2024-11-26 14:15:00,,,,,,,,,,,False,False,,,,,,,,,,False,5.72,-0.51,-1.35,,,,False,NASA_CDAWEB_OMNI_HRO_1MIN,False
2024-11-26 14:16:00,,,,,,,,,,,False,False,,,,,,,,,,False,5.58,-0.69,-1.4,,,,False,NASA_CDAWEB_OMNI_HRO_1MIN,False
2024-11-26 14:17:00,,,,,,,,,,,False,False,,,,,,,,,,False,5.59,-0.67,-1.65,334.7,7.04,68218.0,True,NASA_CDAWEB_OMNI_HRO_1MIN,False
2024-11-26 14:18:00,,,,,,,,,,,False,False,,,,,,,,,,False,5.69,-0.03,-1.7,333.5,6.29,47639.0,True,NASA_CDAWEB_OMNI_HRO_1MIN,False
2024-11-26 14:19:00,,,,,,,,,,,False,False,,,,,,,,,,False,5.41,-0.7,-0.56,333.1,6.09,41784.0,True,NASA_CDAWEB_OMNI_HRO_1MIN,False
2024-11-26 14:20:00,,,,,,,,,,,False,False,,,,,,,,,,False,5.61,0.57,-1.92,,,,False,NASA_CDAWEB_OMNI_HRO_1MIN,False
2024-11-26 14:21:00,,,,,,,,,,,False,False,,,,,,,,,,False,5.64,-0.2,-1.68,337.8,6.86,58818.0,True,NASA_CDAWEB_OMNI_HRO_1MIN,False
2024-11-26 14:22:00,,,,,,,,,,,False,False,,,,,,,,,,False,5.71,-0.1,-1.39,337.8,6.86,58818.0,True,NASA_CDAWEB_OMNI_HRO_1MIN,False
2024-11-26 14:23:00,,,,,,,,,,,False,False,,,,,,,,,,False,5.43,0.35,-2.53,,,,False,NASA_CDAWEB_OMNI_HRO_1MIN,False
2024-11-26 14:24:00,,,,,,,,,,,False,False,,,,,,,,,,False,5.56,0.26,-1.77,,,,False,NASA_CDAWEB_OMNI_HRO_1MIN,False
2024-11-26 14:25:00,,,,,,,,,,,False,False,,,,,,,,,,False,5.27,-0.59,0.14,,,,False,NASA_CDAWEB_OMNI_HRO_1MIN,False
2024-11-26 14:26:00,,,,,,,,,,,False,False,,,,,,,,,,False,4.9,-1.92,1.55,341.9,6.24,53769.0,True,NASA_CDAWEB_OMNI_HRO_1MIN,False
2024-11-26 14:27:00,,,,,,,,,,,False,False,,,,,,,,,,False,4.99,-1.02,-1.15,339.1,6.56,61921.0,True,NASA_CDAWEB_OMNI_HRO_1MIN,False
2024-11-26 14:28:00,,,,,,,,,,,False,False,,,,,,,,,,False,5.24,-1.71,1.23,344.8,6.69,58209.0,True,NASA_CDAWEB_OMNI_HRO_1MIN,False
2024-11-26 14:29:00,,,,,,,,,,,False,False,,,,,,,,,,False,5.23,-0.43,0.45,342.6,6.15,43170.0,True,NASA_CDAWEB_OMNI_HRO_1MIN,False
2024-11-26 14:30:00,,,,,,,,,,,False,False,,,,,,,,,,False,5.21,-1.25,-0.02,342.2,5.96,40365.0,True,NASA_CDAWEB_OMNI_HRO_1MIN,False
2024-11-26 14:31:00,,,,,,,,,,,False,False,,,,,,,,,,False,5.05,-1.27,-0.38,,,,False,NASA_CDAWEB_OMNI_HRO_1MIN,False
2024-11-26 14:32:00,,,,,,,,,,,False,False,,,,,,,,,,False,4.97,-1.49,0.63,349.3,6.55,55398.0,True,NASA_CDAWEB_OMNI_HRO_1MIN,False
2024-11-26 14:33:00,,,,,,,,,,,False,False,,,,,,,,,,False,4.95,-1.32,-0.05,345.6,6.43,54347.0,True,NASA_CDAWEB_OMNI_HRO_1MIN,False
2024-11-26 14:34:00,,,,,,,,,,,False,False,,,,,,,,,,False,5.01,-2.18,-1.05,337.4,6.63,64703.0,True,NASA_CDAWEB_OMNI_HRO_1MIN,False
2024-11-26 14:35:00,,,,,,,,,,,False,False,,,,,,,,,,False,4.84,-1.25,-3.14,335.8,6.63,62209.0,True,NASA_CDAWEB_OMNI_HRO_1MIN,False
2024-11-26 14:36:00,,,,,,,,,,,False,False,,,,,,,,,,False,4.6,-2.55,-2.32,337.0,6.5,55838.0,True,NASA_CDAWEB_OMNI_HRO_1MIN,False
2024-11-26 14:37:00,,,,,,,,,,,False,False,,,,,,,,,,False,4.9,-2.17,-2.48,344.3,7.03,57943.0,True,NASA_CDAWEB_OMNI_HRO_1MIN,False
2024-11-26 14:38:00,,,,,,,,,,,False,False,,,,,,,,,,False,4.95,-1.52,-3.34,346.4,7.19,58554.0,True,NASA_CDAWEB_OMNI_HRO_1MIN,False
2024-11-26 14:39:00,,,,,,,,,,,False,False,,,,,,,,,,False,5.25,-2.03,-1.92,,,,False,NASA_CDAWEB_OMNI_HRO_1MIN,False
2024-11-26 14:40:00,,,,,,,,,,,False,False,,,,,,,,,,False,4.95,-1.75,-2.96,,,,False,NASA_CDAWEB_OMNI_HRO_1MIN,False
2024-11-26 14:41:00,,,,,,,,,,,False,False,,,,,,,,,,False,5.16,-1.75,-1.88,,,,False,NASA_CDAWEB_OMNI_HRO_1MIN,False
2024-11-26 14:42:00,,,,,,,,,,,False,False,,,,,,,,,,False,4.72,-1.68,0.12,,,,False,NASA_CDAWEB_OMNI_HRO_1MIN,False
2024-11-26 14:43:00,,,,,,,,,,,False,False,,,,,,,,,,False,5.27,-2.12,-1.28,342.2,6.63,58103.0,True,NASA_CDAWEB_OMNI_HRO_1MIN,False
2024-11-26 14:44:00,,,,,,,,,,,False,False,,,,,,,,,,False,4.71,-1.86,-0.95,342.2,6.63,58103.0,True,NASA_CDAWEB_OMNI_HRO_1MIN,False
2024-11-26 14:45:00,,,,,,,,,,,False,False,,,,,,,,,,False,4.8,-1.7,0.08,,,,False,NASA_CDAWEB_OMNI_HRO_1MIN,False
2024-11-26 14:46:00,,,,,,,,,,,False,False,,,,,,,,,,False,5.38,-0.82,-2.91,333.4,5.68,44170.0,True,NASA_CDAWEB_OMNI_HRO_1MIN,False
2024-11-26 14:47:00,,,,,,,,,,,False,False,,,,,,,,,,False,4.94,-2.42,-1.72,336.3,6.23,53063.0,True,NASA_CDAWEB_OMNI_HRO_1MIN,False
2024-11-26 14:48:00,,,,,,,,,,,False,False,,,,,,,,,,False,4.95,-0.92,-3.52,341.2,7.17,68520.0,True,NASA_CDAWEB_OMNI_HRO_1MIN,False
2024-11-26 14:49:00,,,,,,,,,,,False,False,,,,,,,,,,False,4.98,-0.53,-3.6,,,,False,NASA_CDAWEB_OMNI_HRO_1MIN,False
2024-11-26 14:50:00,,,,,,,,,,,False,False,,,,,,,,,,False,5.02,-1.12,-3.44,344.9,7.0,69609.0,True,NASA_CDAWEB_OMNI_HRO_1MIN,False
2024-11-26 14:51:00,,,,,,,,,,,False,False,,,,,,,,,,False,5.02,-1.43,-3.32,344.9,7.0,69609.0,True,NASA_CDAWEB_OMNI_HRO_1MIN,False
2024-11-26 14:52:00,,,,,,,,,,,False,False,,,,,,,,,,False,4.6,0.72,-3.89,,,,False,NASA_CDAWEB_OMNI_HRO_1MIN,False
2024-11-26 14:53:00,,,,,,,,,,,False,False,,,,,,,,,,False,4.4,-1.28,-4.1,353.5,6.84,54051.0,True,NASA_CDAWEB_OMNI_HRO_1MIN,False
2024-11-26 14:54:00,,,,,,,,,,,False,False,,,,,,,,,,False,4.25,-1.65,-4.09,353.5,6.84,54051.0,True,NASA_CDAWEB_OMNI_HRO_1MIN,False
2024-11-26 14:55:00,,,,,,,,,,,False,False,,,,,,,,,,False,5.02,-1.32,-3.4,344.9,6.96,69153.0,True,NASA_CDAWEB_OMNI_HRO_1MIN,False
2024-11-26 14:56:00,,,,,,,,,,,False,False,,,,,,,,,,False,5.21,-1.89,-3.06,343.9,6.97,70887.0,True,NASA_CDAWEB_OMNI_HRO_1MIN,False
2024-11-26 14:57:00,,,,,,,,,,,False,False,,,,,,,,,,False,5.3,-2.34,-2.48,344.3,6.78,58496.0,True,NASA_CDAWEB_OMNI_HRO_1MIN,False
2024-11-26 14:58:00,,,,,,,,,,,False,False,,,,,,,,,,False,,,,344.4,6.67,56332.0,False,NASA_CDAWEB_OMNI_HRO_1MIN,False
2024-11-26 14:59:00,,,,,,,,,,,False,False,,,,,,,,,,False,3.8,-3.8,-3.29,,,,False,NASA_CDAWEB_OMNI_HRO_1MIN,False
2024-11-26 15:00:00,,,,,,,,,,,False,False,,,,,,,,,,False,4.16,-3.68,-3.0,,,,False,NASA_CDAWEB_OMNI_HRO_1MIN,False
2024-11-26 15:01:00,,,,,,,,,,,False,False,,,,,,,,,,False,4.49,-3.42,-2.75,350.2,6.26,44001.0,True,NASA_CDAWEB_OMNI_HRO_1MIN,False
2024-11-26 15:02:00,,,,,,,,,,,False,False,,,,,,,,,,False,2.73,-5.3,-1.31,350.4,6.23,44116.0,True,NASA_CDAWEB_OMNI_HRO_1MIN,False
2024-11-26 15:03:00,,,,,,,,,,,False,False,,,,,,,,,,False,3.23,-5.0,-1.27,364.4,6.28,44455.0,True,NASA_CDAWEB_OMNI_HRO_1MIN,False
2024-11-26 15:04:00,,,,,,,,,,,False,False,,,,,,,,,,False,4.06,-3.86,-2.7,365.4,6.29,44465.0,True,NASA_CDAWEB_OMNI_HRO_1MIN,False
2024-11-26 15:05:00,,,,,,,,,,,False,False,,,,,,,,,,False,2.86,-5.44,-0.68,,,,False,NASA_CDAWEB_OMNI_HRO_1MIN,False
2024-11-26 15:06:00,,,,,,,,,,,False,False,,,,,,,,,,False,2.7,-5.62,-0.71,360.2,5.94,43227.0,True,NASA_CDAWEB_OMNI_HRO_1MIN,False
2024-11-26 15:07:00,,,,,,,,,,,False,False,,,,,,,,,,False,2.44,-5.77,-0.5,360.2,5.94,43227.0,True,NASA_CDAWEB_OMNI_HRO_1MIN,False
2024-11-26 15:08:00,,,,,,,,,,,False,False,,,,,,,,,,False,3.53,-3.54,-2.24,360.2,5.94,43227.0,True,NASA_CDAWEB_OMNI_HRO_1MIN,False
2024-11-26 15:09:00,,,,,,,,,,,False,False,,,,,,,,,,False,2.45,-5.77,-0.75,364.9,6.28,43454.0,True,NASA_CDAWEB_OMNI_HRO_1MIN,False
2024-11-26 15:10:00,,,,,,,,,,,False,False,,,,,,,,,,False,2.02,-5.94,-0.92,364.9,6.28,43454.0,True,NASA_CDAWEB_OMNI_HRO_1MIN,False
2024-11-26 15:11:00,,,,,,,,,,,False,False,,,,,,,,,,False,0.55,-6.01,0.03,,,,False,NASA_CDAWEB_OMNI_HRO_1MIN,False
2024-11-26 15:12:00,,,,,,,,,,,False,False,,,,,,,,,,False,1.0,-6.09,-0.44,369.7,6.55,37300.0,True,NASA_CDAWEB_OMNI_HRO_1MIN,False
2024-11-26 15:13:00,,,,,,,,,,,False,False,,,,,,,,,,False,0.89,-6.04,-0.75,369.7,6.55,37300.0,True,NASA_CDAWEB_OMNI_HRO_1MIN,False
2024-11-26 15:14:00,,,,,,,,,,,False,False,,,,,,,,,,False,1.27,-6.13,-0.3,369.7,6.55,37300.0,True,NASA_CDAWEB_OMNI_HRO_1MIN,False
2024-11-26 15:15:00,,,,,,,,,,,False,False,,,,,,,,,,False,2.07,-5.86,-0.08,364.1,6.79,41593.0,True,NASA_CDAWEB_OMNI_HRO_1MIN,False
2024-11-26 15:16:00,,,,,,,,,,,False,False,,,,,,,,,,False,2.68,-5.55,0.24,362.8,6.63,43492.0,True,NASA_CDAWEB_OMNI_HRO_1MIN,False
2024-11-26 15:17:00,,,,,,,,,,,False,False,,,,,,,,,,False,2.6,-5.56,0.49,361.4,6.45,45456.0,True,NASA_CDAWEB_OMNI_HRO_1MIN,False
2024-11-26 15:18:00,,,,,,,,,,,False,False,,,,,,,,,,False,3.51,-4.87,1.35,,,,False,NASA_CDAWEB_OMNI_HRO_1MIN,False
2024-11-26 15:19:00,,,,,,,,,,,False,False,,,,,,,,,,False,2.7,-5.33,1.37,355.6,5.98,48776.0,True,NASA_CDAWEB_OMNI_HRO_1MIN,False
2024-11-26 15:20:00,,,,,,,,,,,False,False,,,,,,,,,,False,2.4,-5.23,1.88,355.3,6.67,58195.0,True,NASA_CDAWEB_OMNI_HRO_1MIN,False
2024-11-26 15:21:00,,,,,,,,,,,False,False,,,,,,,,,,False,2.91,-5.11,1.18,360.9,6.42,48638.0,True,NASA_CDAWEB_OMNI_HRO_1MIN,False
2024-11-26 15:22:00,,,,,,,,,,,False,False,,,,,,,,,,False,2.87,-4.89,1.55,362.8,6.24,43909.0,True,NASA_CDAWEB_OMNI_HRO_1MIN,False
2024-11-26 15:23:00,,,,,,,,,,,False,False,,,,,,,,,,False,2.75,-4.75,2.15,,,,False,NASA_CDAWEB_OMNI_HRO_1MIN,False
2024-11-26 15:24:00,,,,,,,,,,,False,False,,,,,,,,,,False,1.29,-5.47,1.51,365.7,7.1,48831.0,True,NASA_CDAWEB_OMNI_HRO_1MIN,False
2024-11-26 15:25:00,,,,,,,,,,,False,False,,,,,,,,,,False,1.16,-5.54,1.42,365.7,7.1,48831.0,True,NASA_CDAWEB_OMNI_HRO_1MIN,False
2024-11-26 15:26:00,,,,,,,,,,,False,False,,,,,,,,,,False,1.94,-5.35,1.54,365.7,7.1,48831.0,True,NASA_CDAWEB_OMNI_HRO_1MIN,False
2024-11-26 15:27:00,,,,,,,,,,,False,False,,,,,,,,,,False,,,,,,,False,NASA_CDAWEB_OMNI_HRO_1MIN,False
2024-11-26 15:28:00,,,,,,,,,,,False,False,,,,,,,,,,False,1.5,-5.19,2.07,,,,False,NASA_CDAWEB_OMNI_HRO_1MIN,False
2024-11-26 15:29:00,,,,,,,,,,,False,False,,,,,,,,,,False,4.62,-3.31,1.59,,,,False,NASA_CDAWEB_OMNI_HRO_1MIN,False
2024-11-26 15:30:00,,,,,,,,,,,False,False,,,,,,,,,,False,4.62,-3.31,1.59,,,,False,NASA_CDAWEB_OMNI_HRO_1MIN,False
2024-11-26 15:31:00,,,,,,,,,,,False,False,,,,,,,,,,False,4.81,-3.19,1.35,,,,False,NASA_CDAWEB_OMNI_HRO_1MIN,False
2024-11-26 15:32:00,,,,,,,,,,,False,False,,,,,,,,,,False,4.21,-4.12,1.05,349.6,6.41,41561.0,True,NASA_CDAWEB_OMNI_HRO_1MIN,False
2024-11-26 15:33:00,,,,,,,,,,,False,False,,,,,,,,,,False,3.17,-4.47,1.38,349.6,6.41,41561.0,True,NASA_CDAWEB_OMNI_HRO_1MIN,False
2024-11-26 15:34:00,,,,,,,,,,,False,False,,,,,,,,,,False,4.3,-3.11,0.6,348.8,6.48,42773.0,True,NASA_CDAWEB_OMNI_HRO_1MIN,False
2024-11-26 15:35:00,,,,,,,,,,,False,False,,,,,,,,,,False,4.6,-3.38,0.64,335.9,7.55,62534.0,True,NASA_CDAWEB_OMNI_HRO_1MIN,False
2024-11-26 15:36:00,,,,,,,,,,,False,False,,,,,,,,,,False,4.75,-3.59,0.47,335.9,7.55,62534.0,True,NASA_CDAWEB_OMNI_HRO_1MIN,False
2024-11-26 15:37:00,,,,,,,,,,,False,False,,,,,,,,,,False,4.76,-3.53,0.63,,,,False,NASA_CDAWEB_OMNI_HRO_1MIN,False
2024-11-26 15:38:00,,,,,,,,,,,False,False,,,,,,,,,,False,5.2,-2.87,0.59,,,,False,NASA_CDAWEB_OMNI_HRO_1MIN,False
2024-11-26 15:39:00,,,,,,,,,,,False,False,,,,,,,,,,False,5.14,-2.91,0.55,340.6,6.94,58103.0,True,NASA_CDAWEB_OMNI_HRO_1MIN,False
2024-11-26 15:40:00,,,,,,,,,,,False,False,,,,,,,,,,False,5.31,-2.59,0.31,340.6,6.94,58103.0,True,NASA_CDAWEB_OMNI_HRO_1MIN,False
2024-11-26 15:41:00,,,,,,,,,,,False,False,,,,,,,,,,False,5.45,-2.1,0.8,340.6,6.94,58103.0,True,NASA_CDAWEB_OMNI_HRO_1MIN,False
2024-11-26 15:42:00,,,,,,,,,,,False,False,,,,,,,,,,False,5.44,-2.02,0.96,,,,False,NASA_CDAWEB_OMNI_HRO_1MIN,False
2024-11-26 15:43:00,,,,,,,,,,,False,False,,,,,,,,,,False,5.49,-1.96,0.72,334.4,6.78,57841.0,True,NASA_CDAWEB_OMNI_HRO_1MIN,False
2024-11-26 15:44:00,,,,,,,,,,,False,False,,,,,,,,,,False,5.62,-1.89,0.45,334.4,6.78,57841.0,True,NASA_CDAWEB_OMNI_HRO_1MIN,False
2024-11-26 15:45:00,,,,,,,,,,,False,False,,,,,,,,,,False,5.63,-1.84,-0.08,334.4,6.78,57841.0,True,NASA_CDAWEB_OMNI_HRO_1MIN,False
2024-11-26 15:46:00,,,,,,,,,,,False,False,,,,,,,,,,False,5.63,-1.72,0.27,,,,False,NASA_CDAWEB_OMNI_HRO_1MIN,False
2024-11-26 15:47:00,,,,,,,,,,,False,False,,,,,,,,,,False,5.55,-1.84,0.51,,,,False,NASA_CDAWEB_OMNI_HRO_1MIN,False
2024-11-26 15:48:00,,,,,,,,,,,False,False,,,,,,,,,,False,5.77,-1.21,0.47,,,,False,NASA_CDAWEB_OMNI_HRO_1MIN,False
2024-11-26 15:49:00,,,,,,,,,,,False,False,,,,,,,,,,False,5.7,-1.18,-0.73,,,,False,NASA_CDAWEB_OMNI_HRO_1MIN,False
2024-11-26 15:50:00,,,,,,,,,,,False,False,,,,,,,,,,False,5.65,-0.4,-1.78,,,,False,NASA_CDAWEB_OMNI_HRO_1MIN,False
2024-11-26 15:51:00,,,,,,,,,,,False,False,,,,,,,,,,False,5.7,0.06,-1.6,,,,False,NASA_CDAWEB_OMNI_HRO_1MIN,False
2024-11-26 15:52:00,,,,,,,,,,,False,False,,,,,,,,,,False,5.25,-1.39,-1.79,,,,False,NASA_CDAWEB_OMNI_HRO_1MIN,False
2024-11-26 15:53:00,,,,,,,,,,,False,False,,,,,,,,,,False,4.65,-2.64,-0.07,340.3,8.87,76891.0,True,NASA_CDAWEB_OMNI_HRO_1MIN,False
2024-11-26 15:54:00,,,,,,,,,,,False,False,,,,,,,,,,False,5.02,-1.72,-0.83,340.2,8.47,69233.0,True,NASA_CDAWEB_OMNI_HRO_1MIN,False
2024-11-26 15:55:00,,,,,,,,,,,False,False,,,,,,,,,,False,5.54,-0.48,-0.88,339.2,6.75,48413.0,True,NASA_CDAWEB_OMNI_HRO_1MIN,False
2024-11-26 15:56:00,,,,,,,,,,,False,False,,,,,,,,,,False,5.42,0.18,-1.01,338.7,6.67,54590.0,True,NASA_CDAWEB_OMNI_HRO_1MIN,False
2024-11-26 15:57:00,,,,,,,,,,,False,False,,,,,,,,,,False,5.4,0.79,-1.41,339.0,6.86,46555.0,True,NASA_CDAWEB_OMNI_HRO_1MIN,False
2024-11-26 15:58:00,,,,,,,,,,,False,False,,,,,,,,,,False,5.78,-0.1,0.76,339.0,6.86,46555.0,True,NASA_CDAWEB_OMNI_HRO_1MIN,False
2024-11-26 15:59:00,,,,,,,,,,,False,False,,,,,,,,,,False,5.75,-0.8,0.93,330.2,7.32,87454.0,True,NASA_CDAWEB_OMNI_HRO_1MIN,False
2024-11-26 16:00:00,,,,,,,,,,,False,False,,,,,,,,,,False,5.8,-0.45,0.47,330.2,7.32,87411.0,True,NASA_CDAWEB_OMNI_HRO_1MIN,False
2024-11-26 16:01:00,,,,,,,,,,,False,False,,,,,,,,,,False,5.76,-1.18,0.28,334.9,6.66,81118.0,True,NASA_CDAWEB_OMNI_HRO_1MIN,False
2024-11-26 16:02:00,,,,,,,,,,,False,False,,,,,,,,,,False,5.72,-1.33,0.47,335.3,6.61,80645.0,True,NASA_CDAWEB_OMNI_HRO_1MIN,False
2024-11-26 16:03:00,,,,,,,,,,,False,False,,,,,,,,,,False,5.7,-1.33,0.54,,,,False,NASA_CDAWEB_OMNI_HRO_1MIN,False
2024-11-26 16:04:00,,,,,,,,,,,False,False,,,,,,,,,,False,5.68,-1.51,0.4,,,,False,NASA_CDAWEB_OMNI_HRO_1MIN,False
2024-11-26 16:05:00,,,,,,,,,,,False,False,,,,,,,,,,False,5.78,-0.9,-0.44,,,,False,NASA_CDAWEB_OMNI_HRO_1MIN,False
2024-11-26 16:06:00,,,,,,,,,,,False,False,,,,,,,,,,False,5.63,-1.48,0.19,,,,False,NASA_CDAWEB_OMNI_HRO_1MIN,False
2024-11-26 16:07:00,,,,,,,,,,,False,False,,,,,,,,,,False,5.67,-1.58,0.12,,,,False,NASA_CDAWEB_OMNI_HRO_1MIN,False
2024-11-26 16:08:00,,,,,,,,,,,False,False,,,,,,,,,,False,5.65,-1.32,0.06,331.5,7.09,75431.0,True,NASA_CDAWEB_OMNI_HRO_1MIN,False
2024-11-26 16:09:00,,,,,,,,,,,False,False,,,,,,,,,,False,5.75,-1.29,0.24,331.5,7.09,75431.0,True,NASA_CDAWEB_OMNI_HRO_1MIN,False
2024-11-26 16:10:00,,,,,,,,,,,False,False,,,,,,,,,,False,5.83,-0.8,-0.29,,,,False,NASA_CDAWEB_OMNI_HRO_1MIN,False
2024-11-26 16:11:00,,,,,,,,,,,False,False,,,,,,,,,,False,5.8,-0.91,-0.48,,,,False,NASA_CDAWEB_OMNI_HRO_1MIN,False
2024-11-26 16:12:00,,,,,,,,,,,False,False,,,,,,,,,,False,5.82,-0.89,-0.9,,,,False,NASA_CDAWEB_OMNI_HRO_1MIN,False
2024-11-26 16:13:00,,,,,,,,,,,False,False,,,,,,,,,,False,5.77,-0.86,-0.68,332.1,6.65,61797.0,True,NASA_CDAWEB_OMNI_HRO_1MIN,False
2024-11-26 16:14:00,,,,,,,,,,,False,False,,,,,,,,,,False,5.79,-0.95,-0.54,332.1,6.65,61797.0,True,NASA_CDAWEB_OMNI_HRO_1MIN,False
2024-11-26 16:15:00,,,,,,,,,,,False,False,,,,,,,,,,False,5.65,-0.91,-0.95,332.1,6.65,61797.0,True,NASA_CDAWEB_OMNI_HRO_1MIN,False
2024-11-26 16:16:00,,,,,,,,,,,False,False,,,,,,,,,,False,5.7,-0.53,-1.08,336.1,6.51,41119.0,True,NASA_CDAWEB_OMNI_HRO_1MIN,False
2024-11-26 16:17:00,,,,,,,,,,,False,False,,,,,,,,,,False,5.62,-0.88,0.06,334.7,6.5,49505.0,True,NASA_CDAWEB_OMNI_HRO_1MIN,False
2024-11-26 16:18:00,,,,,,,,,,,False,False,,,,,,,,,,False,5.37,-1.49,0.89,333.7,6.63,66973.0,True,NASA_CDAWEB_OMNI_HRO_1MIN,False
2024-11-26 16:19:00,,,,,,,,,,,False,False,,,,,,,,,,False,5.27,-1.79,-0.95,,,,False,NASA_CDAWEB_OMNI_HRO_1MIN,False
2024-11-26 16:20:00,,,,,,,,,,,False,False,,,,,,,,,,False,5.39,-1.46,-0.83,336.0,7.47,60298.0,True,NASA_CDAWEB_OMNI_HRO_1MIN,False
2024-11-26 16:21:00,,,,,,,,,,,False,False,,,,,,,,,,False,5.49,-1.56,0.13,336.0,7.47,60298.0,True,NASA_CDAWEB_OMNI_HRO_1MIN,False
2024-11-26 16:22:00,,,,,,,,,,,False,False,,,,,,,,,,False,5.41,-1.48,-0.88,336.0,7.47,60298.0,True,NASA_CDAWEB_OMNI_HRO_1MIN,False
2024-11-26 16:23:00,,,,,,,,,,,False,False,,,,,,,,,,False,5.49,-1.25,-0.03,334.9,7.39,75902.0,True,NASA_CDAWEB_OMNI_HRO_1MIN,False
2024-11-26 16:24:00,,,,,,,,,,,False,False,,,,,,,,,,False,5.44,-1.09,-1.43,334.9,7.39,75902.0,True,NASA_CDAWEB_OMNI_HRO_1MIN,False
2024-11-26 16:25:00,,,,,,,,,,,False,False,,,,,,,,,,False,5.39,-1.01,-1.83,337.0,6.12,34993.0,True,NASA_CDAWEB_OMNI_HRO_1MIN,False
2024-11-26 16:26:00,,,,,,,,,,,False,False,,,,,,,,,,False,5.6,-1.37,1.08,336.9,6.19,37334.0,True,NASA_CDAWEB_OMNI_HRO_1MIN,False
2024-11-26 16:27:00,,,,,,,,,,,False,False,,,,,,,,,,False,5.59,-1.54,0.68,334.7,7.04,68030.0,True,NASA_CDAWEB_OMNI_HRO_1MIN,False
2024-11-26 16:28:00,,,,,,,,,,,False,False,,,,,,,,,,False,5.58,-1.43,0.62,333.7,7.01,66657.0,True,NASA_CDAWEB_OMNI_HRO_1MIN,False
2024-11-26 16:29:00,,,,,,,,,,,False,False,,,,,,,,,,False,5.71,-1.17,0.64,,,,False,NASA_CDAWEB_OMNI_HRO_1MIN,False
2024-11-26 16:30:00,,,,,,,,,,,False,False,,,,,,,,,,False,5.77,-1.13,0.58,331.6,7.49,89072.0,True,NASA_CDAWEB_OMNI_HRO_1MIN,False
2024-11-26 16:31:00,,,,,,,,,,,False,False,,,,,,,,,,False,5.77,-0.86,0.47,331.6,7.49,89072.0,True,NASA_CDAWEB_OMNI_HRO_1MIN,False
2024-11-26 16:32:00,,,,,,,,,,,False,False,,,,,,,,,,False,5.96,-0.33,1.02,332.9,6.53,54124.0,True,NASA_CDAWEB_OMNI_HRO_1MIN,False
2024-11-26 16:33:00,,,,,,,,,,,False,False,,,,,,,,,,False,5.97,-0.4,0.99,332.9,6.53,54124.0,True,NASA_CDAWEB_OMNI_HRO_1MIN,False
2024-11-26 16:34:00,,,,,,,,,,,False,False,,,,,,,,,,False,5.86,-0.72,1.01,332.9,6.53,54124.0,True,NASA_CDAWEB_OMNI_HRO_1MIN,False
2024-11-26 16:35:00,,,,,,,,,,,False,False,,,,,,,,,,False,5.88,-0.51,0.92,,,,False,NASA_CDAWEB_OMNI_HRO_1MIN,False
2024-11-26 16:36:00,,,,,,,,,,,False,False,,,,,,,,,,False,5.92,-0.64,0.66,,,,False,NASA_CDAWEB_OMNI_HRO_1MIN,False
2024-11-26 16:37:00,,,,,,,,,,,False,False,,,,,,,,,,False,5.92,-0.64,0.66,,,,False,NASA_CDAWEB_OMNI_HRO_1MIN,False
2024-11-26 16:38:00,,,,,,,,,,,False,False,,,,,,,,,,False,5.93,-0.86,0.76,,,,False,NASA_CDAWEB_OMNI_HRO_1MIN,False
2024-11-26 16:39:00,,,,,,,,,,,False,False,,,,,,,,,,False,5.96,-0.73,0.61,,,,False,NASA_CDAWEB_OMNI_HRO_1MIN,False
2024-11-26 16:40:00,,,,,,,,,,,False,False,,,,,,,,,,False,6.02,-0.6,0.54,,,,False,NASA_CDAWEB_OMNI_HRO_1MIN,False
2024-11-26 16:41:00,,,,,,,,,,,False,False,,,,,,,,,,False,6.02,-0.6,0.54,,,,False,NASA_CDAWEB_OMNI_HRO_1MIN,False
2024-11-26 16:42:00,,,,,,,,,,,False,False,,,,,,,,,,False,6.02,-0.3,0.49,332.2,6.98,68628.0,True,NASA_CDAWEB_OMNI_HRO_1MIN,False
2024-11-26 16:43:00,,,,,,,,,,,False,False,,,,,,,,,,False,6.0,-0.18,0.52,332.2,6.98,68628.0,True,NASA_CDAWEB_OMNI_HRO_1MIN,False
2024-11-26 16:44:00,,,,,,,,,,,False,False,,,,,,,,,,False,6.0,-0.18,0.52,,,,False,NASA_CDAWEB_OMNI_HRO_1MIN,False
2024-11-26 16:45:00,,,,,,,,,,,False,False,,,,,,,,,,False,5.96,0.01,0.56,,,,False,NASA_CDAWEB_OMNI_HRO_1MIN,False
2024-11-26 16:46:00,,,,,,,,,,,False,False,,,,,,,,,,False,5.99,0.06,0.53,,,,False,NASA_CDAWEB_OMNI_HRO_1MIN,False
2024-11-26 16:47:00,,,,,,,,,,,False,False,,,,,,,,,,False,5.99,0.06,0.53,,,,False,NASA_CDAWEB_OMNI_HRO_1MIN,False
2024-11-26 16:48:00,,,,,,,,,,,False,False,,,,,,,,,,False,6.03,0.13,0.48,,,,False,NASA_CDAWEB_OMNI_HRO_1MIN,False
2024-11-26 16:49:00,,,,,,,,,,,False,False,,,,,,,,,,False,5.99,0.25,0.66,,,,False,NASA_CDAWEB_OMNI_HRO_1MIN,False
2024-11-26 16:50:00,,,,,,,,,,,False,False,,,,,,,,,,False,5.99,0.25,0.66,,,,False,NASA_CDAWEB_OMNI_HRO_1MIN,False
2024-11-26 16:51:00,,,,,,,,,,,False,False,,,,,,,,,,False,6.05,0.34,0.64,,,,False,NASA_CDAWEB_OMNI_HRO_1MIN,False
2024-11-26 16:52:00,,,,,,,,,,,False,False,,,,,,,,,,False,5.98,-0.54,0.82,330.9,7.05,63113.0,True,NASA_CDAWEB_OMNI_HRO_1MIN,False
2024-11-26 16:53:00,,,,,,,,,,,False,False,,,,,,,,,,False,6.0,-0.09,0.95,332.1,7.05,68065.0,True,NASA_CDAWEB_OMNI_HRO_1MIN,False
2024-11-26 16:54:00,,,,,,,,,,,False,False,,,,,,,,,,False,5.95,-0.91,0.89,332.2,7.17,76613.0,True,NASA_CDAWEB_OMNI_HRO_1MIN,False
2024-11-26 16:55:00,,,,,,,,,,,False,False,,,,,,,,,,False,5.84,-1.35,1.17,332.6,7.18,76172.0,True,NASA_CDAWEB_OMNI_HRO_1MIN,False
2024-11-26 16:56:00,,,,,,,,,,,False,False,,,,,,,,,,False,5.88,-1.46,1.04,336.2,6.79,56984.0,True,NASA_CDAWEB_OMNI_HRO_1MIN,False
2024-11-26 16:57:00,,,,,,,,,,,False,False,,,,,,,,,,False,5.88,-1.43,1.0,336.2,6.79,56984.0,True,NASA_CDAWEB_OMNI_HRO_1MIN,False
2024-11-26 16:58:00,,,,,,,,,,,False,False,,,,,,,,,,False,5.74,-1.74,1.17,333.9,6.93,67302.0,True,NASA_CDAWEB_OMNI_HRO_1MIN,False
2024-11-26 16:59:00,,,,,,,,,,,False,False,,,,,,,,,,False,5.83,-1.52,1.07,333.7,6.94,68018.0,True,NASA_CDAWEB_OMNI_HRO_1MIN,False
2024-11-26 17:00:00,,,,,,,,,,,False,False,,,,,,,,,,False,5.82,-1.52,1.15,334.0,6.48,46690.0,True,NASA_CDAWEB_OMNI_HRO_1MIN,False
2024-11-26 17:01:00,,,,,,,,,,,False,False,,,,,,,,,,False,5.48,-2.0,1.73,334.0,6.48,46690.0,True,NASA_CDAWEB_OMNI_HRO_1MIN,False
2024-11-26 17:02:00,,,,,,,,,,,False,False,,,,,,,,,,False,5.52,-1.69,1.73,334.0,6.48,46690.0,True,NASA_CDAWEB_OMNI_HRO_1MIN,False
2024-11-26 17:03:00,,,,,,,,,,,False,False,,,,,,,,,,False,5.56,-1.83,1.37,,,,False,NASA_CDAWEB_OMNI_HRO_1MIN,False
2024-11-26 17:04:00,,,,,,,,,,,False,False,,,,,,,,,,False,5.64,-1.8,1.19,336.0,6.73,55361.0,True,NASA_CDAWEB_OMNI_HRO_1MIN,False
2024-11-26 17:05:00,,,,,,,,,,,False,False,,,,,,,,,,False,5.62,-1.86,1.29,336.0,6.73,55361.0,True,NASA_CDAWEB_OMNI_HRO_1MIN,False
2024-11-26 17:06:00,,,,,,,,,,,False,False,,,,,,,,,,False,5.57,-1.95,1.27,336.0,6.73,55361.0,True,NASA_CDAWEB_OMNI_HRO_1MIN,False
2024-11-26 17:07:00,,,,,,,,,,,False,False,,,,,,,,,,False,5.7,-1.6,1.08,,,,False,NASA_CDAWEB_OMNI_HRO_1MIN,False
2024-11-26 17:08:00,,,,,,,,,,,False,False,,,,,,,,,,False,5.82,-1.63,0.72,,,,False,NASA_CDAWEB_OMNI_HRO_1MIN,False
2024-11-26 17:09:00,,,,,,,,,,,False,False,,,,,,,,,,False,5.71,-1.83,0.63,,,,False,NASA_CDAWEB_OMNI_HRO_1MIN,False
2024-11-26 17:10:00,,,,,,,,,,,False,False,,,,,,,,,,False,5.49,-1.88,1.46,335.1,6.92,63107.0,True,NASA_CDAWEB_OMNI_HRO_1MIN,False
2024-11-26 17:11:00,,,,,,,,,,,False,False,,,,,,,,,,False,5.7,-1.57,1.0,338.5,6.5,53257.0,True,NASA_CDAWEB_OMNI_HRO_1MIN,False
2024-11-26 17:12:00,,,,,,,,,,,False,False,,,,,,,,,,False,5.26,-1.71,2.56,336.1,6.59,61468.0,True,NASA_CDAWEB_OMNI_HRO_1MIN,False
2024-11-26 17:13:00,,,,,,,,,,,False,False,,,,,,,,,,False,5.51,-1.81,1.97,,,,False,NASA_CDAWEB_OMNI_HRO_1MIN,False
2024-11-26 17:14:00,,,,,,,,,,,False,False,,,,,,,,,,False,5.21,-2.5,1.58,,,,False,NASA_CDAWEB_OMNI_HRO_1MIN,False
2024-11-26 17:15:00,,,,,,,,,,,False,False,,,,,,,,,,False,5.11,-2.64,1.56,339.0,6.27,47128.0,True,NASA_CDAWEB_OMNI_HRO_1MIN,False
2024-11-26 17:16:00,,,,,,,,,,,False,False,,,,,,,,,,False,5.11,-1.97,1.82,340.5,6.36,48497.0,True,NASA_CDAWEB_OMNI_HRO_1MIN,False
2024-11-26 17:17:00,,,,,,,,,,,False,False,,,,,,,,,,False,5.38,-0.84,2.7,339.8,6.37,50171.0,True,NASA_CDAWEB_OMNI_HRO_1MIN,False
2024-11-26 17:18:00,,,,,,,,,,,False,False,,,,,,,,,,False,5.83,-1.96,1.47,334.3,5.55,36187.0,True,NASA_CDAWEB_OMNI_HRO_1MIN,False
2024-11-26 17:19:00,,,,,,,,,,,False,False,,,,,,,,,,False,4.51,-3.77,0.83,331.6,5.07,27500.0,True,NASA_CDAWEB_OMNI_HRO_1MIN,False
2024-11-26 17:20:00,,,,,,,,,,,False,False,,,,,,,,,,False,5.96,-1.75,1.1,,,,False,NASA_CDAWEB_OMNI_HRO_1MIN,False
2024-11-26 17:21:00,,,,,,,,,,,False,False,,,,,,,,,,False,,,,,,,False,NASA_CDAWEB_OMNI_HRO_1MIN,False
2024-11-26 17:22:00,,,,,,,,,,,False,False,,,,,,,,,,False,,,,,,,False,NASA_CDAWEB_OMNI_HRO_1MIN,False
2024-11-26 17:23:00,,,,,,,,,,,False,False,,,,,,,,,,False,5.05,-3.06,1.14,,,,False,NASA_CDAWEB_OMNI_HRO_1MIN,False
2024-11-26 17:24:00,,,,,,,,,,,False,False,,,,,,,,,,False,,,,,,,False,NASA_CDAWEB_OMNI_HRO_1MIN,False
2024-11-26 17:25:00,,,,,,,,,,,False,False,,,,,,,,,,False,,,,,,,False,NASA_CDAWEB_OMNI_HRO_1MIN,False
2024-11-26 17:26:00,,,,,,,,,,,False,False,,,,,,,,,,False,5.61,-2.54,1.17,,,,False,NASA_CDAWEB_OMNI_HRO_1MIN,False
2024-11-26 17:27:00,,,,,,,,,,,False,False,,,,,,,,,,False,5.38,-2.6,0.79,,,,False,NASA_CDAWEB_OMNI_HRO_1MIN,False
2024-11-26 17:28:00,,,,,,,,,,,False,False,,,,,,,,,,False,,,,,,,False,NASA_CDAWEB_OMNI_HRO_1MIN,False
2024-11-26 17:29:00,,,,,,,,,,,False,False,,,,,,,,,,False,5.65,-2.45,1.29,,,,False,NASA_CDAWEB_OMNI_HRO_1MIN,False
2024-11-26 17:30:00,,,,,,,,,,,False,False,,,,,,,,,,False,,,,,,,False,NASA_CDAWEB_OMNI_HRO_1MIN,False
2024-11-26 17:31:00,,,,,,,,,,,False,False,,,,,,,,,,False,5.22,-2.58,1.65,,,,False,NASA_CDAWEB_OMNI_HRO_1MIN,False
2024-11-26 17:32:00,,,,,,,,,,,False,False,,,,,,,,,,False,,,,,,,False,NASA_CDAWEB_OMNI_HRO_1MIN,False
2024-11-26 17:33:00,,,,,,,,,,,False,False,,,,,,,,,,False,5.63,-2.43,1.33,331.3,5.3,35578.0,True,NASA_CDAWEB_OMNI_HRO_1MIN,False
2024-11-26 17:34:00,,,,,,,,,,,False,False,,,,,,,,,,False,5.8,-2.18,0.87,331.3,5.3,35578.0,True,NASA_CDAWEB_OMNI_HRO_1MIN,False
2024-11-26 17:35:00,,,,,,,,,,,False,False,,,,,,,,,,False,5.46,-1.36,2.08,332.7,5.52,40829.0,True,NASA_CDAWEB_OMNI_HRO_1MIN,False
2024-11-26 17:36:00,,,,,,,,,,,False,False,,,,,,,,,,False,5.37,-1.38,2.15,335.8,6.17,48058.0,True,NASA_CDAWEB_OMNI_HRO_1MIN,False
2024-11-26 17:37:00,,,,,,,,,,,False,False,,,,,,,,,,False,5.34,-0.94,2.3,334.3,6.0,39958.0,True,NASA_CDAWEB_OMNI_HRO_1MIN,False
2024-11-26 17:38:00,,,,,,,,,,,False,False,,,,,,,,,,False,5.64,-0.78,1.73,,,,False,NASA_CDAWEB_OMNI_HRO_1MIN,False
2024-11-26 17:39:00,,,,,,,,,,,False,False,,,,,,,,,,False,5.71,-0.76,0.49,337.3,6.2,47568.0,True,NASA_CDAWEB_OMNI_HRO_1MIN,False
2024-11-26 17:40:00,,,,,,,,,,,False,False,,,,,,,,,,False,5.73,-1.33,1.26,337.3,6.2,47568.0,True,NASA_CDAWEB_OMNI_HRO_1MIN,False
2024-11-26 17:41:00,,,,,,,,,,,False,False,,,,,,,,,,False,5.82,-1.97,0.53,337.2,6.97,63315.0,True,NASA_CDAWEB_OMNI_HRO_1MIN,False
2024-11-26 17:42:00,,,,,,,,,,,False,False,,,,,,,,,,False,5.6,-1.5,-0.06,337.2,6.97,63315.0,True,NASA_CDAWEB_OMNI_HRO_1MIN,False
2024-11-26 17:43:00,,,,,,,,,,,False,False,,,,,,,,,,False,5.3,-2.24,-1.81,330.7,5.12,31901.0,True,NASA_CDAWEB_OMNI_HRO_1MIN,False
2024-11-26 17:44:00,,,,,,,,,,,False,False,,,,,,,,,,False,5.36,-1.45,-1.02,336.0,5.81,41352.0,True,NASA_CDAWEB_OMNI_HRO_1MIN,False
2024-11-26 17:45:00,,,,,,,,,,,False,False,,,,,,,,,,False,5.68,-1.54,-0.83,341.8,6.61,52329.0,True,NASA_CDAWEB_OMNI_HRO_1MIN,False
2024-11-26 17:46:00,,,,,,,,,,,False,False,,,,,,,,,,False,5.52,-2.08,-0.56,339.7,6.21,40532.0,True,NASA_CDAWEB_OMNI_HRO_1MIN,False
2024-11-26 17:47:00,,,,,,,,,,,False,False,,,,,,,,,,False,5.0,-2.86,-0.76,341.6,6.24,41684.0,True,NASA_CDAWEB_OMNI_HRO_1MIN,False
2024-11-26 17:48:00,,,,,,,,,,,False,False,,,,,,,,,,False,5.17,-3.23,-0.68,339.7,6.5,48862.0,True,NASA_CDAWEB_OMNI_HRO_1MIN,False
2024-11-26 17:49:00,,,,,,,,,,,False,False,,,,,,,,,,False,5.19,-2.77,-0.87,335.7,6.26,41387.0,True,NASA_CDAWEB_OMNI_HRO_1MIN,False
2024-11-26 17:50:00,,,,,,,,,,,False,False,,,,,,,,,,False,5.26,-2.75,-1.22,339.3,6.36,44118.0,True,NASA_CDAWEB_OMNI_HRO_1MIN,False
2024-11-26 17:51:00,,,,,,,,,,,False,False,,,,,,,,,,False,5.67,-1.96,-0.72,338.3,6.47,46291.0,True,NASA_CDAWEB_OMNI_HRO_1MIN,False
2024-11-26 17:52:00,,,,,,,,,,,False,False,,,,,,,,,,False,5.75,-1.58,-1.0,334.5,6.34,45363.0,True,NASA_CDAWEB_OMNI_HRO_1MIN,False
2024-11-26 17:53:00,,,,,,,,,,,False,False,,,,,,,,,,False,5.4,-1.87,-1.41,335.7,6.25,44105.0,True,NASA_CDAWEB_OMNI_HRO_1MIN,False
2024-11-26 17:54:00,,,,,,,,,,,False,False,,,,,,,,,,False,5.42,-1.87,-1.53,339.6,6.58,44329.0,True,NASA_CDAWEB_OMNI_HRO_1MIN,False
2024-11-26 17:55:00,,,,,,,,,,,False,False,,,,,,,,,,False,5.52,-2.33,-0.48,334.2,6.76,54543.0,True,NASA_CDAWEB_OMNI_HRO_1MIN,False
2024-11-26 17:56:00,,,,,,,,,,,False,False,,,,,,,,,,False,5.63,-2.13,-0.49,339.1,6.83,59385.0,True,NASA_CDAWEB_OMNI_HRO_1MIN,False
2024-11-26 17:57:00,,,,,,,,,,,False,False,,,,,,,,,,False,5.84,-1.85,0.02,332.7,7.34,77884.0,True,NASA_CDAWEB_OMNI_HRO_1MIN,False
2024-11-26 17:58:00,,,,,,,,,,,False,False,,,,,,,,,,False,5.75,-1.86,-0.61,334.4,6.92,66900.0,True,NASA_CDAWEB_OMNI_HRO_1MIN,False
2024-11-26 17:59:00,,,,,,,,,,,False,False,,,,,,,,,,False,5.49,-2.68,0.81,333.3,6.75,56804.0,True,NASA_CDAWEB_OMNI_HRO_1MIN,False
2024-11-26 18:00:00,,,,,,,,,,,False,False,,,,,,,,,,False,5.69,-1.94,-0.44,,,,False,NASA_CDAWEB_OMNI_HRO_1MIN,False
2024-11-26 18:01:00,,,,,,,,,,,False,False,,,,,,,,,,False,5.62,-2.23,-0.53,338.4,6.58,49370.0,True,NASA_CDAWEB_OMNI_HRO_1MIN,False
2024-11-26 18:02:00,,,,,,,,,,,False,False,,,,,,,,,,False,5.45,-2.56,-0.14,337.1,6.66,48798.0,True,NASA_CDAWEB_OMNI_HRO_1MIN,False
2024-11-26 18:03:00,,,,,,,,,,,False,False,,,,,,,,,,False,5.52,-2.43,-0.18,339.3,6.74,52069.0,True,NASA_CDAWEB_OMNI_HRO_1MIN,False
2024-11-26 18:04:00,,,,,,,,,,,False,False,,,,,,,,,,False,5.62,-2.36,-0.23,337.1,6.48,50249.0,True,NASA_CDAWEB_OMNI_HRO_1MIN,False
2024-11-26 18:05:00,,,,,,,,,,,False,False,,,,,,,,,,False,5.56,-2.39,-0.28,334.0,5.15,32999.0,True,NASA_CDAWEB_OMNI_HRO_1MIN,False
2024-11-26 18:06:00,,,,,,,,,,,False,False,,,,,,,,,,False,5.78,-1.9,-0.64,333.8,6.07,39055.0,True,NASA_CDAWEB_OMNI_HRO_1MIN,False
2024-11-26 18:07:00,,,,,,,,,,,False,False,,,,,,,,,,False,5.44,-2.69,-0.96,333.7,6.4,41213.0,True,NASA_CDAWEB_OMNI_HRO_1MIN,False
2024-11-26 18:08:00,,,,,,,,,,,False,False,,,,,,,,,,False,5.67,-2.19,-0.46,338.1,6.78,58322.0,True,NASA_CDAWEB_OMNI_HRO_1MIN,False
2024-11-26 18:09:00,,,,,,,,,,,False,False,,,,,,,,,,False,5.98,-1.25,-0.48,332.7,7.08,68481.0,True,NASA_CDAWEB_OMNI_HRO_1MIN,False
2024-11-26 18:10:00,,,,,,,,,,,False,False,,,,,,,,,,False,5.81,-1.88,-0.48,333.0,6.99,56373.0,True,NASA_CDAWEB_OMNI_HRO_1MIN,False
2024-11-26 18:11:00,,,,,,,,,,,False,False,,,,,,,,,,False,5.86,-1.62,-0.42,333.6,6.98,59132.0,True,NASA_CDAWEB_OMNI_HRO_1MIN,False
2024-11-26 18:12:00,,,,,,,,,,,False,False,,,,,,,,,,False,5.53,-2.41,-0.62,332.7,6.94,58478.0,True,NASA_CDAWEB_OMNI_HRO_1MIN,False
2024-11-26 18:13:00,,,,,,,,,,,False,False,,,,,,,,,,False,5.49,-2.39,-0.58,340.1,6.97,57889.0,True,NASA_CDAWEB_OMNI_HRO_1MIN,False
2024-11-26 18:14:00,,,,,,,,,,,False,False,,,,,,,,,,False,5.41,-2.4,-0.32,332.4,7.21,68791.0,True,NASA_CDAWEB_OMNI_HRO_1MIN,False
2024-11-26 18:15:00,,,,,,,,,,,False,False,,,,,,,,,,False,5.46,-2.46,-0.61,332.4,7.21,68791.0,True,NASA_CDAWEB_OMNI_HRO_1MIN,False
2024-11-26 18:16:00,,,,,,,,,,,False,False,,,,,,,,,,False,5.72,-1.85,-0.34,342.6,7.11,51939.0,True,NASA_CDAWEB_OMNI_HRO_1MIN,False
2024-11-26 18:17:00,,,,,,,,,,,False,False,,,,,,,,,,False,5.5,-2.17,-0.7,334.9,6.85,54573.0,True,NASA_CDAWEB_OMNI_HRO_1MIN,False
2024-11-26 18:18:00,,,,,,,,,,,False,False,,,,,,,,,,False,5.3,-2.54,-1.39,330.4,6.7,56133.0,True,NASA_CDAWEB_OMNI_HRO_1MIN,False
2024-11-26 18:19:00,,,,,,,,,,,False,False,,,,,,,,,,False,4.49,-3.61,-1.98,333.0,7.37,74962.0,True,NASA_CDAWEB_OMNI_HRO_1MIN,False
2024-11-26 18:20:00,,,,,,,,,,,False,False,,,,,,,,,,False,5.15,-3.15,-1.07,333.8,7.27,71829.0,True,NASA_CDAWEB_OMNI_HRO_1MIN,False
2024-11-26 18:21:00,,,,,,,,,,,False,False,,,,,,,,,,False,4.54,-4.09,-1.46,337.9,6.75,55426.0,True,NASA_CDAWEB_OMNI_HRO_1MIN,False
2024-11-26 18:22:00,,,,,,,,,,,False,False,,,,,,,,,,False,5.17,-2.73,-0.83,339.0,6.62,51232.0,True,NASA_CDAWEB_OMNI_HRO_1MIN,False
2024-11-26 18:23:00,,,,,,,,,,,False,False,,,,,,,,,,False,4.76,-3.51,0.19,341.8,6.41,51762.0,True,NASA_CDAWEB_OMNI_HRO_1MIN,False
2024-11-26 18:24:00,,,,,,,,,,,False,False,,,,,,,,,,False,4.92,-3.44,0.17,341.4,6.62,54017.0,True,NASA_CDAWEB_OMNI_HRO_1MIN,False
2024-11-26 18:25:00,,,,,,,,,,,False,False,,,,,,,,,,False,4.53,-4.13,-0.76,340.8,6.94,55011.0,True,NASA_CDAWEB_OMNI_HRO_1MIN,False
2024-11-26 18:26:00,,,,,,,,,,,False,False,,,,,,,,,,False,4.67,-3.92,0.14,340.0,6.94,56205.0,True,NASA_CDAWEB_OMNI_HRO_1MIN,False
2024-11-26 18:27:00,,,,,,,,,,,False,False,,,,,,,,,,False,,,,337.0,6.85,63174.0,False,NASA_CDAWEB_OMNI_HRO_1MIN,False
2024-11-26 18:28:00,,,,,,,,,,,False,False,,,,,,,,,,False,4.73,-3.56,1.37,341.8,6.58,50251.0,True,NASA_CDAWEB_OMNI_HRO_1MIN,False
2024-11-26 18:29:00,,,,,,,,,,,False,False,,,,,,,,,,False,5.59,-2.04,-1.59,,,,False,NASA_CDAWEB_OMNI_HRO_1MIN,False
2024-11-26 18:30:00,,,,,,,,,,,False,False,,,,,,,,,,False,,,,,,,False,NASA_CDAWEB_OMNI_HRO_1MIN,False
2024-11-26 18:31:00,,,,,,,,,,,False,False,,,,,,,,,,False,4.71,-3.44,2.0,,,,False,NASA_CDAWEB_OMNI_HRO_1MIN,False
2024-11-26 18:32:00,,,,,,,,,,,False,False,,,,,,,,,,False,5.62,-2.18,-1.19,335.6,6.27,42679.0,True,NASA_CDAWEB_OMNI_HRO_1MIN,False
2024-11-26 18:33:00,,,,,,,,,,,False,False,,,,,,,,,,False,,,,335.6,6.27,42679.0,False,NASA_CDAWEB_OMNI_HRO_1MIN,False
2024-11-26 18:34:00,,,,,,,,,,,False,False,,,,,,,,,,False,4.44,-3.51,2.45,,,,False,NASA_CDAWEB_OMNI_HRO_1MIN,False
2024-11-26 18:35:00,,,,,,,,,,,False,False,,,,,,,,,,False,,,,,,,False,NASA_CDAWEB_OMNI_HRO_1MIN,False
2024-11-26 18:36:00,,,,,,,,,,,False,False,,,,,,,,,,False,,,,,,,False,NASA_CDAWEB_OMNI_HRO_1MIN,False
2024-11-26 18:37:00,,,,,,,,,,,False,False,,,,,,,,,,False,5.01,-3.09,2.02,,,,False,NASA_CDAWEB_OMNI_HRO_1MIN,False
2024-11-26 18:38:00,,,,,,,,,,,False,False,,,,,,,,,,False,,,,,,,False,NASA_CDAWEB_OMNI_HRO_1MIN,False
2024-11-26 18:39:00,,,,,,,,,,,False,False,,,,,,,,,,False,,,,,,,False,NASA_CDAWEB_OMNI_HRO_1MIN,False
2024-11-26 18:40:00,,,,,,,,,,,False,False,,,,,,,,,,False,,,,,,,False,NASA_CDAWEB_OMNI_HRO_1MIN,False
2024-11-26 18:41:00,,,,,,,,,,,False,False,,,,,,,,,,False,4.83,-3.69,1.27,,,,False,NASA_CDAWEB_OMNI_HRO_1MIN,False
2024-11-26 18:42:00,,,,,,,,,,,False,False,,,,,,,,,,False,3.92,-4.71,-0.7,347.8,6.21,44695.0,True,NASA_CDAWEB_OMNI_HRO_1MIN,False
2024-11-26 18:43:00,,,,,,,,,,,False,False,,,,,,,,,,False,3.99,-4.65,-0.75,347.8,6.21,44695.0,True,NASA_CDAWEB_OMNI_HRO_1MIN,False
2024-11-26 18:44:00,,,,,,,,,,,False,False,,,,,,,,,,False,4.14,-4.35,0.0,340.1,6.59,52317.0,True,NASA_CDAWEB_OMNI_HRO_1MIN,False
2024-11-26 18:45:00,,,,,,,,,,,False,False,,,,,,,,,,False,4.24,-4.38,-0.72,337.2,6.73,55178.0,True,NASA_CDAWEB_OMNI_HRO_1MIN,False
2024-11-26 18:46:00,,,,,,,,,,,False,False,,,,,,,,,,False,4.47,-4.17,0.09,,,,False,NASA_CDAWEB_OMNI_HRO_1MIN,False
2024-11-26 18:47:00,,,,,,,,,,,False,False,,,,,,,,,,False,4.85,-3.76,0.12,343.9,6.2,47703.0,True,NASA_CDAWEB_OMNI_HRO_1MIN,False
2024-11-26 18:48:00,,,,,,,,,,,False,False,,,,,,,,,,False,4.67,-3.68,1.05,343.9,6.2,47703.0,True,NASA_CDAWEB_OMNI_HRO_1MIN,False
2024-11-26 18:49:00,,,,,,,,,,,False,False,,,,,,,,,,False,4.11,-4.57,-0.1,343.9,6.2,47703.0,True,NASA_CDAWEB_OMNI_HRO_1MIN,False
2024-11-26 18:50:00,,,,,,,,,,,False,False,,,,,,,,,,False,5.17,-3.3,-0.13,334.4,5.99,40396.0,True,NASA_CDAWEB_OMNI_HRO_1MIN,False
2024-11-26 18:51:00,,,,,,,,,,,False,False,,,,,,,,,,False,5.05,-3.46,0.55,334.4,5.99,40396.0,True,NASA_CDAWEB_OMNI_HRO_1MIN,False
2024-11-26 18:52:00,,,,,,,,,,,False,False,,,,,,,,,,False,4.99,-3.49,0.95,334.4,5.99,40396.0,True,NASA_CDAWEB_OMNI_HRO_1MIN,False
2024-11-26 18:53:00,,,,,,,,,,,False,False,,,,,,,,,,False,5.37,-3.04,0.84,,,,False,NASA_CDAWEB_OMNI_HRO_1MIN,False
2024-11-26 18:54:00,,,,,,,,,,,False,False,,,,,,,,,,False,5.74,-2.35,0.8,,,,False,NASA_CDAWEB_OMNI_HRO_1MIN,False
2024-11-26 18:55:00,,,,,,,,,,,False,False,,,,,,,,,,False,5.29,-3.06,1.16,,,,False,NASA_CDAWEB_OMNI_HRO_1MIN,False
2024-11-26 18:56:00,,,,,,,,,,,False,False,,,,,,,,,,False,5.25,-3.16,0.94,,,,False,NASA_CDAWEB_OMNI_HRO_1MIN,False
2024-11-26 18:57:00,,,,,,,,,,,False,False,,,,,,,,,,False,5.83,-2.23,0.35,333.2,7.08,52865.0,True,NASA_CDAWEB_OMNI_HRO_1MIN,False
2024-11-26 18:58:00,,,,,,,,,,,False,False,,,,,,,,,,False,5.04,-3.5,0.74,333.2,7.08,52865.0,True,NASA_CDAWEB_OMNI_HRO_1MIN,False
2024-11-26 18:59:00,,,,,,,,,,,False,False,,,,,,,,,,False,5.09,-3.63,0.54,333.2,7.08,52865.0,True,NASA_CDAWEB_OMNI_HRO_1MIN,False
2024-11-26 19:00:00,,,,,,,,,,,False,False,,,,,,,,,,False,5.05,-3.39,1.37,,,,False,NASA_CDAWEB_OMNI_HRO_1MIN,False
2024-11-26 19:01:00,,,,,,,,,,,False,False,,,,,,,,,,False,5.13,-3.08,1.42,337.3,6.81,53331.0,True,NASA_CDAWEB_OMNI_HRO_1MIN,False
2024-11-26 19:02:00,,,,,,,,,,,False,False,,,,,,,,,,False,5.15,-3.39,0.97,337.3,6.81,53331.0,True,NASA_CDAWEB_OMNI_HRO_1MIN,False
2024-11-26 19:03:00,,,,,,,,,,,False,False,,,,,,,,,,False,,,,337.3,6.81,53331.0,False,NASA_CDAWEB_OMNI_HRO_1MIN,False
2024-11-26 19:04:00,,,,,,,,,,,False,False,,,,,,,,,,False,4.86,-3.87,0.65,,,,False,NASA_CDAWEB_OMNI_HRO_1MIN,False
2024-11-26 19:05:00,,,,,,,,,,,False,False,,,,,,,,,,False,,,,333.3,6.79,56909.0,False,NASA_CDAWEB_OMNI_HRO_1MIN,False
2024-11-26 19:06:00,,,,,,,,,,,False,False,,,,,,,,,,False,5.11,-3.45,1.11,333.3,6.79,56909.0,True,NASA_CDAWEB_OMNI_HRO_1MIN,False
2024-11-26 19:07:00,,,,,,,,,,,False,False,,,,,,,,,,False,5.38,-2.16,2.35,333.3,6.79,56909.0,True,NASA_CDAWEB_OMNI_HRO_1MIN,False
2024-11-26 19:08:00,,,,,,,,,,,False,False,,,,,,,,,,False,4.84,-3.51,1.77,,,,False,NASA_CDAWEB_OMNI_HRO_1MIN,False
2024-11-26 19:09:00,,,,,,,,,,,False,False,,,,,,,,,,False,,,,,,,False,NASA_CDAWEB_OMNI_HRO_1MIN,False
2024-11-26 19:10:00,,,,,,,,,,,False,False,,,,,,,,,,False,4.92,-3.53,1.25,,,,False,NASA_CDAWEB_OMNI_HRO_1MIN,False
2024-11-26 19:11:00,,,,,,,,,,,False,False,,,,,,,,,,False,4.54,-4.0,1.8,,,,False,NASA_CDAWEB_OMNI_HRO_1MIN,False
2024-11-26 19:12:00,,,,,,,,,,,False,False,,,,,,,,,,False,4.17,-3.97,1.96,333.6,6.78,55875.0,True,NASA_CDAWEB_OMNI_HRO_1MIN,False
2024-11-26 19:13:00,,,,,,,,,,,False,False,,,,,,,,,,False,2.8,-5.3,1.66,333.6,6.78,55875.0,True,NASA_CDAWEB_OMNI_HRO_1MIN,False
2024-11-26 19:14:00,,,,,,,,,,,False,False,,,,,,,,,,False,4.59,-3.82,0.74,340.1,6.37,46053.0,True,NASA_CDAWEB_OMNI_HRO_1MIN,False
2024-11-26 19:15:00,,,,,,,,,,,False,False,,,,,,,,,,False,5.39,-3.24,0.5,340.1,6.37,46053.0,True,NASA_CDAWEB_OMNI_HRO_1MIN,False
2024-11-26 19:16:00,,,,,,,,,,,False,False,,,,,,,,,,False,4.82,-3.44,2.14,340.1,6.37,46053.0,True,NASA_CDAWEB_OMNI_HRO_1MIN,False
2024-11-26 19:17:00,,,,,,,,,,,False,False,,,,,,,,,,False,5.78,-2.22,-0.63,,,,False,NASA_CDAWEB_OMNI_HRO_1MIN,False
2024-11-26 19:18:00,,,,,,,,,,,False,False,,,,,,,,,,False,5.18,-3.46,0.94,,,,False,NASA_CDAWEB_OMNI_HRO_1MIN,False
2024-11-26 19:19:00,,,,,,,,,,,False,False,,,,,,,,,,False,5.83,-2.05,-0.06,,,,False,NASA_CDAWEB_OMNI_HRO_1MIN,False
2024-11-26 19:20:00,,,,,,,,,,,False,False,,,,,,,,,,False,5.08,-3.21,1.7,,,,False,NASA_CDAWEB_OMNI_HRO_1MIN,False
2024-11-26 19:21:00,,,,,,,,,,,False,False,,,,,,,,,,False,5.93,-1.84,-0.48,,,,False,NASA_CDAWEB_OMNI_HRO_1MIN,False
2024-11-26 19:22:00,,,,,,,,,,,False,False,,,,,,,,,,False,5.67,-1.54,-1.95,,,,False,NASA_CDAWEB_OMNI_HRO_1MIN,False
2024-11-26 19:23:00,,,,,,,,,,,False,False,,,,,,,,,,False,4.99,-1.48,-3.3,,,,False,NASA_CDAWEB_OMNI_HRO_1MIN,False
2024-11-26 19:24:00,,,,,,,,,,,False,False,,,,,,,,,,False,3.68,-4.07,-1.37,335.9,6.1,36493.0,True,NASA_CDAWEB_OMNI_HRO_1MIN,False
2024-11-26 19:25:00,,,,,,,,,,,False,False,,,,,,,,,,False,3.95,-3.85,-2.25,345.3,6.11,39942.0,True,NASA_CDAWEB_OMNI_HRO_1MIN,False
2024-11-26 19:26:00,,,,,,,,,,,False,False,,,,,,,,,,False,5.7,-2.01,-1.34,350.1,6.11,41688.0,True,NASA_CDAWEB_OMNI_HRO_1MIN,False
2024-11-26 19:27:00,,,,,,,,,,,False,False,,,,,,,,,,False,4.55,-3.53,-0.61,353.5,6.07,46182.0,True,NASA_CDAWEB_OMNI_HRO_1MIN,False
2024-11-26 19:28:00,,,,,,,,,,,False,False,,,,,,,,,,False,3.81,-4.19,0.39,347.4,6.34,53733.0,True,NASA_CDAWEB_OMNI_HRO_1MIN,False
2024-11-26 19:29:00,,,,,,,,,,,False,False,,,,,,,,,,False,4.47,-3.24,-0.36,344.6,6.21,44336.0,True,NASA_CDAWEB_OMNI_HRO_1MIN,False
2024-11-26 19:30:00,,,,,,,,,,,False,False,,,,,,,,,,False,4.38,-3.31,-0.57,346.7,6.22,42347.0,True,NASA_CDAWEB_OMNI_HRO_1MIN,False
2024-11-26 19:31:00,,,,,,,,,,,False,False,,,,,,,,,,False,4.4,-3.23,0.1,332.6,6.83,49582.0,True,NASA_CDAWEB_OMNI_HRO_1MIN,False
2024-11-26 19:32:00,,,,,,,,,,,False,False,,,,,,,,,,False,4.66,-3.24,-0.14,347.0,6.86,48087.0,True,NASA_CDAWEB_OMNI_HRO_1MIN,False
2024-11-26 19:33:00,,,,,,,,,,,False,False,,,,,,,,,,False,4.12,-3.77,-0.15,332.2,6.46,40662.0,True,NASA_CDAWEB_OMNI_HRO_1MIN,False
2024-11-26 19:34:00,,,,,,,,,,,False,False,,,,,,,,,,False,4.17,-3.68,0.48,334.6,6.47,48592.0,True,NASA_CDAWEB_OMNI_HRO_1MIN,False
2024-11-26 19:35:00,,,,,,,,,,,False,False,,,,,,,,,,False,4.34,-3.69,0.43,336.7,6.54,55126.0,True,NASA_CDAWEB_OMNI_HRO_1MIN,False
2024-11-26 19:36:00,,,,,,,,,,,False,False,,,,,,,,,,False,4.58,-3.35,0.61,343.8,6.43,59747.0,True,NASA_CDAWEB_OMNI_HRO_1MIN,False
2024-11-26 19:37:00,,,,,,,,,,,False,False,,,,,,,,,,False,4.27,-3.59,0.24,355.9,5.94,55838.0,True,NASA_CDAWEB_OMNI_HRO_1MIN,False
2024-11-26 19:38:00,,,,,,,,,,,False,False,,,,,,,,,,False,3.97,-3.87,1.72,351.2,6.3,58479.0,True,NASA_CDAWEB_OMNI_HRO_1MIN,False
2024-11-26 19:39:00,,,,,,,,,,,False,False,,,,,,,,,,False,5.13,-2.38,0.71,351.2,6.3,58479.0,True,NASA_CDAWEB_OMNI_HRO_1MIN,False
2024-11-26 19:40:00,,,,,,,,,,,False,False,,,,,,,,,,False,4.66,-2.92,0.11,330.9,6.98,52472.0,True,NASA_CDAWEB_OMNI_HRO_1MIN,False
2024-11-26 19:41:00,,,,,,,,,,,False,False,,,,,,,,,,False,3.69,-4.03,1.22,331.5,6.96,52816.0,True,NASA_CDAWEB_OMNI_HRO_1MIN,False
2024-11-26 19:42:00,,,,,,,,,,,False,False,,,,,,,,,,False,3.46,-4.52,-0.78,351.1,6.32,63432.0,True,NASA_CDAWEB_OMNI_HRO_1MIN,False
2024-11-26 19:43:00,,,,,,,,,,,False,False,,,,,,,,,,False,3.86,-3.21,-3.16,347.4,6.72,62104.0,True,NASA_CDAWEB_OMNI_HRO_1MIN,False
2024-11-26 19:44:00,,,,,,,,,,,False,False,,,,,,,,,,False,4.67,-2.86,-0.62,340.3,6.6,49303.0,True,NASA_CDAWEB_OMNI_HRO_1MIN,False
2024-11-26 19:45:00,,,,,,,,,,,False,False,,,,,,,,,,False,5.0,-2.24,-0.35,340.4,5.81,34689.0,True,NASA_CDAWEB_OMNI_HRO_1MIN,False
2024-11-26 19:46:00,,,,,,,,,,,False,False,,,,,,,,,,False,4.6,-2.82,-0.09,336.9,5.73,40028.0,True,NASA_CDAWEB_OMNI_HRO_1MIN,False
2024-11-26 19:47:00,,,,,,,,,,,False,False,,,,,,,,,,False,4.64,-1.88,-2.07,346.1,6.3,55256.0,True,NASA_CDAWEB_OMNI_HRO_1MIN,False
2024-11-26 19:48:00,,,,,,,,,,,False,False,,,,,,,,,,False,5.05,-2.36,-0.58,338.4,6.14,47578.0,True,NASA_CDAWEB_OMNI_HRO_1MIN,False
2024-11-26 19:49:00,,,,,,,,,,,False,False,,,,,,,,,,False,5.52,-2.01,0.25,341.5,7.83,49182.0,True,NASA_CDAWEB_OMNI_HRO_1MIN,False
2024-11-26 19:50:00,,,,,,,,,,,False,False,,,,,,,,,,False,5.42,-2.14,0.52,342.1,7.95,49625.0,True,NASA_CDAWEB_OMNI_HRO_1MIN,False
2024-11-26 19:51:00,,,,,,,,,,,False,False,,,,,,,,,,False,5.13,-2.0,0.38,,,,False,NASA_CDAWEB_OMNI_HRO_1MIN,False
2024-11-26 19:52:00,,,,,,,,,,,False,False,,,,,,,,,,False,5.16,-1.95,0.83,336.9,6.47,44892.0,True,NASA_CDAWEB_OMNI_HRO_1MIN,False
2024-11-26 19:53:00,,,,,,,,,,,False,False,,,,,,,,,,False,4.18,-3.73,1.27,332.3,6.25,39645.0,True,NASA_CDAWEB_OMNI_HRO_1MIN,False
2024-11-26 19:54:00,,,,,,,,,,,False,False,,,,,,,,,,False,4.96,-1.55,0.7,348.3,6.32,50214.0,True,NASA_CDAWEB_OMNI_HRO_1MIN,False
2024-11-26 19:55:00,,,,,,,,,,,False,False,,,,,,,,,,False,4.32,-2.58,1.52,359.8,5.8,45376.0,True,NASA_CDAWEB_OMNI_HRO_1MIN,False
2024-11-26 19:56:00,,,,,,,,,,,False,False,,,,,,,,,,False,5.18,-1.49,1.39,350.0,6.27,45486.0,True,NASA_CDAWEB_OMNI_HRO_1MIN,False
2024-11-26 19:57:00,,,,,,,,,,,False,False,,,,,,,,,,False,3.96,-3.64,2.29,338.9,6.58,49768.0,True,NASA_CDAWEB_OMNI_HRO_1MIN,False
2024-11-26 19:58:00,,,,,,,,,,,False,False,,,,,,,,,,False,5.89,0.17,0.98,344.4,6.54,46647.0,True,NASA_CDAWEB_OMNI_HRO_1MIN,False
2024-11-26 19:59:00,,,,,,,,,,,False,False,,,,,,,,,,False,5.61,-0.63,1.6,329.0,6.7,49888.0,True,NASA_CDAWEB_OMNI_HRO_1MIN,False
2024-11-26 20:00:00,,,,,,,,,,,False,False,,,,,,,,,,False,6.08,-0.74,0.39,327.4,7.26,51731.0,True,NASA_CDAWEB_OMNI_HRO_1MIN,False
2024-11-26 20:01:00,,,,,,,,,,,False,False,,,,,,,,,,False,5.9,1.85,-0.4,325.7,7.31,69098.0,True,NASA_CDAWEB_OMNI_HRO_1MIN,False
2024-11-26 20:02:00,,,,,,,,,,,False,False,,,,,,,,,,False,3.37,-4.98,0.64,324.9,7.28,78713.0,True,NASA_CDAWEB_OMNI_HRO_1MIN,False
2024-11-26 20:03:00,,,,,,,,,,,False,False,,,,,,,,,,False,,,,,,,False,NASA_CDAWEB_OMNI_HRO_1MIN,False
2024-11-26 20:04:00,,,,,,,,,,,False,False,,,,,,,,,,False,4.17,-1.37,1.52,,,,False,NASA_CDAWEB_OMNI_HRO_1MIN,False
2024-11-26 20:05:00,,,,,,,,,,,False,False,,,,,,,,,,False,5.71,1.66,0.31,,,,False,NASA_CDAWEB_OMNI_HRO_1MIN,False
2024-11-26 20:06:00,,,,,,,,,,,False,False,,,,,,,,,,False,2.47,-5.02,2.37,,,,False,NASA_CDAWEB_OMNI_HRO_1MIN,False
2024-11-26 20:07:00,,,,,,,,,,,False,False,,,,,,,,,,False,6.07,0.65,-0.82,,,,False,NASA_CDAWEB_OMNI_HRO_1MIN,False
2024-11-26 20:08:00,,,,,,,,,,,False,False,,,,,,,,,,False,2.64,-4.83,-1.25,,,,False,NASA_CDAWEB_OMNI_HRO_1MIN,False
2024-11-26 20:09:00,,,,,,,,,,,False,False,,,,,,,,,,False,5.75,2.31,0.02,,,,False,NASA_CDAWEB_OMNI_HRO_1MIN,False
2024-11-26 20:10:00,,,,,,,,,,,False,False,,,,,,,,,,False,1.64,-5.69,0.66,351.0,5.87,42070.0,True,NASA_CDAWEB_OMNI_HRO_1MIN,False
2024-11-26 20:11:00,,,,,,,,,,,False,False,,,,,,,,,,False,3.36,-3.96,0.63,351.0,5.87,42070.0,True,NASA_CDAWEB_OMNI_HRO_1MIN,False
2024-11-26 20:12:00,,,,,,,,,,,False,False,,,,,,,,,,False,3.44,-4.84,-0.04,367.0,5.03,32935.0,True,NASA_CDAWEB_OMNI_HRO_1MIN,False
2024-11-26 20:13:00,,,,,,,,,,,False,False,,,,,,,,,,False,2.86,-4.7,0.34,353.8,5.67,49292.0,True,NASA_CDAWEB_OMNI_HRO_1MIN,False
2024-11-26 20:14:00,,,,,,,,,,,False,False,,,,,,,,,,False,2.84,-3.0,-0.44,339.8,6.34,59482.0,True,NASA_CDAWEB_OMNI_HRO_1MIN,False
2024-11-26 20:15:00,,,,,,,,,,,False,False,,,,,,,,,,False,2.77,-4.74,0.07,335.1,6.74,59595.0,True,NASA_CDAWEB_OMNI_HRO_1MIN,False
2024-11-26 20:16:00,,,,,,,,,,,False,False,,,,,,,,,,False,2.81,-5.39,0.25,364.9,5.55,32339.0,True,NASA_CDAWEB_OMNI_HRO_1MIN,False
2024-11-26 20:17:00,,,,,,,,,,,False,False,,,,,,,,,,False,3.67,-4.05,0.29,347.8,5.64,42903.0,True,NASA_CDAWEB_OMNI_HRO_1MIN,False
2024-11-26 20:18:00,,,,,,,,,,,False,False,,,,,,,,,,False,3.44,-4.67,-0.25,346.9,5.81,46302.0,True,NASA_CDAWEB_OMNI_HRO_1MIN,False
2024-11-26 20:19:00,,,,,,,,,,,False,False,,,,,,,,,,False,4.17,-3.66,0.53,349.8,6.29,48159.0,True,NASA_CDAWEB_OMNI_HRO_1MIN,False
2024-11-26 20:20:00,,,,,,,,,,,False,False,,,,,,,,,,False,3.68,-4.68,-0.43,352.4,6.74,38971.0,True,NASA_CDAWEB_OMNI_HRO_1MIN,False
2024-11-26 20:21:00,,,,,,,,,,,False,False,,,,,,,,,,False,3.52,-4.11,0.78,342.6,5.9,46382.0,True,NASA_CDAWEB_OMNI_HRO_1MIN,False
2024-11-26 20:22:00,,,,,,,,,,,False,False,,,,,,,,,,False,3.63,-3.44,0.27,334.2,5.92,46790.0,True,NASA_CDAWEB_OMNI_HRO_1MIN,False
2024-11-26 20:23:00,,,,,,,,,,,False,False,,,,,,,,,,False,2.7,-4.64,1.63,353.4,5.9,49625.0,True,NASA_CDAWEB_OMNI_HRO_1MIN,False
2024-11-26 20:24:00,,,,,,,,,,,False,False,,,,,,,,,,False,2.36,-4.72,1.93,353.9,6.14,51856.0,True,NASA_CDAWEB_OMNI_HRO_1MIN,False
2024-11-26 20:25:00,,,,,,,,,,,False,False,,,,,,,,,,False,2.76,-5.09,0.55,353.9,6.5,56744.0,True,NASA_CDAWEB_OMNI_HRO_1MIN,False
2024-11-26 20:26:00,,,,,,,,,,,False,False,,,,,,,,,,False,2.86,-5.51,-0.23,353.5,6.44,54610.0,True,NASA_CDAWEB_OMNI_HRO_1MIN,False
2024-11-26 20:27:00,,,,,,,,,,,False,False,,,,,,,,,,False,3.53,-5.02,-0.1,354.7,6.27,54175.0,True,NASA_CDAWEB_OMNI_HRO_1MIN,False
2024-11-26 20:28:00,,,,,,,,,,,False,False,,,,,,,,,,False,3.64,-5.04,-0.17,350.9,5.94,48170.0,True,NASA_CDAWEB_OMNI_HRO_1MIN,False
2024-11-26 20:29:00,,,,,,,,,,,False,False,,,,,,,,,,False,3.41,-5.18,-0.37,346.2,5.93,45857.0,True,NASA_CDAWEB_OMNI_HRO_1MIN,False
2024-11-26 20:30:00,,,,,,,,,,,False,False,,,,,,,,,,False,3.09,-5.39,-0.26,350.3,5.53,42835.0,True,NASA_CDAWEB_OMNI_HRO_1MIN,False
2024-11-26 20:31:00,,,,,,,,,,,False,False,,,,,,,,,,False,2.98,-5.45,-0.37,353.5,5.34,41688.0,True,NASA_CDAWEB_OMNI_HRO_1MIN,False
2024-11-26 20:32:00,,,,,,,,,,,False,False,,,,,,,,,,False,2.81,-5.51,-0.42,353.2,5.97,49930.0,True,NASA_CDAWEB_OMNI_HRO_1MIN,False
2024-11-26 20:33:00,,,,,,,,,,,False,False,,,,,,,,,,False,2.67,-5.55,-0.24,352.1,5.82,46661.0,True,NASA_CDAWEB_OMNI_HRO_1MIN,False
2024-11-26 20:34:00,,,,,,,,,,,False,False,,,,,,,,,,False,2.54,-5.62,-0.39,355.4,6.01,46055.0,True,NASA_CDAWEB_OMNI_HRO_1MIN,False
2024-11-26 20:35:00,,,,,,,,,,,False,False,,,,,,,,,,False,2.46,-5.72,-0.15,359.1,5.99,45123.0,True,NASA_CDAWEB_OMNI_HRO_1MIN,False
2024-11-26 20:36:00,,,,,,,,,,,False,False,,,,,,,,,,False,2.77,-5.56,-0.55,,,,False,NASA_CDAWEB_OMNI_HRO_1MIN,False
2024-11-26 20:37:00,,,,,,,,,,,False,False,,,,,,,,,,False,2.3,-5.71,-0.7,356.6,5.36,35452.0,True,NASA_CDAWEB_OMNI_HRO_1MIN,False
2024-11-26 20:38:00,,,,,,,,,,,False,False,,,,,,,,,,False,2.37,-5.69,-0.41,357.3,5.28,35873.0,True,NASA_CDAWEB_OMNI_HRO_1MIN,False
2024-11-26 20:39:00,,,,,,,,,,,False,False,,,,,,,,,,False,1.08,-6.04,-0.53,365.0,5.47,41915.0,True,NASA_CDAWEB_OMNI_HRO_1MIN,False
2024-11-26 20:40:00,,,,,,,,,,,False,False,,,,,,,,,,False,0.7,-6.03,-1.35,364.4,5.47,39650.0,True,NASA_CDAWEB_OMNI_HRO_1MIN,False
2024-11-26 20:41:00,,,,,,,,,,,False,False,,,,,,,,,,False,0.28,-6.15,-0.86,370.0,5.53,40965.0,True,NASA_CDAWEB_OMNI_HRO_1MIN,False
2024-11-26 20:42:00,,,,,,,,,,,False,False,,,,,,,,,,False,1.02,-6.05,-0.91,369.3,5.56,36938.0,True,NASA_CDAWEB_OMNI_HRO_1MIN,False
2024-11-26 20:43:00,,,,,,,,,,,False,False,,,,,,,,,,False,1.05,-5.87,-1.46,367.7,5.92,39402.0,True,NASA_CDAWEB_OMNI_HRO_1MIN,False
2024-11-26 20:44:00,,,,,,,,,,,False,False,,,,,,,,,,False,1.13,-5.92,-0.83,363.4,5.9,42754.0,True,NASA_CDAWEB_OMNI_HRO_1MIN,False
2024-11-26 20:45:00,,,,,,,,,,,False,False,,,,,,,,,,False,2.12,-5.67,-1.06,366.2,5.68,36994.0,True,NASA_CDAWEB_OMNI_HRO_1MIN,False
2024-11-26 20:46:00,,,,,,,,,,,False,False,,,,,,,,,,False,1.57,-5.74,-1.17,363.7,5.23,37247.0,True,NASA_CDAWEB_OMNI_HRO_1MIN,False
2024-11-26 20:47:00,,,,,,,,,,,False,False,,,,,,,,,,False,2.87,-3.61,-2.44,356.8,5.82,41717.0,True,NASA_CDAWEB_OMNI_HRO_1MIN,False
2024-11-26 20:48:00,,,,,,,,,,,False,False,,,,,,,,,,False,2.91,-4.2,-3.65,352.9,6.03,44072.0,True,NASA_CDAWEB_OMNI_HRO_1MIN,False
2024-11-26 20:49:00,,,,,,,,,,,False,False,,,,,,,,,,False,2.19,-5.25,-2.72,357.7,6.11,49764.0,True,NASA_CDAWEB_OMNI_HRO_1MIN,False
2024-11-26 20:50:00,,,,,,,,,,,False,False,,,,,,,,,,False,,,,357.7,6.11,49764.0,False,NASA_CDAWEB_OMNI_HRO_1MIN,False
2024-11-26 20:51:00,,,,,,,,,,,False,False,,,,,,,,,,False,2.43,-5.27,-2.4,,,,False,NASA_CDAWEB_OMNI_HRO_1MIN,False
2024-11-26 20:52:00,,,,,,,,,,,False,False,,,,,,,,,,False,,,,,,,False,NASA_CDAWEB_OMNI_HRO_1MIN,False
2024-11-26 20:53:00,,,,,,,,,,,False,False,,,,,,,,,,False,3.75,-4.67,-2.02,,,,False,NASA_CDAWEB_OMNI_HRO_1MIN,False
2024-11-26 20:54:00,,,,,,,,,,,False,False,,,,,,,,,,False,,,,,,,False,NASA_CDAWEB_OMNI_HRO_1MIN,False
2024-11-26 20:55:00,,,,,,,,,,,False,False,,,,,,,,,,False,3.6,-4.84,-2.02,,,,False,NASA_CDAWEB_OMNI_HRO_1MIN,False
2024-11-26 20:56:00,,,,,,,,,,,False,False,,,,,,,,,,False,,,,,,,False,NASA_CDAWEB_OMNI_HRO_1MIN,False
2024-11-26 20:57:00,,,,,,,,,,,False,False,,,,,,,,,,False,3.75,-4.79,-1.86,,,,False,NASA_CDAWEB_OMNI_HRO_1MIN,False
2024-11-26 20:58:00,,,,,,,,,,,False,False,,,,,,,,,,False,,,,,,,False,NASA_CDAWEB_OMNI_HRO_1MIN,False
2024-11-26 20:59:00,,,,,,,,,,,False,False,,,,,,,,,,False,4.59,-4.1,-0.97,,,,False,NASA_CDAWEB_OMNI_HRO_1MIN,False
2024-11-26 21:00:00,,,,,,,,,,,False,False,,,,,,,,,,False,4.91,-3.9,-0.46,,,,False,NASA_CDAWEB_OMNI_HRO_1MIN,False
2024-11-26 21:01:00,,,,,,,,,,,False,False,,,,,,,,,,False,4.91,-3.9,-0.46,336.8,6.02,54486.0,True,NASA_CDAWEB_OMNI_HRO_1MIN,False
2024-11-26 21:02:00,,,,,,,,,,,False,False,,,,,,,,,,False,5.06,-3.7,-0.66,336.8,6.02,54486.0,True,NASA_CDAWEB_OMNI_HRO_1MIN,False
2024-11-26 21:03:00,,,,,,,,,,,False,False,,,,,,,,,,False,5.55,-2.76,0.55,336.8,6.02,54486.0,True,NASA_CDAWEB_OMNI_HRO_1MIN,False
2024-11-26 21:04:00,,,,,,,,,,,False,False,,,,,,,,,,False,5.77,-2.34,1.0,,,,False,NASA_CDAWEB_OMNI_HRO_1MIN,False
2024-11-26 21:05:00,,,,,,,,,,,False,False,,,,,,,,,,False,5.3,-3.54,0.29,,,,False,NASA_CDAWEB_OMNI_HRO_1MIN,False
2024-11-26 21:06:00,,,,,,,,,,,False,False,,,,,,,,,,False,5.96,-1.91,1.28,,,,False,NASA_CDAWEB_OMNI_HRO_1MIN,False
2024-11-26 21:07:00,,,,,,,,,,,False,False,,,,,,,,,,False,5.96,-1.91,1.28,,,,False,NASA_CDAWEB_OMNI_HRO_1MIN,False
2024-11-26 21:08:00,,,,,,,,,,,False,False,,,,,,,,,,False,6.2,-1.47,1.19,,,,False,NASA_CDAWEB_OMNI_HRO_1MIN,False
2024-11-26 21:09:00,,,,,,,,,,,False,False,,,,,,,,,,False,6.23,-1.95,0.22,323.6,5.42,31038.0,True,NASA_CDAWEB_OMNI_HRO_1MIN,False
2024-11-26 21:10:00,,,,,,,,,,,False,False,,,,,,,,,,False,6.26,-1.56,0.42,323.6,5.42,31038.0,True,NASA_CDAWEB_OMNI_HRO_1MIN,False
2024-11-26 21:11:00,,,,,,,,,,,False,False,,,,,,,,,,False,6.47,-1.05,0.23,,,,False,NASA_CDAWEB_OMNI_HRO_1MIN,False
2024-11-26 21:12:00,,,,,,,,,,,False,False,,,,,,,,,,False,6.36,-1.1,0.02,,,,False,NASA_CDAWEB_OMNI_HRO_1MIN,False
2024-11-26 21:13:00,,,,,,,,,,,False,False,,,,,,,,,,False,6.44,-0.48,-0.01,,,,False,NASA_CDAWEB_OMNI_HRO_1MIN,False
2024-11-26 21:14:00,,,,,,,,,,,False,False,,,,,,,,,,False,6.5,-0.26,0.07,,,,False,NASA_CDAWEB_OMNI_HRO_1MIN,False
2024-11-26 21:15:00,,,,,,,,,,,False,False,,,,,,,,,,False,6.5,0.03,0.33,,,,False,NASA_CDAWEB_OMNI_HRO_1MIN,False
2024-11-26 21:16:00,,,,,,,,,,,False,False,,,,,,,,,,False,6.5,0.03,0.33,,,,False,NASA_CDAWEB_OMNI_HRO_1MIN,False
2024-11-26 21:17:00,,,,,,,,,,,False,False,,,,,,,,,,False,6.46,0.54,0.53,322.4,5.73,30956.0,True,NASA_CDAWEB_OMNI_HRO_1MIN,False
2024-11-26 21:18:00,,,,,,,,,,,False,False,,,,,,,,,,False,6.27,0.93,0.95,322.4,5.73,30956.0,True,NASA_CDAWEB_OMNI_HRO_1MIN,False
2024-11-26 21:19:00,,,,,,,,,,,False,False,,,,,,,,,,False,5.49,2.29,1.78,336.9,6.76,63746.0,True,NASA_CDAWEB_OMNI_HRO_1MIN,False
2024-11-26 21:20:00,,,,,,,,,,,False,False,,,,,,,,,,False,4.47,3.88,2.11,336.9,6.76,63746.0,True,NASA_CDAWEB_OMNI_HRO_1MIN,False
2024-11-26 21:21:00,,,,,,,,,,,False,False,,,,,,,,,,False,5.52,1.69,2.61,336.9,6.76,63746.0,True,NASA_CDAWEB_OMNI_HRO_1MIN,False
2024-11-26 21:22:00,,,,,,,,,,,False,False,,,,,,,,,,False,5.63,1.73,2.45,,,,False,NASA_CDAWEB_OMNI_HRO_1MIN,False
2024-11-26 21:23:00,,,,,,,,,,,False,False,,,,,,,,,,False,5.44,2.35,2.18,,,,False,NASA_CDAWEB_OMNI_HRO_1MIN,False
2024-11-26 21:24:00,,,,,,,,,,,False,False,,,,,,,,,,False,5.62,1.72,2.11,,,,False,NASA_CDAWEB_OMNI_HRO_1MIN,False
2024-11-26 21:25:00,,,,,,,,,,,False,False,,,,,,,,,,False,5.5,1.89,2.48,,,,False,NASA_CDAWEB_OMNI_HRO_1MIN,False
2024-11-26 21:26:00,,,,,,,,,,,False,False,,,,,,,,,,False,5.63,1.29,2.49,336.5,5.96,50670.0,True,NASA_CDAWEB_OMNI_HRO_1MIN,False
2024-11-26 21:27:00,,,,,,,,,,,False,False,,,,,,,,,,False,5.54,1.49,2.62,336.5,5.96,50670.0,True,NASA_CDAWEB_OMNI_HRO_1MIN,False
2024-11-26 21:28:00,,,,,,,,,,,False,False,,,,,,,,,,False,5.43,1.69,2.65,,,,False,NASA_CDAWEB_OMNI_HRO_1MIN,False
2024-11-26 21:29:00,,,,,,,,,,,False,False,,,,,,,,,,False,5.43,1.81,2.66,,,,False,NASA_CDAWEB_OMNI_HRO_1MIN,False
2024-11-26 21:30:00,,,,,,,,,,,False,False,,,,,,,,,,False,5.69,1.09,2.48,,,,False,NASA_CDAWEB_OMNI_HRO_1MIN,False
2024-11-26 21:31:00,,,,,,,,,,,False,False,,,,,,,,,,False,5.58,1.62,2.42,,,,False,NASA_CDAWEB_OMNI_HRO_1MIN,False
2024-11-26 21:32:00,,,,,,,,,,,False,False,,,,,,,,,,False,5.77,1.16,2.39,,,,False,NASA_CDAWEB_OMNI_HRO_1MIN,False
2024-11-26 21:33:00,,,,,,,,,,,False,False,,,,,,,,,,False,5.77,0.6,2.4,,,,False,NASA_CDAWEB_OMNI_HRO_1MIN,False
2024-11-26 21:34:00,,,,,,,,,,,False,False,,,,,,,,,,False,5.84,0.23,2.29,,,,False,NASA_CDAWEB_OMNI_HRO_1MIN,False
2024-11-26 21:35:00,,,,,,,,,,,False,False,,,,,,,,,,False,5.91,-0.12,2.09,,,,False,NASA_CDAWEB_OMNI_HRO_1MIN,False
2024-11-26 21:36:00,,,,,,,,,,,False,False,,,,,,,,,,False,5.95,-0.54,2.09,,,,False,NASA_CDAWEB_OMNI_HRO_1MIN,False
2024-11-26 21:37:00,,,,,,,,,,,False,False,,,,,,,,,,False,5.86,-0.77,2.23,327.4,6.3,65207.0,True,NASA_CDAWEB_OMNI_HRO_1MIN,False
2024-11-26 21:38:00,,,,,,,,,,,False,False,,,,,,,,,,False,,,,327.4,6.3,65207.0,False,NASA_CDAWEB_OMNI_HRO_1MIN,False
2024-11-26 21:39:00,,,,,,,,,,,False,False,,,,,,,,,,False,5.8,-0.75,2.17,,,,False,NASA_CDAWEB_OMNI_HRO_1MIN,False
2024-11-26 21:40:00,,,,,,,,,,,False,False,,,,,,,,,,False,,,,,,,False,NASA_CDAWEB_OMNI_HRO_1MIN,False
2024-11-26 21:41:00,,,,,,,,,,,False,False,,,,,,,,,,False,5.94,-0.92,1.63,,,,False,NASA_CDAWEB_OMNI_HRO_1MIN,False
2024-11-26 21:42:00,,,,,,,,,,,False,False,,,,,,,,,,False,5.99,-0.85,1.54,,,,False,NASA_CDAWEB_OMNI_HRO_1MIN,False
2024-11-26 21:43:00,,,,,,,,,,,False,False,,,,,,,,,,False,5.95,-1.15,1.6,,,,False,NASA_CDAWEB_OMNI_HRO_1MIN,False
2024-11-26 21:44:00,,,,,,,,,,,False,False,,,,,,,,,,False,,,,,,,False,NASA_CDAWEB_OMNI_HRO_1MIN,False
2024-11-26 21:45:00,,,,,,,,,,,False,False,,,,,,,,,,False,5.96,-1.33,1.35,,,,False,NASA_CDAWEB_OMNI_HRO_1MIN,False
2024-11-26 21:46:00,,,,,,,,,,,False,False,,,,,,,,,,False,5.03,0.72,2.05,331.9,6.33,72931.0,True,NASA_CDAWEB_OMNI_HRO_1MIN,False
2024-11-26 21:47:00,,,,,,,,,,,False,False,,,,,,,,,,False,4.95,-1.2,1.59,331.9,6.33,72931.0,True,NASA_CDAWEB_OMNI_HRO_1MIN,False
2024-11-26 21:48:00,,,,,,,,,,,False,False,,,,,,,,,,False,4.28,-2.03,0.78,340.0,5.97,54841.0,True,NASA_CDAWEB_OMNI_HRO_1MIN,False
2024-11-26 21:49:00,,,,,,,,,,,False,False,,,,,,,,,,False,4.36,-3.88,0.28,344.9,5.87,46919.0,True,NASA_CDAWEB_OMNI_HRO_1MIN,False
2024-11-26 21:50:00,,,,,,,,,,,False,False,,,,,,,,,,False,4.5,-3.3,0.3,343.3,6.13,58118.0,True,NASA_CDAWEB_OMNI_HRO_1MIN,False
2024-11-26 21:51:00,,,,,,,,,,,False,False,,,,,,,,,,False,5.8,-0.2,1.7,349.9,5.69,44958.0,True,NASA_CDAWEB_OMNI_HRO_1MIN,False
2024-11-26 21:52:00,,,,,,,,,,,False,False,,,,,,,,,,False,5.78,-0.33,1.64,,,,False,NASA_CDAWEB_OMNI_HRO_1MIN,False
2024-11-26 21:53:00,,,,,,,,,,,False,False,,,,,,,,,,False,5.81,1.14,2.05,,,,False,NASA_CDAWEB_OMNI_HRO_1MIN,False
2024-11-26 21:54:00,,,,,,,,,,,False,False,,,,,,,,,,False,5.78,0.34,2.07,,,,False,NASA_CDAWEB_OMNI_HRO_1MIN,False
2024-11-26 21:55:00,,,,,,,,,,,False,False,,,,,,,,,,False,5.89,-1.31,1.43,,,,False,NASA_CDAWEB_OMNI_HRO_1MIN,False
2024-11-26 21:56:00,,,,,,,,,,,False,False,,,,,,,,,,False,5.61,-1.9,1.7,,,,False,NASA_CDAWEB_OMNI_HRO_1MIN,False
2024-11-26 21:57:00,,,,,,,,,,,False,False,,,,,,,,,,False,5.48,-2.18,1.62,332.7,6.18,57169.0,True,NASA_CDAWEB_OMNI_HRO_1MIN,False
2024-11-26 21:58:00,,,,,,,,,,,False,False,,,,,,,,,,False,5.71,-1.42,1.89,332.7,6.18,57169.0,True,NASA_CDAWEB_OMNI_HRO_1MIN,False
2024-11-26 21:59:00,,,,,,,,,,,False,False,,,,,,,,,,False,5.69,-1.63,1.82,332.7,6.18,57169.0,True,NASA_CDAWEB_OMNI_HRO_1MIN,False
2024-11-26 22:00:00,,,,,,,,,,,False,False,,,,,,,,,,False,5.53,-2.13,1.53,,,,False,NASA_CDAWEB_OMNI_HRO_1MIN,False
2024-11-26 22:01:00,,,,,,,,,,,False,False,,,,,,,,,,False,5.18,-3.07,1.26,,,,False,NASA_CDAWEB_OMNI_HRO_1MIN,False
2024-11-26 22:02:00,,,,,,,,,,,False,False,,,,,,,,,,False,5.73,-0.34,2.3,,,,False,NASA_CDAWEB_OMNI_HRO_1MIN,False
2024-11-26 22:03:00,,,,,,,,,,,False,False,,,,,,,,,,False,5.95,-0.94,1.75,,,,False,NASA_CDAWEB_OMNI_HRO_1MIN,False
2024-11-26 22:04:00,,,,,,,,,,,False,False,,,,,,,,,,False,6.09,-0.78,1.23,,,,False,NASA_CDAWEB_OMNI_HRO_1MIN,False
2024-11-26 22:05:00,,,,,,,,,,,False,False,,,,,,,,,,False,6.12,-0.19,1.55,,,,False,NASA_CDAWEB_OMNI_HRO_1MIN,False
2024-11-26 22:06:00,,,,,,,,,,,False,False,,,,,,,,,,False,5.98,-0.3,1.97,,,,False,NASA_CDAWEB_OMNI_HRO_1MIN,False
2024-11-26 22:07:00,,,,,,,,,,,False,False,,,,,,,,,,False,6.09,0.19,1.72,,,,False,NASA_CDAWEB_OMNI_HRO_1MIN,False
2024-11-26 22:08:00,,,,,,,,,,,False,False,,,,,,,,,,False,6.09,0.01,1.77,,,,False,NASA_CDAWEB_OMNI_HRO_1MIN,False
2024-11-26 22:09:00,,,,,,,,,,,False,False,,,,,,,,,,False,6.16,-0.22,1.57,,,,False,NASA_CDAWEB_OMNI_HRO_1MIN,False
2024-11-26 22:10:00,,,,,,,,,,,False,False,,,,,,,,,,False,6.0,-1.3,1.52,,,,False,NASA_CDAWEB_OMNI_HRO_1MIN,False
2024-11-26 22:11:00,,,,,,,,,,,False,False,,,,,,,,,,False,4.62,-2.77,-0.22,328.0,5.56,63992.0,True,NASA_CDAWEB_OMNI_HRO_1MIN,False
2024-11-26 22:12:00,,,,,,,,,,,False,False,,,,,,,,,,False,6.18,-0.89,0.98,326.8,5.48,56829.0,True,NASA_CDAWEB_OMNI_HRO_1MIN,False
2024-11-26 22:13:00,,,,,,,,,,,False,False,,,,,,,,,,False,3.01,-3.34,-1.24,339.9,5.41,35919.0,True,NASA_CDAWEB_OMNI_HRO_1MIN,False
2024-11-26 22:14:00,,,,,,,,,,,False,False,,,,,,,,,,False,3.07,-4.77,-1.31,340.1,5.51,49992.0,True,NASA_CDAWEB_OMNI_HRO_1MIN,False
2024-11-26 22:15:00,,,,,,,,,,,False,False,,,,,,,,,,False,3.83,-4.3,-0.73,336.2,5.44,54595.0,True,NASA_CDAWEB_OMNI_HRO_1MIN,False
2024-11-26 22:16:00,,,,,,,,,,,False,False,,,,,,,,,,False,0.74,-6.14,-2.69,,,,False,NASA_CDAWEB_OMNI_HRO_1MIN,False
2024-11-26 22:17:00,,,,,,,,,,,False,False,,,,,,,,,,False,1.38,-5.67,-2.37,368.7,5.36,32283.0,True,NASA_CDAWEB_OMNI_HRO_1MIN,False
2024-11-26 22:18:00,,,,,,,,,,,False,False,,,,,,,,,,False,4.17,-4.14,-0.28,368.7,5.36,32283.0,True,NASA_CDAWEB_OMNI_HRO_1MIN,False
2024-11-26 22:19:00,,,,,,,,,,,False,False,,,,,,,,,,False,3.91,-3.91,-1.39,,,,False,NASA_CDAWEB_OMNI_HRO_1MIN,False
2024-11-26 22:20:00,,,,,,,,,,,False,False,,,,,,,,,,False,2.18,-5.47,-2.3,,,,False,NASA_CDAWEB_OMNI_HRO_1MIN,False
2024-11-26 22:21:00,,,,,,,,,,,False,False,,,,,,,,,,False,2.5,-4.88,-2.05,,,,False,NASA_CDAWEB_OMNI_HRO_1MIN,False
2024-11-26 22:22:00,,,,,,,,,,,False,False,,,,,,,,,,False,2.96,-4.88,-2.0,361.0,4.64,30194.0,True,NASA_CDAWEB_OMNI_HRO_1MIN,False
2024-11-26 22:23:00,,,,,,,,,,,False,False,,,,,,,,,,False,2.67,-5.42,-1.7,361.0,4.64,30194.0,True,NASA_CDAWEB_OMNI_HRO_1MIN,False
2024-11-26 22:24:00,,,,,,,,,,,False,False,,,,,,,,,,False,4.01,-3.89,-1.21,,,,False,NASA_CDAWEB_OMNI_HRO_1MIN,False
2024-11-26 22:25:00,,,,,,,,,,,False,False,,,,,,,,,,False,2.44,-5.21,-1.44,374.1,5.3,31712.0,True,NASA_CDAWEB_OMNI_HRO_1MIN,False
2024-11-26 22:26:00,,,,,,,,,,,False,False,,,,,,,,,,False,3.46,-4.05,-1.7,358.4,5.39,41448.0,True,NASA_CDAWEB_OMNI_HRO_1MIN,False
2024-11-26 22:27:00,,,,,,,,,,,False,False,,,,,,,,,,False,3.18,-4.19,-0.95,327.5,5.64,66120.0,True,NASA_CDAWEB_OMNI_HRO_1MIN,False
2024-11-26 22:28:00,,,,,,,,,,,False,False,,,,,,,,,,False,2.56,-4.65,-2.31,377.8,5.05,30574.0,True,NASA_CDAWEB_OMNI_HRO_1MIN,False
2024-11-26 22:29:00,,,,,,,,,,,False,False,,,,,,,,,,False,0.4,-5.28,-3.76,377.4,5.04,30622.0,True,NASA_CDAWEB_OMNI_HRO_1MIN,False
2024-11-26 22:30:00,,,,,,,,,,,False,False,,,,,,,,,,False,1.46,-5.44,-2.31,371.6,5.62,39940.0,True,NASA_CDAWEB_OMNI_HRO_1MIN,False
2024-11-26 22:31:00,,,,,,,,,,,False,False,,,,,,,,,,False,2.21,-4.84,-1.5,365.0,5.69,47400.0,True,NASA_CDAWEB_OMNI_HRO_1MIN,False
2024-11-26 22:32:00,,,,,,,,,,,False,False,,,,,,,,,,False,4.58,-3.33,0.25,339.6,6.3,65064.0,True,NASA_CDAWEB_OMNI_HRO_1MIN,False
2024-11-26 22:33:00,,,,,,,,,,,False,False,,,,,,,,,,False,5.12,-3.58,0.37,332.8,6.88,74040.0,True,NASA_CDAWEB_OMNI_HRO_1MIN,False
2024-11-26 22:34:00,,,,,,,,,,,False,False,,,,,,,,,,False,3.53,-4.69,-0.39,334.5,6.8,70536.0,True,NASA_CDAWEB_OMNI_HRO_1MIN,False
2024-11-26 22:35:00,,,,,,,,,,,False,False,,,,,,,,,,False,5.23,-3.03,0.49,334.0,6.32,56190.0,True,NASA_CDAWEB_OMNI_HRO_1MIN,False
2024-11-26 22:36:00,,,,,,,,,,,False,False,,,,,,,,,,False,5.48,-2.65,2.17,325.8,5.61,33610.0,True,NASA_CDAWEB_OMNI_HRO_1MIN,False
2024-11-26 22:37:00,,,,,,,,,,,False,False,,,,,,,,,,False,5.03,-3.53,0.72,327.9,6.19,54667.0,True,NASA_CDAWEB_OMNI_HRO_1MIN,False
2024-11-26 22:38:00,,,,,,,,,,,False,False,,,,,,,,,,False,4.02,-3.73,2.15,327.9,6.19,54668.0,True,NASA_CDAWEB_OMNI_HRO_1MIN,False
2024-11-26 22:39:00,,,,,,,,,,,False,False,,,,,,,,,,False,,,,327.9,6.19,54668.0,False,NASA_CDAWEB_OMNI_HRO_1MIN,False
2024-11-26 22:40:00,,,,,,,,,,,False,False,,,,,,,,,,False,3.21,-5.68,-1.36,,,,False,NASA_CDAWEB_OMNI_HRO_1MIN,False
2024-11-26 22:41:00,,,,,,,,,,,False,False,,,,,,,,,,False,,,,,,,False,NASA_CDAWEB_OMNI_HRO_1MIN,False
2024-11-26 22:42:00,,,,,,,,,,,False,False,,,,,,,,,,False,3.68,-4.25,1.05,355.8,6.5,54959.0,True,NASA_CDAWEB_OMNI_HRO_1MIN,False
2024-11-26 22:43:00,,,,,,,,,,,False,False,,,,,,,,,,False,2.44,-5.87,-2.09,355.8,6.5,54959.0,True,NASA_CDAWEB_OMNI_HRO_1MIN,False
2024-11-26 22:44:00,,,,,,,,,,,False,False,,,,,,,,,,False,3.81,-3.18,2.68,,,,False,NASA_CDAWEB_OMNI_HRO_1MIN,False
2024-11-26 22:45:00,,,,,,,,,,,False,False,,,,,,,,,,False,,,,,,,False,NASA_CDAWEB_OMNI_HRO_1MIN,False
2024-11-26 22:46:00,,,,,,,,,,,False,False,,,,,,,,,,False,,,,,,,False,NASA_CDAWEB_OMNI_HRO_1MIN,False
2024-11-26 22:47:00,,,,,,,,,,,False,False,,,,,,,,,,False,4.53,-2.91,4.33,338.5,5.95,40240.0,True,NASA_CDAWEB_OMNI_HRO_1MIN,False
2024-11-26 22:48:00,,,,,,,,,,,False,False,,,,,,,,,,False,,,,338.5,5.95,40240.0,False,NASA_CDAWEB_OMNI_HRO_1MIN,False
2024-11-26 22:49:00,,,,,,,,,,,False,False,,,,,,,,,,False,2.47,-5.97,-1.71,338.5,5.95,40240.0,True,NASA_CDAWEB_OMNI_HRO_1MIN,False
2024-11-26 22:50:00,,,,,,,,,,,False,False,,,,,,,,,,False,3.15,-4.12,1.46,345.1,5.33,35110.0,True,NASA_CDAWEB_OMNI_HRO_1MIN,False
2024-11-26 22:51:00,,,,,,,,,,,False,False,,,,,,,,,,False,2.21,-5.98,-1.98,345.1,5.33,35112.0,True,NASA_CDAWEB_OMNI_HRO_1MIN,False
2024-11-26 22:52:00,,,,,,,,,,,False,False,,,,,,,,,,False,2.14,-5.57,-1.84,360.9,5.52,40084.0,True,NASA_CDAWEB_OMNI_HRO_1MIN,False
2024-11-26 22:53:00,,,,,,,,,,,False,False,,,,,,,,,,False,0.6,-5.41,-3.63,367.1,6.33,50498.0,True,NASA_CDAWEB_OMNI_HRO_1MIN,False
2024-11-26 22:54:00,,,,,,,,,,,False,False,,,,,,,,,,False,0.91,-5.65,-3.33,369.2,6.62,54124.0,True,NASA_CDAWEB_OMNI_HRO_1MIN,False
2024-11-26 22:55:00,,,,,,,,,,,False,False,,,,,,,,,,False,3.26,-4.47,0.3,,,,False,NASA_CDAWEB_OMNI_HRO_1MIN,False
2024-11-26 22:56:00,,,,,,,,,,,False,False,,,,,,,,,,False,3.49,-5.48,-1.75,352.5,5.5,35548.0,True,NASA_CDAWEB_OMNI_HRO_1MIN,False
2024-11-26 22:57:00,,,,,,,,,,,False,False,,,,,,,,,,False,3.66,-4.55,1.16,352.5,5.5,35548.0,True,NASA_CDAWEB_OMNI_HRO_1MIN,False
2024-11-26 22:58:00,,,,,,,,,,,False,False,,,,,,,,,,False,4.05,-4.92,-1.69,352.5,5.5,35548.0,True,NASA_CDAWEB_OMNI_HRO_1MIN,False
2024-11-26 22:59:00,,,,,,,,,,,False,False,,,,,,,,,,False,4.7,-4.53,-1.41,,,,False,NASA_CDAWEB_OMNI_HRO_1MIN,False
2024-11-26 23:00:00,,,,,,,,,,,False,False,,,,,,,,,,False,3.82,-3.93,1.21,350.3,7.01,64021.0,True,NASA_CDAWEB_OMNI_HRO_1MIN,False
2024-11-26 23:01:00,,,,,,,,,,,False,False,,,,,,,,,,False,3.05,-5.64,-1.39,350.3,7.01,64021.0,True,NASA_CDAWEB_OMNI_HRO_1MIN,False
2024-11-26 23:02:00,,,,,,,,,,,False,False,,,,,,,,,,False,2.92,-5.02,1.05,350.3,7.01,64021.0,True,NASA_CDAWEB_OMNI_HRO_1MIN,False
2024-11-26 23:03:00,,,,,,,,,,,False,False,,,,,,,,,,False,2.0,-6.18,-1.72,,,,False,NASA_CDAWEB_OMNI_HRO_1MIN,False
2024-11-26 23:04:00,,,,,,,,,,,False,False,,,,,,,,,,False,1.58,-6.48,-1.43,,,,False,NASA_CDAWEB_OMNI_HRO_1MIN,False
2024-11-26 23:05:00,,,,,,,,,,,False,False,,,,,,,,,,False,3.91,-4.02,1.37,,,,False,NASA_CDAWEB_OMNI_HRO_1MIN,False
2024-11-26 23:06:00,,,,,,,,,,,False,False,,,,,,,,,,False,4.19,-5.13,-0.69,348.9,5.53,42198.0,True,NASA_CDAWEB_OMNI_HRO_1MIN,False
2024-11-26 23:07:00,,,,,,,,,,,False,False,,,,,,,,,,False,4.12,-3.3,4.42,348.9,5.53,42198.0,True,NASA_CDAWEB_OMNI_HRO_1MIN,False
2024-11-26 23:08:00,,,,,,,,,,,False,False,,,,,,,,,,False,4.18,-5.08,-0.72,,,,False,NASA_CDAWEB_OMNI_HRO_1MIN,False
2024-11-26 23:09:00,,,,,,,,,,,False,False,,,,,,,,,,False,4.1,-1.2,5.13,,,,False,NASA_CDAWEB_OMNI_HRO_1MIN,False
2024-11-26 23:10:00,,,,,,,,,,,False,False,,,,,,,,,,False,4.46,-3.88,0.88,,,,False,NASA_CDAWEB_OMNI_HRO_1MIN,False
2024-11-26 23:11:00,,,,,,,,,,,False,False,,,,,,,,,,False,5.16,-3.08,2.2,326.3,4.8,32116.0,True,NASA_CDAWEB_OMNI_HRO_1MIN,False
2024-11-26 23:12:00,,,,,,,,,,,False,False,,,,,,,,,,False,6.04,-2.45,0.88,326.3,4.8,32116.0,True,NASA_CDAWEB_OMNI_HRO_1MIN,False
2024-11-26 23:13:00,,,,,,,,,,,False,False,,,,,,,,,,False,6.13,-2.26,0.72,326.3,4.8,32116.0,True,NASA_CDAWEB_OMNI_HRO_1MIN,False
2024-11-26 23:14:00,,,,,,,,,,,False,False,,,,,,,,,,False,5.55,-2.07,1.97,,,,False,NASA_CDAWEB_OMNI_HRO_1MIN,False
2024-11-26 23:15:00,,,,,,,,,,,False,False,,,,,,,,,,False,6.18,-2.31,0.59,,,,False,NASA_CDAWEB_OMNI_HRO_1MIN,False
2024-11-26 23:16:00,,,,,,,,,,,False,False,,,,,,,,,,False,4.84,-2.95,2.79,,,,False,NASA_CDAWEB_OMNI_HRO_1MIN,False
2024-11-26 23:17:00,,,,,,,,,,,False,False,,,,,,,,,,False,6.21,-2.28,0.5,,,,False,NASA_CDAWEB_OMNI_HRO_1MIN,False
2024-11-26 23:18:00,,,,,,,,,,,False,False,,,,,,,,,,False,5.27,-2.05,2.53,326.8,5.35,33553.0,True,NASA_CDAWEB_OMNI_HRO_1MIN,False
2024-11-26 23:19:00,,,,,,,,,,,False,False,,,,,,,,,,False,2.0,-6.48,0.71,326.8,5.35,33553.0,True,NASA_CDAWEB_OMNI_HRO_1MIN,False
2024-11-26 23:20:00,,,,,,,,,,,False,False,,,,,,,,,,False,2.19,-6.07,1.76,356.7,6.39,49487.0,True,NASA_CDAWEB_OMNI_HRO_1MIN,False
2024-11-26 23:21:00,,,,,,,,,,,False,False,,,,,,,,,,False,3.19,-5.55,1.31,356.8,6.14,44901.0,True,NASA_CDAWEB_OMNI_HRO_1MIN,False
2024-11-26 23:22:00,,,,,,,,,,,False,False,,,,,,,,,,False,4.75,-3.2,2.34,351.2,5.68,37090.0,True,NASA_CDAWEB_OMNI_HRO_1MIN,False
2024-11-26 23:23:00,,,,,,,,,,,False,False,,,,,,,,,,False,4.22,-4.39,1.85,336.9,5.49,34609.0,True,NASA_CDAWEB_OMNI_HRO_1MIN,False
2024-11-26 23:24:00,,,,,,,,,,,False,False,,,,,,,,,,False,4.18,-3.71,1.69,,,,False,NASA_CDAWEB_OMNI_HRO_1MIN,False
2024-11-26 23:25:00,,,,,,,,,,,False,False,,,,,,,,,,False,4.93,-4.07,1.33,347.5,6.4,44032.0,True,NASA_CDAWEB_OMNI_HRO_1MIN,False
2024-11-26 23:26:00,,,,,,,,,,,False,False,,,,,,,,,,False,4.86,-3.46,1.81,339.9,5.83,38078.0,True,NASA_CDAWEB_OMNI_HRO_1MIN,False
2024-11-26 23:27:00,,,,,,,,,,,False,False,,,,,,,,,,False,5.53,-3.51,0.83,335.1,5.48,34330.0,True,NASA_CDAWEB_OMNI_HRO_1MIN,False
2024-11-26 23:28:00,,,,,,,,,,,False,False,,,,,,,,,,False,4.71,-3.75,1.32,337.9,5.93,41298.0,True,NASA_CDAWEB_OMNI_HRO_1MIN,False
2024-11-26 23:29:00,,,,,,,,,,,False,False,,,,,,,,,,False,5.56,-3.28,0.75,324.3,5.35,39017.0,True,NASA_CDAWEB_OMNI_HRO_1MIN,False
2024-11-26 23:30:00,,,,,,,,,,,False,False,,,,,,,,,,False,5.73,-1.04,2.17,320.5,5.18,38389.0,True,NASA_CDAWEB_OMNI_HRO_1MIN,False
2024-11-26 23:31:00,,,,,,,,,,,False,False,,,,,,,,,,False,5.52,-1.97,2.32,,,,False,NASA_CDAWEB_OMNI_HRO_1MIN,False
2024-11-26 23:32:00,,,,,,,,,,,False,False,,,,,,,,,,False,4.82,-2.15,2.45,321.1,4.86,29415.0,True,NASA_CDAWEB_OMNI_HRO_1MIN,False
2024-11-26 23:33:00,,,,,,,,,,,False,False,,,,,,,,,,False,6.67,0.06,0.98,321.1,4.86,29437.0,True,NASA_CDAWEB_OMNI_HRO_1MIN,False
2024-11-26 23:34:00,,,,,,,,,,,False,False,,,,,,,,,,False,5.21,-2.61,3.13,338.7,6.64,53425.0,True,NASA_CDAWEB_OMNI_HRO_1MIN,False
2024-11-26 23:35:00,,,,,,,,,,,False,False,,,,,,,,,,False,5.44,-1.98,2.66,338.7,6.64,53438.0,True,NASA_CDAWEB_OMNI_HRO_1MIN,False
2024-11-26 23:36:00,,,,,,,,,,,False,False,,,,,,,,,,False,4.89,-2.09,2.61,326.1,5.89,67937.0,True,NASA_CDAWEB_OMNI_HRO_1MIN,False
2024-11-26 23:37:00,,,,,,,,,,,False,False,,,,,,,,,,False,5.52,-1.09,3.29,326.1,5.89,67937.0,True,NASA_CDAWEB_OMNI_HRO_1MIN,False
2024-11-26 23:38:00,,,,,,,,,,,False,False,,,,,,,,,,False,5.81,-1.22,2.12,326.1,5.89,67937.0,True,NASA_CDAWEB_OMNI_HRO_1MIN,False
2024-11-26 23:39:00,,,,,,,,,,,False,False,,,,,,,,,,False,5.04,-2.5,1.54,,,,False,NASA_CDAWEB_OMNI_HRO_1MIN,False
2024-11-26 23:40:00,,,,,,,,,,,False,False,,,,,,,,,,False,6.49,-1.31,0.28,320.2,4.87,30272.0,True,NASA_CDAWEB_OMNI_HRO_1MIN,False
2024-11-26 23:41:00,,,,,,,,,,,False,False,,,,,,,,,,False,6.28,-1.25,0.8,320.2,4.86,30262.0,True,NASA_CDAWEB_OMNI_HRO_1MIN,False
2024-11-26 23:42:00,,,,,,,,,,,False,False,,,,,,,,,,False,5.64,-2.47,1.0,332.7,5.95,42956.0,True,NASA_CDAWEB_OMNI_HRO_1MIN,False
2024-11-26 23:43:00,,,,,,,,,,,False,False,,,,,,,,,,False,6.15,-1.86,0.72,328.6,5.52,38799.0,True,NASA_CDAWEB_OMNI_HRO_1MIN,False
2024-11-26 23:44:00,,,,,,,,,,,False,False,,,,,,,,,,False,6.29,-1.73,0.33,322.1,4.91,31777.0,True,NASA_CDAWEB_OMNI_HRO_1MIN,False
2024-11-26 23:45:00,,,,,,,,,,,False,False,,,,,,,,,,False,6.03,-2.17,0.61,320.3,5.22,27147.0,True,NASA_CDAWEB_OMNI_HRO_1MIN,False
2024-11-26 23:46:00,,,,,,,,,,,False,False,,,,,,,,,,False,5.83,-2.34,0.69,324.1,5.25,27246.0,True,NASA_CDAWEB_OMNI_HRO_1MIN,False
2024-11-26 23:47:00,,,,,,,,,,,False,False,,,,,,,,,,False,5.67,-2.82,1.09,340.4,5.44,34518.0,True,NASA_CDAWEB_OMNI_HRO_1MIN,False
2024-11-26 23:48:00,,,,,,,,,,,False,False,,,,,,,,,,False,6.7,-0.94,0.55,323.1,5.01,28885.0,True,NASA_CDAWEB_OMNI_HRO_1MIN,False
2024-11-26 23:49:00,,,,,,,,,,,False,False,,,,,,,,,,False,6.24,-1.88,-0.85,320.3,4.99,27302.0,True,NASA_CDAWEB_OMNI_HRO_1MIN,False
2024-11-26 23:50:00,,,,,,,,,,,False,False,,,,,,,,,,False,4.41,-2.98,1.64,,,,False,NASA_CDAWEB_OMNI_HRO_1MIN,False
2024-11-26 23:51:00,,,,,,,,,,,False,False,,,,,,,,,,False,6.19,-2.0,-1.56,323.1,4.69,31423.0,True,NASA_CDAWEB_OMNI_HRO_1MIN,False
2024-11-26 23:52:00,,,,,,,,,,,False,False,,,,,,,,,,False,6.37,-1.75,-0.81,323.1,4.69,31423.0,True,NASA_CDAWEB_OMNI_HRO_1MIN,False
2024-11-26 23:53:00,,,,,,,,,,,False,False,,,,,,,,,,False,6.14,-2.3,-1.44,323.1,4.69,31423.0,True,NASA_CDAWEB_OMNI_HRO_1MIN,False
2024-11-26 23:54:00,,,,,,,,,,,False,False,,,,,,,,,,False,5.64,-2.35,-0.68,325.4,5.19,35168.0,True,NASA_CDAWEB_OMNI_HRO_1MIN,False
2024-11-26 23:55:00,,,,,,,,,,,False,False,,,,,,,,,,False,6.47,-1.63,-0.48,325.4,5.19,35168.0,True,NASA_CDAWEB_OMNI_HRO_1MIN,False
2024-11-26 23:56:00,,,,,,,,,,,False,False,,,,,,,,,,False,6.46,-1.5,-1.18,322.0,5.24,28541.0,True,NASA_CDAWEB_OMNI_HRO_1MIN,False
2024-11-26 23:57:00,,,,,,,,,,,False,False,,,,,,,,,,False,6.58,-1.37,-0.73,322.2,5.19,29066.0,True,NASA_CDAWEB_OMNI_HRO_1MIN,False
2024-11-26 23:58:00,,,,,,,,,,,False,False,,,,,,,,,,False,5.83,-1.89,0.43,323.0,4.97,31634.0,True,NASA_CDAWEB_OMNI_HRO_1MIN,False
2024-11-26 23:59:00,,,,,,,,,,,False,False,,,,,,,,,,False,6.65,-1.46,0.53,322.0,4.99,31521.0,True,NASA_CDAWEB_OMNI_HRO_1MIN,False
